VendorID,lpep_pickup_datetime,lpep_dropoff_datetime,store_and_fwd_flag,RatecodeID,PULocationID,DOLocationID,passenger_count,trip_distance,fare_amount,extra,mta_tax,tip_amount,tolls_amount,ehail_fee,improvement_surcharge,total_amount,payment_type,trip_type,congestion_surcharge,cbd_congestion_fee,source_month,source_file
2,2025-07-26 23:30:12,2025-07-27 00:03:02,N,1.0,97,93,1.0,6.44,31.0,1.0,0.5,10.05,0.0,,1.0,43.55,1.0,1.0,0.0,0.0,7,green_tripdata_2025-07.parquet
2,2025-07-01 06:56:54,2025-07-01 07:10:48,N,1.0,74,75,1.0,1.82,14.9,0.0,0.5,3.28,0.0,,1.0,19.68,1.0,1.0,0.0,0.0,7,green_tripdata_2025-07.parquet
2,2025-07-18 18:41:16,2025-07-18 18:52:02,N,1.0,75,74,1.0,1.35,11.4,2.5,0.5,0.08,0.0,,1.0,15.48,1.0,1.0,0.0,0.0,7,green_tripdata_2025-07.parquet
1,2025-07-26 20:51:08,2025-07-26 21:00:39,N,1.0,41,141,1.0,2.9,14.2,3.75,1.5,3.85,0.0,,1.0,23.3,1.0,1.0,2.75,0.0,7,green_tripdata_2025-07.parquet
2,2025-07-09 11:33:39,2025-07-09 11:41:50,N,1.0,75,74,1.0,1.46,10.0,0.0,0.5,0.0,0.0,,1.0,11.5,2.0,1.0,0.0,0.0,7,green_tripdata_2025-07.parquet
1,2025-07-12 17:04:32,2025-07-12 17:08:39,N,1.0,236,43,1.0,0.8,6.5,0.0,1.5,0.0,0.0,,1.0,8.0,2.0,1.0,0.0,0.0,7,green_tripdata_2025-07.parquet
2,2025-07-04 17:01:56,2025-07-04 17:24:04,N,1.0,95,258,1.0,3.57,22.6,0.0,0.5,0.0,0.0,,1.0,24.1,2.0,1.0,0.0,0.0,7,green_tripdata_2025-07.parquet
2,2025-07-23 15:18:32,2025-07-23 15:23:01,N,1.0,166,152,1.0,0.67,6.5,0.0,0.5,0.0,0.0,,1.0,8.0,2.0,1.0,0.0,0.0,7,green_tripdata_2025-07.parquet
2,2025-07-23 12:47:07,2025-07-23 12:57:20,N,1.0,74,140,1.0,3.14,14.9,0.0,0.5,3.83,0.0,,1.0,22.98,1.0,1.0,2.75,0.0,7,green_tripdata_2025-07.parquet
2,2025-07-12 12:10:23,2025-07-12 12:19:44,N,1.0,97,61,1.0,2.01,12.1,0.0,0.5,2.72,0.0,,1.0,16.32,1.0,1.0,0.0,0.0,7,green_tripdata_2025-07.parquet
6,2025-07-19 14:14:23,2025-07-19 14:41:55,,,137,129,,6.06,5.8,0.0,0.5,0.0,0.0,,0.3,18.85,,,,0.0,7,green_tripdata_2025-07.parquet
2,2025-07-26 22:56:19,2025-07-26 23:12:22,N,1.0,260,179,1.0,2.46,17.0,1.0,0.5,3.9,0.0,,1.0,23.4,1.0,1.0,0.0,0.0,7,green_tripdata_2025-07.parquet
2,2025-07-04 15:50:44,2025-07-04 16:09:04,N,1.0,41,50,1.0,4.88,24.0,0.0,0.5,2.5,0.0,,0.3,30.8,1.0,1.0,2.75,0.75,7,green_tripdata_2025-07.parquet
2,2025-07-10 22:31:44,2025-07-10 22:36:04,N,1.0,75,74,1.0,0.89,6.5,1.0,0.5,0.0,0.0,,1.0,9.0,1.0,1.0,0.0,0.0,7,green_tripdata_2025-07.parquet
2,2025-07-14 14:12:34,2025-07-14 14:19:28,N,1.0,75,238,1.0,1.15,9.3,0.0,0.5,2.16,0.0,,1.0,12.96,1.0,1.0,0.0,0.0,7,green_tripdata_2025-07.parquet
2,2025-07-17 17:07:05,2025-07-17 17:23:32,N,1.0,75,239,1.0,2.19,16.3,2.5,0.5,1.61,0.0,,1.0,24.66,1.0,1.0,2.75,0.0,7,green_tripdata_2025-07.parquet
6,2025-07-07 06:09:04,2025-07-07 06:27:04,,,212,170,,9.31,2.9,0.0,0.5,0.0,6.94,,0.3,28.24,,,,0.0,7,green_tripdata_2025-07.parquet
6,2025-07-01 15:01:26,2025-07-01 15:07:14,,,75,75,,1.42,2.9,0.0,0.5,0.0,0.0,,0.3,16.0,,,,0.0,7,green_tripdata_2025-07.parquet
2,2025-07-09 22:55:43,2025-07-09 23:18:40,N,5.0,247,79,4.0,10.49,45.0,0.0,0.0,9.9,0.0,,1.0,59.4,1.0,2.0,2.75,0.75,7,green_tripdata_2025-07.parquet
2,2025-07-03 22:59:15,2025-07-03 23:09:55,N,1.0,74,42,1.0,1.79,12.1,1.0,0.5,3.65,0.0,,1.0,18.25,1.0,1.0,0.0,0.0,7,green_tripdata_2025-07.parquet
6,2025-07-01 14:27:34,2025-07-01 15:06:43,,,74,137,,6.11,2.9,0.0,0.5,0.0,0.0,,0.3,24.92,,,,0.0,7,green_tripdata_2025-07.parquet
2,2025-07-24 16:17:45,2025-07-24 16:29:03,N,1.0,43,24,1.0,1.82,12.8,2.5,0.5,3.36,0.0,,1.0,20.16,1.0,1.0,0.0,0.0,7,green_tripdata_2025-07.parquet
2,2025-07-25 10:13:49,2025-07-25 10:17:37,N,1.0,166,151,5.0,0.48,5.8,0.0,0.5,0.0,0.0,,1.0,7.3,2.0,1.0,0.0,0.0,7,green_tripdata_2025-07.parquet
2,2025-07-15 08:38:48,2025-07-15 08:55:10,N,1.0,74,238,2.0,2.95,17.7,0.0,0.5,4.39,0.0,,1.0,26.34,1.0,1.0,2.75,0.0,7,green_tripdata_2025-07.parquet
2,2025-07-22 11:05:19,2025-07-22 11:15:20,N,1.0,95,121,1.0,2.83,14.2,0.0,0.5,0.0,0.0,,1.0,15.7,2.0,1.0,0.0,0.0,7,green_tripdata_2025-07.parquet
2,2025-07-28 16:15:26,2025-07-28 16:30:42,N,1.0,43,163,1.0,2.14,15.6,2.5,0.5,3.46,0.0,,1.0,26.56,1.0,1.0,2.75,0.75,7,green_tripdata_2025-07.parquet
2,2025-07-29 10:07:09,2025-07-29 10:19:04,N,1.0,75,142,1.0,2.36,14.9,0.0,0.5,1.5,0.0,,1.0,20.65,1.0,1.0,2.75,0.0,7,green_tripdata_2025-07.parquet
2,2025-07-15 19:20:14,2025-07-15 19:35:05,N,1.0,260,260,1.0,0.94,13.5,2.5,0.5,0.0,0.0,,1.0,17.5,2.0,1.0,0.0,0.0,7,green_tripdata_2025-07.parquet
2,2025-07-20 14:51:07,2025-07-20 14:59:02,N,1.0,134,130,1.0,1.8,10.7,0.0,0.5,1.0,0.0,,1.0,13.2,1.0,1.0,0.0,0.0,7,green_tripdata_2025-07.parquet
2,2025-07-07 12:50:24,2025-07-07 13:15:12,N,1.0,74,239,1.0,3.66,24.0,0.0,0.5,0.0,0.0,,1.0,28.25,2.0,1.0,2.75,0.0,7,green_tripdata_2025-07.parquet
2,2025-07-22 11:26:29,2025-07-22 11:52:55,N,1.0,74,140,1.0,3.57,24.0,0.0,0.5,5.65,0.0,,1.0,33.9,1.0,1.0,2.75,0.0,7,green_tripdata_2025-07.parquet
1,2025-07-29 07:35:40,2025-07-29 07:45:22,N,1.0,166,75,1.0,2.4,13.5,0.0,1.5,3.0,0.0,,1.0,18.0,1.0,1.0,0.0,0.0,7,green_tripdata_2025-07.parquet
2,2025-07-17 08:33:17,2025-07-17 08:44:50,N,1.0,74,263,1.0,1.76,12.1,0.0,0.5,1.64,0.0,,1.0,17.99,1.0,1.0,2.75,0.0,7,green_tripdata_2025-07.parquet
6,2025-07-01 13:50:37,2025-07-01 14:00:33,,,19,131,,1.32,2.9,0.0,0.5,0.0,0.0,,0.3,16.0,,,,0.0,7,green_tripdata_2025-07.parquet
2,2025-07-31 07:41:09,2025-07-31 07:49:38,N,1.0,74,41,1.0,0.61,8.6,0.0,0.5,0.0,0.0,,1.0,10.1,2.0,1.0,0.0,0.0,7,green_tripdata_2025-07.parquet
6,2025-07-03 12:40:51,2025-07-03 14:17:37,,,205,169,,18.74,2.9,0.0,0.5,0.0,6.94,,0.3,65.53,,,,0.0,7,green_tripdata_2025-07.parquet
2,2025-07-09 09:43:58,2025-07-09 10:33:08,N,1.0,193,231,1.0,8.62,50.6,0.0,0.5,0.0,0.0,,1.0,55.6,1.0,1.0,2.75,0.75,7,green_tripdata_2025-07.parquet
2,2025-07-02 17:54:35,2025-07-02 18:15:43,N,1.0,43,162,1.0,2.84,19.8,2.5,0.5,4.1,0.0,,1.0,31.4,1.0,1.0,2.75,0.75,7,green_tripdata_2025-07.parquet
2,2025-07-14 08:52:29,2025-07-14 09:10:38,N,1.0,75,48,1.0,3.95,20.5,0.0,0.5,5.1,0.0,,1.0,30.6,1.0,1.0,2.75,0.75,7,green_tripdata_2025-07.parquet
2,2025-07-27 04:47:39,2025-07-27 05:00:30,N,1.0,127,78,2.0,5.87,25.4,1.0,0.5,0.0,0.0,,1.0,27.9,2.0,1.0,0.0,0.0,7,green_tripdata_2025-07.parquet
2,2025-07-12 16:53:57,2025-07-12 17:13:37,N,1.0,82,92,2.0,5.63,26.8,0.0,0.5,0.0,0.0,,1.0,28.3,1.0,1.0,0.0,0.0,7,green_tripdata_2025-07.parquet
2,2025-07-07 02:04:16,2025-07-07 02:12:15,N,1.0,95,56,1.0,1.63,10.7,1.0,0.5,2.64,0.0,,1.0,15.84,1.0,1.0,0.0,0.0,7,green_tripdata_2025-07.parquet
2,2025-07-17 15:49:19,2025-07-17 15:56:01,N,1.0,43,75,6.0,0.48,7.9,0.0,0.5,0.0,0.0,,1.0,9.4,2.0,1.0,0.0,0.0,7,green_tripdata_2025-07.parquet
2,2025-07-09 10:45:00,2025-07-09 10:56:00,,,74,138,,6.47,28.51,0.0,0.5,7.39,6.94,,1.0,44.34,,,,0.0,7,green_tripdata_2025-07.parquet
2,2025-07-02 23:01:55,2025-07-02 23:15:00,N,1.0,42,236,1.0,2.94,16.3,1.0,0.5,2.0,0.0,,1.0,23.55,1.0,1.0,2.75,0.0,7,green_tripdata_2025-07.parquet
1,2025-07-03 15:38:08,2025-07-03 15:52:50,N,1.0,74,41,1.0,1.8,12.8,0.0,1.5,2.85,0.0,,1.0,17.15,1.0,1.0,0.0,0.0,7,green_tripdata_2025-07.parquet
2,2025-07-23 17:05:20,2025-07-23 17:34:59,N,1.0,243,265,1.0,13.17,52.7,2.5,0.5,11.98,3.18,,1.0,71.86,1.0,1.0,0.0,0.0,7,green_tripdata_2025-07.parquet
2,2025-07-21 16:05:32,2025-07-21 16:16:50,N,1.0,43,43,1.0,1.83,12.8,2.5,0.5,5.86,0.0,,1.0,25.41,1.0,1.0,2.75,0.0,7,green_tripdata_2025-07.parquet
6,2025-07-19 10:14:10,2025-07-19 11:20:39,,,208,137,,12.41,2.9,0.0,0.5,0.0,0.0,,0.3,35.61,,,,0.0,7,green_tripdata_2025-07.parquet
6,2025-07-25 15:15:04,2025-07-25 16:23:01,,,218,68,,17.24,2.9,0.0,0.5,0.0,6.94,,0.3,55.62,,,,0.0,7,green_tripdata_2025-07.parquet
2,2025-07-06 00:37:50,2025-07-06 00:42:38,N,1.0,166,116,1.0,1.06,7.2,1.0,0.5,1.94,0.0,,1.0,11.64,1.0,1.0,0.0,0.0,7,green_tripdata_2025-07.parquet
1,2025-07-01 18:20:59,2025-07-01 18:29:36,N,1.0,75,74,1.0,1.3,10.0,2.5,1.5,3.5,0.0,,1.0,17.5,1.0,1.0,0.0,0.0,7,green_tripdata_2025-07.parquet
2,2025-07-29 23:50:42,2025-07-30 00:00:38,N,1.0,66,33,1.0,0.72,9.3,1.0,0.5,0.0,0.0,,1.0,11.8,1.0,1.0,0.0,0.0,7,green_tripdata_2025-07.parquet
2,2025-07-01 09:37:20,2025-07-01 09:53:04,N,1.0,74,166,1.0,1.99,15.6,0.0,0.5,4.28,0.0,,1.0,21.38,1.0,1.0,0.0,0.0,7,green_tripdata_2025-07.parquet
2,2025-07-18 23:29:24,2025-07-18 23:33:35,N,1.0,130,197,2.0,0.77,6.5,1.0,0.5,0.0,0.0,,1.0,9.0,1.0,1.0,0.0,0.0,7,green_tripdata_2025-07.parquet
2,2025-07-16 20:42:06,2025-07-16 20:59:28,N,1.0,74,152,1.0,2.18,15.6,1.0,0.5,1.22,0.0,,1.0,19.32,1.0,1.0,0.0,0.0,7,green_tripdata_2025-07.parquet
2,2025-07-29 15:32:53,2025-07-29 15:47:10,N,1.0,75,166,1.0,2.34,15.6,0.0,0.5,3.42,0.0,,1.0,20.52,1.0,1.0,0.0,0.0,7,green_tripdata_2025-07.parquet
2,2025-07-30 19:17:33,2025-07-30 19:24:45,N,1.0,74,75,1.0,1.25,9.3,2.5,0.5,3.32,0.0,,1.0,16.62,1.0,1.0,0.0,0.0,7,green_tripdata_2025-07.parquet
1,2025-07-14 17:32:28,2025-07-14 17:44:10,N,1.0,82,129,1.0,1.1,9.3,2.5,1.5,2.0,0.0,,1.0,15.3,1.0,1.0,0.0,0.0,7,green_tripdata_2025-07.parquet
2,2025-07-18 16:53:00,2025-07-18 17:24:00,,,244,90,,8.8,46.73,0.0,0.5,10.35,0.0,,1.0,62.08,,,,0.75,7,green_tripdata_2025-07.parquet
2,2025-07-20 03:28:20,2025-07-20 03:29:20,N,5.0,80,36,2.0,0.17,70.0,0.0,0.0,14.2,0.0,,1.0,85.2,1.0,2.0,0.0,0.0,7,green_tripdata_2025-07.parquet
2,2025-07-07 18:54:33,2025-07-07 19:01:26,N,1.0,74,75,1.0,1.02,8.6,2.5,0.5,0.0,0.0,,1.0,12.6,2.0,1.0,0.0,0.0,7,green_tripdata_2025-07.parquet
6,2025-07-29 12:16:55,2025-07-29 12:27:48,,,94,235,,2.15,2.9,0.0,0.5,0.0,0.0,,0.3,16.0,,,,0.0,7,green_tripdata_2025-07.parquet
6,2025-07-23 09:10:08,2025-07-23 09:23:40,,,177,17,,2.2,0.0,0.0,0.5,0.0,0.0,,0.3,16.0,,,,0.0,7,green_tripdata_2025-07.parquet
2,2025-07-24 11:51:42,2025-07-24 12:26:12,N,1.0,75,186,1.0,6.23,37.3,0.0,0.5,8.46,0.0,,1.0,50.76,1.0,1.0,2.75,0.75,7,green_tripdata_2025-07.parquet
6,2025-07-05 08:41:47,2025-07-05 08:55:52,,,137,231,,2.78,2.9,0.0,0.5,0.0,0.0,,0.3,16.0,,,,0.0,7,green_tripdata_2025-07.parquet
2,2025-07-07 18:42:47,2025-07-07 18:53:52,N,1.0,41,75,1.0,2.15,13.5,2.5,0.5,4.38,0.0,,1.0,21.88,1.0,1.0,0.0,0.0,7,green_tripdata_2025-07.parquet
2,2025-07-11 15:17:20,2025-07-11 15:37:25,N,1.0,74,238,1.0,2.61,19.1,0.0,0.5,0.0,0.0,,1.0,20.6,2.0,1.0,0.0,0.0,7,green_tripdata_2025-07.parquet
2,2025-07-18 12:30:00,2025-07-18 12:48:00,,,74,162,,5.0,23.14,0.0,0.5,0.0,0.0,,1.0,28.14,,,,0.75,7,green_tripdata_2025-07.parquet
2,2025-07-09 08:37:24,2025-07-09 08:47:45,N,5.0,260,7,1.0,1.39,15.0,0.0,0.0,0.0,0.0,,1.0,16.0,1.0,2.0,0.0,0.0,7,green_tripdata_2025-07.parquet
2,2025-07-12 13:47:54,2025-07-12 14:15:15,N,1.0,41,68,1.0,7.19,35.2,0.0,0.5,8.04,0.0,,1.0,48.24,1.0,1.0,2.75,0.75,7,green_tripdata_2025-07.parquet
2,2025-07-10 12:22:15,2025-07-10 13:04:53,N,1.0,116,140,1.0,5.06,38.0,0.0,0.5,0.0,0.0,,1.0,42.25,2.0,1.0,2.75,0.0,7,green_tripdata_2025-07.parquet
2,2025-07-29 17:22:16,2025-07-29 17:47:47,N,1.0,66,249,1.0,5.2,27.5,2.5,0.5,0.0,0.0,,1.0,35.0,1.0,1.0,2.75,0.75,7,green_tripdata_2025-07.parquet
2,2025-07-22 18:41:44,2025-07-22 18:53:10,N,1.0,82,56,6.0,1.14,11.4,2.5,0.5,0.0,0.0,,1.0,15.4,2.0,1.0,0.0,0.0,7,green_tripdata_2025-07.parquet
6,2025-07-08 17:02:46,2025-07-08 18:32:00,,,244,225,,16.24,2.9,0.0,0.5,0.0,0.0,,0.3,48.2,,,,0.0,7,green_tripdata_2025-07.parquet
1,2025-07-19 17:33:48,2025-07-19 17:47:45,N,1.0,74,151,0.0,2.5,15.6,2.5,1.5,3.9,0.0,,1.0,23.5,1.0,1.0,0.0,0.0,7,green_tripdata_2025-07.parquet
2,2025-07-09 11:49:40,2025-07-09 12:03:16,N,1.0,75,262,6.0,1.49,13.5,0.0,0.5,0.0,0.0,,1.0,17.75,2.0,1.0,2.75,0.0,7,green_tripdata_2025-07.parquet
2,2025-07-01 18:12:19,2025-07-01 18:32:50,N,1.0,75,230,1.0,3.63,21.2,2.5,0.5,0.0,0.0,,1.0,28.7,1.0,1.0,2.75,0.75,7,green_tripdata_2025-07.parquet
2,2025-07-18 09:23:50,2025-07-18 09:32:49,N,1.0,42,116,1.0,1.04,9.3,0.0,0.5,2.16,0.0,,1.0,12.96,1.0,1.0,0.0,0.0,7,green_tripdata_2025-07.parquet
2,2025-07-18 11:16:53,2025-07-18 11:25:44,N,1.0,75,238,1.0,1.39,10.0,0.0,0.5,1.0,0.0,,1.0,15.25,1.0,1.0,2.75,0.0,7,green_tripdata_2025-07.parquet
2,2025-07-29 17:40:11,2025-07-29 17:55:41,N,1.0,74,24,1.0,2.25,15.6,2.5,0.5,8.0,0.0,,1.0,27.6,1.0,1.0,0.0,0.0,7,green_tripdata_2025-07.parquet
2,2025-07-23 21:04:24,2025-07-23 21:12:32,N,1.0,75,74,1.0,1.32,9.3,1.0,0.5,5.0,0.0,,1.0,16.8,1.0,1.0,0.0,0.0,7,green_tripdata_2025-07.parquet
2,2025-07-22 16:09:20,2025-07-22 16:33:39,N,1.0,43,48,1.0,3.63,24.0,2.5,0.5,3.0,0.0,,1.0,33.75,1.0,1.0,2.75,0.0,7,green_tripdata_2025-07.parquet
2,2025-07-20 16:35:04,2025-07-20 16:48:15,N,1.0,74,141,1.0,3.37,17.0,0.0,0.5,4.25,0.0,,1.0,25.5,1.0,1.0,2.75,0.0,7,green_tripdata_2025-07.parquet
2,2025-07-13 13:10:11,2025-07-13 13:20:19,N,1.0,82,138,1.0,0.0,10.0,5.0,0.5,3.3,0.0,,1.0,19.8,1.0,1.0,0.0,0.0,7,green_tripdata_2025-07.parquet
2,2025-07-11 09:31:13,2025-07-11 09:51:06,N,1.0,95,73,1.0,4.98,25.4,0.0,0.5,0.0,0.0,,1.0,26.9,1.0,1.0,0.0,0.0,7,green_tripdata_2025-07.parquet
2,2025-07-12 16:03:38,2025-07-12 16:21:38,N,1.0,74,140,1.0,3.35,19.8,0.0,0.5,6.01,0.0,,1.0,30.06,1.0,1.0,2.75,0.0,7,green_tripdata_2025-07.parquet
2,2025-07-02 10:17:59,2025-07-02 11:03:19,N,1.0,75,42,1.0,2.77,21.9,0.0,0.5,4.68,0.0,,1.0,28.08,1.0,1.0,0.0,0.0,7,green_tripdata_2025-07.parquet
2,2025-07-12 17:11:20,2025-07-12 17:22:03,N,1.0,41,42,1.0,1.95,13.5,0.0,0.5,0.0,0.0,,1.0,15.0,2.0,1.0,0.0,0.0,7,green_tripdata_2025-07.parquet
6,2025-07-01 11:16:49,2025-07-01 12:04:35,,,196,75,,10.96,2.9,0.0,0.5,0.0,0.0,,0.3,37.77,,,,0.0,7,green_tripdata_2025-07.parquet
2,2025-07-01 00:41:43,2025-07-01 01:14:55,N,1.0,129,130,1.0,7.33,39.4,1.0,0.5,0.0,0.0,,1.0,41.9,2.0,1.0,0.0,0.0,7,green_tripdata_2025-07.parquet
1,2025-07-17 17:20:00,2025-07-17 17:57:47,N,1.0,166,138,1.0,9.2,38.7,7.5,1.5,10.9,6.94,,1.0,65.54,1.0,1.0,0.0,0.0,7,green_tripdata_2025-07.parquet
2,2025-07-12 22:35:22,2025-07-12 22:35:30,N,5.0,62,62,4.0,0.0,60.0,0.0,0.0,0.0,0.0,,1.0,61.0,1.0,2.0,0.0,0.0,7,green_tripdata_2025-07.parquet
2,2025-07-13 10:25:58,2025-07-13 10:46:50,N,5.0,65,90,1.0,4.74,40.0,0.0,0.0,8.9,0.0,,1.0,53.4,1.0,2.0,2.75,0.75,7,green_tripdata_2025-07.parquet
2,2025-07-18 19:34:29,2025-07-18 19:39:26,N,1.0,260,83,1.0,0.5,6.5,2.5,0.5,2.1,0.0,,1.0,12.6,1.0,1.0,0.0,0.0,7,green_tripdata_2025-07.parquet
2,2025-07-19 23:16:02,2025-07-19 23:20:15,N,1.0,75,74,1.0,1.06,7.2,1.0,0.5,0.0,0.0,,1.0,9.7,2.0,1.0,0.0,0.0,7,green_tripdata_2025-07.parquet
2,2025-07-26 09:17:00,2025-07-26 09:36:00,,,42,185,,8.16,33.05,0.0,0.5,3.11,0.0,,1.0,37.66,,,,0.0,7,green_tripdata_2025-07.parquet
2,2025-07-14 12:41:00,2025-07-14 13:14:22,,,82,73,,3.71,33.91,0.0,0.5,0.0,0.0,,1.0,35.41,,,,0.0,7,green_tripdata_2025-07.parquet
2,2025-07-25 08:48:23,2025-07-25 08:58:14,N,1.0,42,69,1.0,1.36,10.7,0.0,0.5,1.0,0.0,,1.0,13.2,1.0,1.0,0.0,0.0,7,green_tripdata_2025-07.parquet
2,2025-07-25 00:59:13,2025-07-25 01:20:38,N,1.0,210,265,1.0,16.12,60.4,1.0,0.5,0.0,0.0,,1.0,62.9,2.0,1.0,0.0,0.0,7,green_tripdata_2025-07.parquet
2,2025-07-04 18:10:12,2025-07-04 18:10:23,N,1.0,41,41,1.0,0.04,3.0,0.0,0.5,0.0,0.0,,1.0,4.5,2.0,1.0,0.0,0.0,7,green_tripdata_2025-07.parquet
2,2025-07-15 21:54:48,2025-07-15 21:58:20,N,1.0,74,42,1.0,0.23,5.1,1.0,0.5,1.52,0.0,,1.0,9.12,1.0,1.0,0.0,0.0,7,green_tripdata_2025-07.parquet
1,2025-07-30 14:10:11,2025-07-30 14:23:25,N,1.0,166,74,1.0,1.9,12.1,0.0,1.5,3.0,0.0,,1.0,16.6,1.0,1.0,0.0,0.0,7,green_tripdata_2025-07.parquet
2,2025-07-16 14:05:15,2025-07-16 14:24:28,N,1.0,166,238,1.0,2.63,19.1,0.0,0.5,2.65,0.0,,1.0,26.0,1.0,1.0,2.75,0.0,7,green_tripdata_2025-07.parquet
2,2025-07-29 20:50:49,2025-07-29 21:14:27,N,1.0,223,45,1.0,11.08,45.0,1.0,0.5,0.0,0.0,,1.0,51.0,2.0,1.0,2.75,0.75,7,green_tripdata_2025-07.parquet
2,2025-07-10 17:55:00,2025-07-10 18:52:30,N,1.0,33,263,1.0,9.5,51.3,2.5,0.5,11.61,0.0,,1.0,69.66,1.0,1.0,2.75,0.0,7,green_tripdata_2025-07.parquet
2,2025-07-16 16:50:09,2025-07-16 17:34:24,N,1.0,97,29,1.0,10.26,50.6,2.5,0.5,10.92,0.0,,1.0,65.52,1.0,1.0,0.0,0.0,7,green_tripdata_2025-07.parquet
2,2025-07-27 17:09:17,2025-07-27 17:17:56,N,1.0,74,41,1.0,1.52,10.7,0.0,0.5,2.44,0.0,,1.0,14.64,1.0,1.0,0.0,0.0,7,green_tripdata_2025-07.parquet
1,2025-07-20 23:37:07,2025-07-20 23:42:40,N,1.0,210,108,1.0,1.2,7.9,1.0,1.5,1.0,0.0,,1.0,11.4,1.0,1.0,0.0,0.0,7,green_tripdata_2025-07.parquet
2,2025-07-02 22:28:32,2025-07-02 22:37:06,N,1.0,75,238,1.0,1.76,10.7,1.0,0.5,3.99,0.0,,1.0,19.94,1.0,1.0,2.75,0.0,7,green_tripdata_2025-07.parquet
2,2025-07-01 16:02:34,2025-07-01 16:08:59,N,1.0,43,238,1.0,1.11,8.6,2.5,0.5,2.52,0.0,,1.0,15.12,1.0,1.0,0.0,0.0,7,green_tripdata_2025-07.parquet
2,2025-07-16 13:36:33,2025-07-16 13:51:13,N,1.0,95,258,1.0,2.17,15.6,0.0,0.5,0.0,0.0,,1.0,17.1,2.0,1.0,0.0,0.0,7,green_tripdata_2025-07.parquet
2,2025-07-25 14:21:00,2025-07-25 14:38:00,,,19,130,,4.39,19.73,0.0,0.5,0.0,0.0,,1.0,21.23,,,,0.0,7,green_tripdata_2025-07.parquet
2,2025-07-25 23:58:41,2025-07-26 00:09:25,N,1.0,82,56,1.0,0.0,10.0,1.0,0.5,0.0,0.0,,1.0,12.5,2.0,1.0,0.0,0.0,7,green_tripdata_2025-07.parquet
1,2025-07-22 09:13:51,2025-07-22 09:37:48,N,1.0,74,263,1.0,2.6,18.4,2.75,1.5,1.0,0.0,,1.0,23.65,1.0,1.0,2.75,0.0,7,green_tripdata_2025-07.parquet
2,2025-07-12 11:10:25,2025-07-12 11:31:49,N,1.0,74,142,1.0,4.43,24.0,0.0,0.5,7.06,0.0,,1.0,35.31,1.0,1.0,2.75,0.0,7,green_tripdata_2025-07.parquet
2,2025-07-12 02:13:36,2025-07-12 02:38:06,N,1.0,157,79,1.0,5.63,29.6,1.0,0.5,7.12,0.0,,1.0,42.72,1.0,1.0,2.75,0.75,7,green_tripdata_2025-07.parquet
2,2025-07-31 11:49:00,2025-07-31 12:03:00,,,41,75,,1.9,16.04,0.0,0.5,4.38,0.0,,1.0,21.92,,,,0.0,7,green_tripdata_2025-07.parquet
2,2025-07-06 16:54:53,2025-07-06 16:59:34,N,1.0,75,238,1.0,0.87,7.2,0.0,0.5,1.74,0.0,,1.0,10.44,1.0,1.0,0.0,0.0,7,green_tripdata_2025-07.parquet
6,2025-07-16 09:09:16,2025-07-16 09:55:59,,,171,237,,12.1,2.9,0.0,0.5,0.0,0.0,,0.3,36.96,,,,0.0,7,green_tripdata_2025-07.parquet
2,2025-07-30 11:30:47,2025-07-30 12:09:42,N,1.0,97,25,1.0,4.04,32.4,0.0,0.5,0.0,0.0,,1.0,33.9,1.0,1.0,0.0,0.0,7,green_tripdata_2025-07.parquet
2,2025-07-27 12:43:58,2025-07-27 13:04:57,N,1.0,74,239,1.0,3.47,21.2,0.0,0.5,5.09,0.0,,1.0,30.54,1.0,1.0,2.75,0.0,7,green_tripdata_2025-07.parquet
2,2025-07-13 16:53:29,2025-07-13 17:04:26,N,1.0,74,262,1.0,2.43,13.5,0.0,0.5,4.44,0.0,,1.0,22.19,1.0,1.0,2.75,0.0,7,green_tripdata_2025-07.parquet
2,2025-07-21 09:48:56,2025-07-21 09:58:04,N,1.0,33,40,1.0,1.4,10.0,0.0,0.5,2.3,0.0,,1.0,13.8,1.0,1.0,0.0,0.0,7,green_tripdata_2025-07.parquet
2,2025-07-23 11:28:00,2025-07-23 11:44:00,,,69,42,,2.16,17.19,0.0,0.5,0.0,0.0,,1.0,18.69,,,,0.0,7,green_tripdata_2025-07.parquet
2,2025-07-30 10:29:18,2025-07-30 10:44:47,N,1.0,74,236,1.0,2.21,14.9,0.0,0.5,2.8,0.0,,1.0,21.95,1.0,1.0,2.75,0.0,7,green_tripdata_2025-07.parquet
2,2025-07-07 08:37:14,2025-07-07 09:14:35,N,1.0,74,162,1.0,4.55,33.1,0.0,0.5,0.0,0.0,,1.0,38.1,1.0,1.0,2.75,0.75,7,green_tripdata_2025-07.parquet
2,2025-07-21 18:08:22,2025-07-21 18:18:21,N,1.0,82,260,1.0,1.19,10.7,2.5,0.5,0.0,0.0,,1.0,14.7,2.0,1.0,0.0,0.0,7,green_tripdata_2025-07.parquet
2,2025-07-05 22:11:09,2025-07-05 22:18:48,N,1.0,97,189,1.0,0.57,7.9,1.0,0.5,2.08,0.0,,1.0,12.48,1.0,1.0,0.0,0.0,7,green_tripdata_2025-07.parquet
2,2025-07-15 14:10:32,2025-07-15 14:22:35,N,1.0,74,75,1.0,1.51,12.8,0.0,0.5,2.86,0.0,,1.0,17.16,1.0,1.0,0.0,0.0,7,green_tripdata_2025-07.parquet
2,2025-07-03 15:44:22,2025-07-03 15:57:01,N,1.0,75,24,1.0,1.83,13.5,0.0,0.5,3.0,0.0,,1.0,18.0,1.0,1.0,0.0,0.0,7,green_tripdata_2025-07.parquet
2,2025-07-21 10:43:54,2025-07-21 11:09:27,N,1.0,74,238,1.0,3.22,24.0,0.0,0.5,5.65,0.0,,1.0,33.9,1.0,1.0,2.75,0.0,7,green_tripdata_2025-07.parquet
2,2025-07-30 15:06:46,2025-07-30 15:17:41,N,1.0,74,263,1.0,2.35,13.5,0.0,0.5,4.44,0.0,,1.0,22.19,1.0,1.0,2.75,0.0,7,green_tripdata_2025-07.parquet
2,2025-07-07 09:41:54,2025-07-07 09:57:32,N,1.0,74,141,1.0,3.32,18.4,0.0,0.5,2.08,0.0,,1.0,24.73,1.0,1.0,2.75,0.0,7,green_tripdata_2025-07.parquet
2,2025-07-29 13:51:11,2025-07-29 14:12:31,N,1.0,75,140,1.0,3.03,20.5,0.0,0.5,6.19,0.0,,1.0,30.94,1.0,1.0,2.75,0.0,7,green_tripdata_2025-07.parquet
2,2025-07-27 07:10:00,2025-07-27 07:30:19,N,1.0,244,43,1.0,4.0,23.3,0.0,0.5,6.2,0.0,,1.0,31.0,1.0,1.0,0.0,0.0,7,green_tripdata_2025-07.parquet
2,2025-07-05 17:31:22,2025-07-05 17:45:54,N,1.0,74,239,2.0,3.04,17.0,0.0,0.5,4.25,0.0,,1.0,25.5,1.0,1.0,2.75,0.0,7,green_tripdata_2025-07.parquet
2,2025-07-03 22:28:49,2025-07-03 22:29:30,N,1.0,93,93,1.0,0.13,3.0,1.0,0.5,0.0,0.0,,1.0,5.5,2.0,1.0,0.0,0.0,7,green_tripdata_2025-07.parquet
2,2025-07-11 17:00:29,2025-07-11 17:15:41,N,1.0,75,42,1.0,2.45,15.6,2.5,0.5,0.0,0.0,,1.0,19.6,1.0,1.0,0.0,0.0,7,green_tripdata_2025-07.parquet
2,2025-07-30 18:49:23,2025-07-30 19:05:21,N,1.0,121,130,1.0,1.72,14.9,2.5,0.5,0.0,0.0,,1.0,18.9,2.0,1.0,0.0,0.0,7,green_tripdata_2025-07.parquet
2,2025-07-22 17:53:05,2025-07-22 18:07:02,N,1.0,82,70,1.0,2.96,17.0,2.5,0.5,5.25,0.0,,1.0,26.25,1.0,1.0,0.0,0.0,7,green_tripdata_2025-07.parquet
2,2025-07-04 12:49:46,2025-07-04 13:06:15,N,1.0,75,229,1.0,2.92,18.4,0.0,0.5,4.68,0.0,,1.0,28.08,1.0,1.0,2.75,0.75,7,green_tripdata_2025-07.parquet
2,2025-07-19 11:33:28,2025-07-19 11:39:19,N,1.0,74,75,1.0,1.38,8.6,0.0,0.5,2.02,0.0,,1.0,12.12,1.0,1.0,0.0,0.0,7,green_tripdata_2025-07.parquet
2,2025-07-05 15:28:02,2025-07-05 15:33:49,N,1.0,130,215,1.0,0.8,7.2,0.0,0.5,2.18,0.0,,1.0,10.88,1.0,1.0,0.0,0.0,7,green_tripdata_2025-07.parquet
2,2025-07-31 18:16:51,2025-07-31 18:32:41,N,1.0,95,102,5.0,2.24,15.6,2.5,0.5,3.92,0.0,,1.0,23.52,1.0,1.0,0.0,0.0,7,green_tripdata_2025-07.parquet
2,2025-07-28 10:57:11,2025-07-28 11:09:01,N,1.0,92,92,1.0,2.06,13.5,0.0,0.5,3.0,0.0,,1.0,18.0,1.0,1.0,0.0,0.0,7,green_tripdata_2025-07.parquet
2,2025-07-13 23:53:58,2025-07-14 00:06:13,N,5.0,93,70,1.0,3.23,30.0,0.0,0.0,7.75,0.0,,1.0,38.75,1.0,2.0,0.0,0.0,7,green_tripdata_2025-07.parquet
2,2025-07-02 17:06:41,2025-07-02 17:14:06,N,1.0,75,263,1.0,0.73,8.6,2.5,0.5,3.07,0.0,,1.0,18.42,1.0,1.0,2.75,0.0,7,green_tripdata_2025-07.parquet
2,2025-07-14 19:08:53,2025-07-14 19:25:27,N,1.0,74,262,1.0,2.56,16.3,2.5,0.5,3.5,0.0,,1.0,26.55,1.0,1.0,2.75,0.0,7,green_tripdata_2025-07.parquet
2,2025-07-11 17:45:07,2025-07-11 18:01:06,N,1.0,65,66,2.0,1.76,14.9,2.5,0.5,3.78,0.0,,1.0,22.68,1.0,1.0,0.0,0.0,7,green_tripdata_2025-07.parquet
2,2025-07-28 09:27:25,2025-07-28 09:43:45,N,1.0,74,151,1.0,1.89,14.9,0.0,0.5,1.5,0.0,,1.0,17.9,1.0,1.0,0.0,0.0,7,green_tripdata_2025-07.parquet
2,2025-07-26 14:46:00,2025-07-26 14:56:57,N,1.0,74,75,1.0,1.6,12.1,0.0,0.5,0.0,0.0,,1.0,13.6,2.0,1.0,0.0,0.0,7,green_tripdata_2025-07.parquet
2,2025-07-23 06:58:07,2025-07-23 07:08:07,N,1.0,74,41,1.0,1.18,10.7,0.0,0.5,2.44,0.0,,1.0,14.64,1.0,1.0,0.0,0.0,7,green_tripdata_2025-07.parquet
2,2025-07-30 00:51:53,2025-07-30 01:02:18,N,1.0,74,69,1.0,2.2,13.5,1.0,0.5,0.0,0.0,,1.0,16.0,1.0,1.0,0.0,0.0,7,green_tripdata_2025-07.parquet
2,2025-07-24 19:06:35,2025-07-24 19:20:51,N,1.0,75,166,1.0,2.01,14.2,2.5,0.5,3.64,0.0,,1.0,21.84,1.0,1.0,0.0,0.0,7,green_tripdata_2025-07.parquet
2,2025-07-02 18:02:00,2025-07-02 20:17:08,N,1.0,226,7,1.0,18.64,122.0,2.5,0.5,0.0,0.0,,1.0,126.0,2.0,1.0,0.0,0.0,7,green_tripdata_2025-07.parquet
2,2025-07-28 09:29:00,2025-07-28 09:41:39,N,1.0,74,75,2.0,1.68,12.8,0.0,0.5,0.0,0.0,,1.0,14.3,1.0,1.0,0.0,0.0,7,green_tripdata_2025-07.parquet
1,2025-07-10 09:35:48,2025-07-10 09:49:09,N,1.0,130,130,0.0,1.6,12.8,0.0,1.5,0.0,0.0,,1.0,14.3,2.0,1.0,0.0,0.0,7,green_tripdata_2025-07.parquet
1,2025-07-05 07:16:30,2025-07-05 07:28:04,N,1.0,129,138,2.0,3.3,17.7,5.0,1.5,2.0,0.0,,1.0,26.2,1.0,1.0,0.0,0.0,7,green_tripdata_2025-07.parquet
2,2025-07-03 21:34:49,2025-07-03 21:40:38,N,1.0,74,42,1.0,1.18,7.9,1.0,0.5,2.08,0.0,,1.0,12.48,1.0,1.0,0.0,0.0,7,green_tripdata_2025-07.parquet
2,2025-07-02 09:07:44,2025-07-02 09:16:27,N,1.0,74,75,1.0,1.25,10.0,0.0,0.5,2.0,0.0,,1.0,13.5,1.0,1.0,0.0,0.0,7,green_tripdata_2025-07.parquet
2,2025-07-17 15:26:23,2025-07-17 15:34:56,N,1.0,166,238,1.0,0.98,9.3,0.0,0.5,0.0,0.0,,1.0,10.8,2.0,1.0,0.0,0.0,7,green_tripdata_2025-07.parquet
2,2025-07-28 09:06:51,2025-07-28 09:22:19,N,1.0,74,237,1.0,2.67,16.3,0.0,0.5,2.0,0.0,,1.0,22.55,1.0,1.0,2.75,0.0,7,green_tripdata_2025-07.parquet
2,2025-07-31 08:41:01,2025-07-31 08:46:31,N,1.0,41,41,1.0,0.65,7.2,0.0,0.5,1.74,0.0,,1.0,10.44,1.0,1.0,0.0,0.0,7,green_tripdata_2025-07.parquet
2,2025-07-28 06:37:00,2025-07-28 06:44:00,,,42,43,,2.01,14.5,0.0,0.5,3.2,0.0,,1.0,19.2,,,,0.0,7,green_tripdata_2025-07.parquet
1,2025-07-25 07:45:03,2025-07-25 07:55:11,N,1.0,166,75,1.0,2.4,13.5,0.0,1.5,3.0,0.0,,1.0,18.0,1.0,1.0,0.0,0.0,7,green_tripdata_2025-07.parquet
2,2025-07-16 23:02:56,2025-07-16 23:13:05,N,1.0,95,197,1.0,1.99,12.1,1.0,0.5,0.0,0.0,,1.0,14.6,2.0,1.0,0.0,0.0,7,green_tripdata_2025-07.parquet
2,2025-07-24 22:41:30,2025-07-24 23:01:36,N,1.0,75,260,1.0,6.69,29.6,1.0,0.5,7.81,6.94,,1.0,46.85,1.0,1.0,0.0,0.0,7,green_tripdata_2025-07.parquet
2,2025-07-16 07:36:07,2025-07-16 07:47:29,N,1.0,74,263,1.0,2.09,12.8,0.0,0.5,3.0,0.0,,1.0,20.05,1.0,1.0,2.75,0.0,7,green_tripdata_2025-07.parquet
2,2025-07-31 07:35:37,2025-07-31 07:47:58,N,1.0,74,75,1.0,1.67,12.8,0.0,0.5,3.58,0.0,,1.0,17.88,1.0,1.0,0.0,0.0,7,green_tripdata_2025-07.parquet
2,2025-07-02 17:58:33,2025-07-02 18:11:28,N,1.0,97,228,1.0,2.45,14.9,2.5,0.5,5.67,0.0,,1.0,24.57,1.0,1.0,0.0,0.0,7,green_tripdata_2025-07.parquet
2,2025-07-30 22:47:34,2025-07-30 23:10:03,N,1.0,130,37,1.0,8.05,34.5,1.0,0.5,7.4,0.0,,1.0,44.4,1.0,1.0,0.0,0.0,7,green_tripdata_2025-07.parquet
2,2025-07-19 21:58:39,2025-07-19 22:04:54,N,5.0,112,112,2.0,0.97,30.0,0.0,0.0,0.0,0.0,,1.0,31.0,1.0,2.0,0.0,0.0,7,green_tripdata_2025-07.parquet
2,2025-07-10 14:21:34,2025-07-10 14:49:24,N,1.0,74,162,1.0,3.63,26.1,0.0,0.5,0.0,0.0,,1.0,31.1,1.0,1.0,2.75,0.75,7,green_tripdata_2025-07.parquet
2,2025-07-08 16:27:23,2025-07-08 16:45:18,N,1.0,74,166,1.0,2.18,17.7,2.5,0.5,4.34,0.0,,1.0,26.04,1.0,1.0,0.0,0.0,7,green_tripdata_2025-07.parquet
2,2025-07-29 08:51:59,2025-07-29 09:03:47,N,1.0,74,263,1.0,2.52,13.5,0.0,0.5,4.0,0.0,,1.0,21.75,1.0,1.0,2.75,0.0,7,green_tripdata_2025-07.parquet
2,2025-07-14 20:40:03,2025-07-14 20:45:40,N,1.0,95,95,1.0,0.79,7.2,1.0,0.5,0.0,0.0,,1.0,9.7,2.0,1.0,0.0,0.0,7,green_tripdata_2025-07.parquet
1,2025-07-12 16:25:59,2025-07-12 16:35:15,N,1.0,166,238,1.0,1.5,10.0,2.75,1.5,2.3,0.0,,1.0,16.55,1.0,1.0,2.75,0.0,7,green_tripdata_2025-07.parquet
2,2025-07-09 15:15:12,2025-07-09 15:31:04,N,1.0,74,41,1.0,1.49,14.9,0.0,0.5,2.0,0.0,,1.0,18.4,1.0,1.0,0.0,0.0,7,green_tripdata_2025-07.parquet
2,2025-07-12 11:53:14,2025-07-12 12:04:35,N,1.0,74,41,1.0,0.83,10.7,0.0,0.5,0.0,0.0,,1.0,12.2,2.0,1.0,0.0,0.0,7,green_tripdata_2025-07.parquet
2,2025-07-16 14:27:52,2025-07-16 14:57:18,N,1.0,74,239,1.0,3.32,27.5,0.0,0.5,6.35,0.0,,1.0,38.1,1.0,1.0,2.75,0.0,7,green_tripdata_2025-07.parquet
2,2025-07-24 13:41:28,2025-07-24 13:54:14,N,1.0,66,148,1.0,2.72,16.3,0.0,0.5,4.26,0.0,,1.0,25.56,1.0,1.0,2.75,0.75,7,green_tripdata_2025-07.parquet
2,2025-07-03 15:52:11,2025-07-03 16:04:09,N,1.0,95,134,1.0,1.28,11.4,0.0,0.5,3.22,0.0,,1.0,16.12,1.0,1.0,0.0,0.0,7,green_tripdata_2025-07.parquet
1,2025-07-22 11:14:08,2025-07-22 11:36:55,N,1.0,74,151,1.0,2.8,18.4,0.0,1.5,3.95,0.0,,1.0,23.85,1.0,1.0,0.0,0.0,7,green_tripdata_2025-07.parquet
2,2025-07-17 19:03:32,2025-07-17 19:16:34,N,1.0,82,56,6.0,1.39,11.4,2.5,0.5,0.0,0.0,,1.0,15.4,2.0,1.0,0.0,0.0,7,green_tripdata_2025-07.parquet
2,2025-07-08 14:32:18,2025-07-08 14:50:48,N,1.0,74,120,1.0,3.35,19.1,0.0,0.5,4.12,0.0,,1.0,24.72,1.0,1.0,0.0,0.0,7,green_tripdata_2025-07.parquet
2,2025-07-08 07:24:00,2025-07-08 07:35:56,N,1.0,74,75,1.0,1.65,12.8,0.0,0.5,3.58,0.0,,1.0,17.88,1.0,1.0,0.0,0.0,7,green_tripdata_2025-07.parquet
2,2025-07-20 10:41:03,2025-07-20 10:49:17,N,1.0,42,116,1.0,1.49,9.3,0.0,0.5,11.0,0.0,,1.0,21.8,1.0,1.0,0.0,0.0,7,green_tripdata_2025-07.parquet
2,2025-07-27 22:36:39,2025-07-27 22:41:26,N,1.0,66,65,1.0,0.93,7.2,1.0,0.5,0.0,0.0,,1.0,9.7,2.0,1.0,0.0,0.0,7,green_tripdata_2025-07.parquet
2,2025-07-29 10:24:31,2025-07-29 10:38:00,N,1.0,95,83,1.0,3.26,17.7,0.0,0.5,0.0,0.0,,1.0,19.2,2.0,1.0,0.0,0.0,7,green_tripdata_2025-07.parquet
2,2025-07-30 22:23:32,2025-07-30 22:37:27,N,1.0,76,203,1.0,7.69,31.0,1.0,0.5,0.0,0.0,,1.0,33.5,2.0,1.0,0.0,0.0,7,green_tripdata_2025-07.parquet
2,2025-07-27 20:35:56,2025-07-27 20:48:37,N,1.0,41,116,1.0,2.09,14.2,1.0,0.5,0.0,0.0,,1.0,16.7,1.0,1.0,0.0,0.0,7,green_tripdata_2025-07.parquet
2,2025-07-27 09:44:33,2025-07-27 09:54:29,N,1.0,41,151,1.0,2.12,12.8,0.0,0.5,1.8,0.0,,1.0,16.1,1.0,1.0,0.0,0.0,7,green_tripdata_2025-07.parquet
2,2025-07-09 09:24:51,2025-07-09 09:57:08,N,1.0,75,170,1.0,7.37,33.8,0.0,0.5,9.7,0.0,,1.0,48.5,1.0,1.0,2.75,0.75,7,green_tripdata_2025-07.parquet
2,2025-07-21 17:54:57,2025-07-21 18:03:20,N,1.0,74,263,1.0,1.97,11.4,2.5,0.5,4.54,0.0,,1.0,22.69,1.0,1.0,2.75,0.0,7,green_tripdata_2025-07.parquet
2,2025-07-22 08:53:00,2025-07-22 09:33:00,,,181,68,,7.33,43.02,0.0,0.5,8.24,6.94,,1.0,63.2,,,,0.75,7,green_tripdata_2025-07.parquet
2,2025-07-09 09:19:00,2025-07-09 09:39:00,,,42,263,,3.4,29.16,0.0,0.5,1.0,0.0,,1.0,34.41,,,,0.0,7,green_tripdata_2025-07.parquet
2,2025-07-23 18:56:35,2025-07-23 19:14:14,N,1.0,130,205,1.0,3.05,17.7,2.5,0.5,4.34,0.0,,1.0,26.04,1.0,1.0,0.0,0.0,7,green_tripdata_2025-07.parquet
1,2025-07-04 16:00:45,2025-07-04 16:05:47,Y,1.0,74,75,1.0,1.3,7.9,0.0,1.5,0.0,0.0,,1.0,9.4,2.0,1.0,0.0,0.0,7,green_tripdata_2025-07.parquet
2,2025-07-03 23:40:56,2025-07-04 00:00:39,N,1.0,95,19,1.0,8.3,33.8,1.0,0.5,7.26,0.0,,1.0,43.56,1.0,1.0,0.0,0.0,7,green_tripdata_2025-07.parquet
2,2025-08-15 15:28:39,2025-08-15 15:48:05,N,1.0,42,229,1.0,5.12,24.7,0.0,0.5,0.0,0.0,,1.0,29.7,2.0,1.0,2.75,0.75,8,green_tripdata_2025-08.parquet
2,2025-08-05 14:11:57,2025-08-05 14:27:49,N,1.0,74,43,2.0,1.61,14.9,0.0,0.5,3.28,0.0,,1.0,19.68,1.0,1.0,0.0,0.0,8,green_tripdata_2025-08.parquet
2,2025-08-27 16:02:01,2025-08-27 16:09:29,N,1.0,24,41,1.0,0.88,8.6,2.5,0.5,0.0,0.0,,1.0,12.6,2.0,1.0,0.0,0.0,8,green_tripdata_2025-08.parquet
1,2025-08-07 17:03:08,2025-08-07 17:31:28,N,1.0,75,48,1.0,3.7,22.6,6.0,1.5,6.0,0.0,,1.0,36.1,1.0,1.0,2.75,0.75,8,green_tripdata_2025-08.parquet
2,2025-08-30 15:46:13,2025-08-30 16:24:47,N,1.0,166,255,2.0,8.13,40.8,0.0,0.5,9.16,0.0,,1.0,54.96,1.0,1.0,2.75,0.75,8,green_tripdata_2025-08.parquet
2,2025-08-01 17:28:15,2025-08-01 17:43:36,N,1.0,41,152,1.0,1.87,15.6,2.5,0.5,0.0,0.0,,1.0,19.6,2.0,1.0,0.0,0.0,8,green_tripdata_2025-08.parquet
2,2025-08-10 18:31:50,2025-08-10 18:40:32,N,1.0,74,75,2.0,1.69,10.7,0.0,0.5,2.44,0.0,,1.0,14.64,1.0,1.0,0.0,0.0,8,green_tripdata_2025-08.parquet
6,2025-08-01 12:16:58,2025-08-01 12:36:33,,,61,188,,2.6,0.0,0.0,0.5,0.0,0.0,,0.3,16.0,,,,0.0,8,green_tripdata_2025-08.parquet
2,2025-08-29 00:31:48,2025-08-29 00:31:55,N,5.0,157,157,1.0,0.0,11.0,0.0,0.0,0.0,0.0,,1.0,12.0,1.0,2.0,0.0,0.0,8,green_tripdata_2025-08.parquet
6,2025-08-19 18:19:41,2025-08-19 18:38:44,,,185,81,,2.74,2.9,0.0,0.5,0.0,0.0,,0.3,16.0,,,,0.0,8,green_tripdata_2025-08.parquet
2,2025-08-07 17:41:02,2025-08-07 18:10:52,N,1.0,244,263,1.0,5.83,31.0,2.5,0.5,7.55,0.0,,1.0,45.3,1.0,1.0,2.75,0.0,8,green_tripdata_2025-08.parquet
1,2025-08-02 16:51:22,2025-08-02 16:51:37,N,5.0,129,129,1.0,4.8,20.0,0.0,0.0,2.0,0.0,,0.0,22.0,1.0,2.0,0.0,0.0,8,green_tripdata_2025-08.parquet
2,2025-08-26 01:44:45,2025-08-26 01:54:52,N,5.0,83,129,1.0,1.46,14.09,0.0,0.0,0.0,0.0,,1.0,15.09,1.0,2.0,0.0,0.0,8,green_tripdata_2025-08.parquet
2,2025-08-25 21:26:34,2025-08-25 21:43:08,N,1.0,74,264,1.0,2.21,14.9,1.0,0.5,2.5,0.0,,1.0,19.9,1.0,1.0,0.0,0.0,8,green_tripdata_2025-08.parquet
2,2025-08-14 17:36:02,2025-08-14 17:50:33,N,1.0,74,237,1.0,2.56,16.3,2.5,0.5,4.61,0.0,,1.0,27.66,1.0,1.0,2.75,0.0,8,green_tripdata_2025-08.parquet
2,2025-08-02 23:49:31,2025-08-03 00:11:03,,,112,113,,4.99,28.74,0.0,0.5,8.14,6.94,,1.0,48.82,,,,0.75,8,green_tripdata_2025-08.parquet
6,2025-08-04 10:24:43,2025-08-04 10:41:09,,,142,246,,1.97,2.9,0.0,0.5,0.0,0.0,,0.3,16.0,,,,0.0,8,green_tripdata_2025-08.parquet
2,2025-08-04 17:58:31,2025-08-04 18:04:09,N,1.0,95,95,3.0,0.86,7.2,2.5,0.5,2.24,0.0,,1.0,13.44,1.0,1.0,0.0,0.0,8,green_tripdata_2025-08.parquet
2,2025-08-02 13:57:15,2025-08-02 14:12:05,N,1.0,75,142,2.0,2.57,15.6,0.0,0.5,0.0,0.0,,1.0,19.85,2.0,1.0,2.75,0.0,8,green_tripdata_2025-08.parquet
2,2025-08-21 22:39:55,2025-08-21 23:33:19,N,5.0,119,193,1.0,11.34,85.0,0.0,0.0,100.0,0.0,,1.0,189.5,1.0,2.0,2.75,0.75,8,green_tripdata_2025-08.parquet
2,2025-08-26 19:03:37,2025-08-26 19:21:56,N,1.0,93,170,1.0,8.72,34.5,2.5,0.5,5.0,6.94,,1.0,53.94,1.0,1.0,2.75,0.75,8,green_tripdata_2025-08.parquet
2,2025-08-05 19:17:37,2025-08-05 19:31:09,N,1.0,74,243,2.0,5.33,24.0,2.5,0.5,7.0,0.0,,1.0,35.0,1.0,1.0,0.0,0.0,8,green_tripdata_2025-08.parquet
1,2025-08-09 17:44:58,2025-08-09 18:01:42,N,1.0,74,140,0.0,3.2,18.4,5.25,1.5,5.0,0.0,,1.0,30.15,1.0,1.0,2.75,0.0,8,green_tripdata_2025-08.parquet
2,2025-08-13 18:30:52,2025-08-13 18:43:30,N,1.0,74,75,1.0,1.67,13.5,2.5,0.5,2.0,0.0,,1.0,19.5,1.0,1.0,0.0,0.0,8,green_tripdata_2025-08.parquet
2,2025-08-07 09:49:16,2025-08-07 10:06:25,N,1.0,116,48,1.0,5.52,25.4,0.0,0.5,0.0,0.0,,1.0,30.4,2.0,1.0,2.75,0.75,8,green_tripdata_2025-08.parquet
2,2025-08-02 11:36:17,2025-08-02 11:47:07,N,1.0,65,61,1.0,1.97,12.8,0.0,0.5,2.5,0.0,,1.0,16.8,1.0,1.0,0.0,0.0,8,green_tripdata_2025-08.parquet
2,2025-08-07 11:16:10,2025-08-07 11:39:10,N,1.0,75,170,2.0,3.08,21.9,0.0,0.5,1.0,0.0,,1.0,27.9,1.0,1.0,2.75,0.75,8,green_tripdata_2025-08.parquet
1,2025-08-11 15:44:44,2025-08-11 15:51:01,N,1.0,75,74,1.0,1.3,9.3,0.0,1.5,2.16,0.0,,1.0,12.96,1.0,1.0,0.0,0.0,8,green_tripdata_2025-08.parquet
2,2025-08-29 13:03:24,2025-08-29 13:16:30,N,1.0,95,131,3.0,3.88,19.1,0.0,0.5,0.0,0.0,,1.0,20.6,2.0,1.0,0.0,0.0,8,green_tripdata_2025-08.parquet
2,2025-08-31 20:14:04,2025-08-31 20:19:14,N,1.0,112,112,1.0,0.81,7.2,1.0,0.5,1.94,0.0,,1.0,11.64,1.0,1.0,0.0,0.0,8,green_tripdata_2025-08.parquet
2,2025-08-18 19:36:14,2025-08-18 19:43:49,N,1.0,74,236,1.0,1.75,10.0,2.5,0.5,1.68,0.0,,1.0,18.43,1.0,1.0,2.75,0.0,8,green_tripdata_2025-08.parquet
2,2025-08-27 15:23:36,2025-08-27 16:01:53,N,5.0,93,132,2.0,10.38,80.0,0.0,0.0,8.0,0.0,,1.0,89.0,1.0,2.0,0.0,0.0,8,green_tripdata_2025-08.parquet
2,2025-08-18 05:35:55,2025-08-18 05:46:27,N,1.0,74,151,1.0,1.99,12.8,1.0,0.5,2.0,0.0,,1.0,17.3,1.0,1.0,0.0,0.0,8,green_tripdata_2025-08.parquet
2,2025-08-15 10:05:19,2025-08-15 10:23:24,N,1.0,130,9,1.0,6.68,29.6,0.0,0.5,0.0,0.0,,1.0,31.1,1.0,1.0,0.0,0.0,8,green_tripdata_2025-08.parquet
2,2025-08-24 16:05:39,2025-08-24 16:15:53,N,1.0,74,236,1.0,2.0,12.1,0.0,0.5,3.27,0.0,,1.0,19.62,1.0,1.0,2.75,0.0,8,green_tripdata_2025-08.parquet
2,2025-08-25 21:25:45,2025-08-25 21:32:48,N,1.0,75,74,1.0,1.26,9.3,1.0,0.5,0.0,0.0,,1.0,11.8,1.0,1.0,0.0,0.0,8,green_tripdata_2025-08.parquet
1,2025-08-12 13:38:08,2025-08-12 13:51:03,N,1.0,33,181,1.0,1.9,13.5,0.0,1.5,3.0,0.0,,1.0,18.0,1.0,1.0,0.0,0.0,8,green_tripdata_2025-08.parquet
2,2025-08-20 06:26:20,2025-08-20 06:50:56,N,1.0,74,237,1.0,3.27,23.3,0.0,0.5,5.51,0.0,,1.0,33.06,1.0,1.0,2.75,0.0,8,green_tripdata_2025-08.parquet
2,2025-08-19 15:52:10,2025-08-19 16:03:06,N,1.0,74,236,6.0,1.97,12.8,0.0,0.5,2.56,0.0,,1.0,19.61,1.0,1.0,2.75,0.0,8,green_tripdata_2025-08.parquet
2,2025-08-07 13:31:44,2025-08-07 13:49:59,N,1.0,83,56,2.0,2.23,17.7,0.0,0.5,3.84,0.0,,1.0,23.04,1.0,1.0,0.0,0.0,8,green_tripdata_2025-08.parquet
2,2025-08-08 20:15:26,2025-08-08 20:32:13,N,1.0,33,13,1.0,2.49,17.7,1.0,0.5,4.74,0.0,,1.0,28.44,1.0,1.0,2.75,0.75,8,green_tripdata_2025-08.parquet
2,2025-08-01 13:35:54,2025-08-01 14:22:46,N,1.0,260,196,1.0,2.86,38.0,0.0,0.5,0.0,0.0,,1.0,39.5,2.0,1.0,0.0,0.0,8,green_tripdata_2025-08.parquet
2,2025-08-31 22:31:04,2025-08-31 22:39:13,N,1.0,93,138,1.0,4.06,17.0,6.0,0.5,0.0,0.0,,1.0,24.5,2.0,1.0,0.0,0.0,8,green_tripdata_2025-08.parquet
2,2025-08-12 12:45:22,2025-08-12 13:08:49,N,1.0,97,37,1.0,6.84,33.8,0.0,0.5,0.0,0.0,,1.0,35.3,2.0,1.0,0.0,0.0,8,green_tripdata_2025-08.parquet
1,2025-08-23 08:51:35,2025-08-23 09:00:41,Y,1.0,74,75,1.0,1.3,9.3,0.0,1.5,1.0,0.0,,1.0,11.8,1.0,1.0,0.0,0.0,8,green_tripdata_2025-08.parquet
2,2025-08-30 09:38:27,2025-08-30 09:48:10,N,1.0,116,247,1.0,1.39,11.4,0.0,0.5,0.0,0.0,,1.0,12.9,2.0,1.0,0.0,0.0,8,green_tripdata_2025-08.parquet
2,2025-08-17 02:02:39,2025-08-17 02:19:15,N,1.0,157,37,2.0,3.03,17.7,1.0,0.5,5.05,0.0,,1.0,25.25,1.0,1.0,0.0,0.0,8,green_tripdata_2025-08.parquet
2,2025-08-22 18:09:53,2025-08-22 18:17:21,N,1.0,41,42,1.0,1.32,9.3,2.5,0.5,2.66,0.0,,1.0,15.96,1.0,1.0,0.0,0.0,8,green_tripdata_2025-08.parquet
2,2025-08-23 18:57:54,2025-08-23 19:13:21,N,1.0,74,238,1.0,2.71,16.3,0.0,0.5,2.67,0.0,,1.0,20.47,1.0,1.0,0.0,0.0,8,green_tripdata_2025-08.parquet
2,2025-08-31 11:57:51,2025-08-31 12:30:31,N,1.0,33,36,1.0,6.9,36.6,0.0,0.5,7.62,0.0,,1.0,45.72,1.0,1.0,0.0,0.0,8,green_tripdata_2025-08.parquet
2,2025-08-28 10:04:31,2025-08-28 10:23:28,N,1.0,41,141,1.0,3.17,19.8,0.0,0.5,4.81,0.0,,1.0,28.86,1.0,1.0,2.75,0.0,8,green_tripdata_2025-08.parquet
2,2025-08-11 01:30:11,2025-08-11 01:33:45,N,1.0,95,95,1.0,0.61,5.8,1.0,0.5,2.49,0.0,,1.0,10.79,1.0,1.0,0.0,0.0,8,green_tripdata_2025-08.parquet
2,2025-08-28 07:45:17,2025-08-28 08:05:36,N,1.0,74,140,2.0,3.44,20.5,0.0,0.5,0.0,0.0,,1.0,24.75,1.0,1.0,2.75,0.0,8,green_tripdata_2025-08.parquet
6,2025-08-27 10:47:41,2025-08-27 11:05:49,,,170,7,,3.8,2.9,0.0,0.5,0.0,6.94,,0.3,17.46,,,,0.0,8,green_tripdata_2025-08.parquet
2,2025-08-25 15:45:54,2025-08-25 15:53:49,N,1.0,93,70,1.0,2.03,12.1,0.0,0.5,2.0,0.0,,1.0,15.6,1.0,1.0,0.0,0.0,8,green_tripdata_2025-08.parquet
2,2025-08-10 08:42:05,2025-08-10 08:48:37,N,1.0,41,75,1.0,1.21,8.6,0.0,0.5,2.02,0.0,,1.0,12.12,1.0,1.0,0.0,0.0,8,green_tripdata_2025-08.parquet
6,2025-08-24 11:13:03,2025-08-24 11:24:21,,,188,35,,2.14,2.9,0.0,0.5,0.0,0.0,,0.3,16.0,,,,0.0,8,green_tripdata_2025-08.parquet
2,2025-08-02 14:17:13,2025-08-02 14:39:26,N,1.0,65,228,1.0,3.02,21.9,0.0,0.5,2.5,0.0,,1.0,25.9,1.0,1.0,0.0,0.0,8,green_tripdata_2025-08.parquet
6,2025-08-09 16:45:31,2025-08-09 17:08:48,,,42,60,,5.62,4.35,0.0,0.5,0.0,0.0,,0.3,22.43,,,,0.0,8,green_tripdata_2025-08.parquet
2,2025-08-29 18:25:56,2025-08-29 18:44:49,N,1.0,33,188,1.0,3.07,19.1,2.5,0.5,0.0,0.0,,1.0,23.1,2.0,1.0,0.0,0.0,8,green_tripdata_2025-08.parquet
6,2025-08-04 11:46:08,2025-08-04 12:16:05,,,75,137,,5.74,1.45,0.0,0.5,0.0,0.0,,0.3,20.2,,,,0.0,8,green_tripdata_2025-08.parquet
2,2025-08-29 09:39:06,2025-08-29 09:53:18,N,1.0,74,236,1.0,1.75,13.5,0.0,0.5,3.55,0.0,,1.0,21.3,1.0,1.0,2.75,0.0,8,green_tripdata_2025-08.parquet
2,2025-08-10 16:08:56,2025-08-10 16:16:00,N,1.0,82,95,1.0,1.67,10.0,0.0,0.5,0.0,0.0,,1.0,11.5,2.0,1.0,0.0,0.0,8,green_tripdata_2025-08.parquet
2,2025-08-17 01:33:41,2025-08-17 01:33:53,N,1.0,82,82,1.0,0.0,3.0,1.0,0.5,40.0,0.0,,1.0,45.5,1.0,1.0,0.0,0.0,8,green_tripdata_2025-08.parquet
2,2025-08-27 08:10:58,2025-08-27 08:20:26,N,1.0,74,75,1.0,1.59,10.7,0.0,0.5,2.44,0.0,,1.0,14.64,1.0,1.0,0.0,0.0,8,green_tripdata_2025-08.parquet
2,2025-08-13 21:50:49,2025-08-13 21:57:18,N,1.0,75,263,1.0,1.54,8.6,1.0,0.5,2.77,0.0,,1.0,16.62,1.0,1.0,2.75,0.0,8,green_tripdata_2025-08.parquet
2,2025-08-18 16:34:01,2025-08-18 16:44:00,N,1.0,74,236,1.0,1.89,12.1,2.5,0.5,3.77,0.0,,1.0,22.62,1.0,1.0,2.75,0.0,8,green_tripdata_2025-08.parquet
2,2025-08-25 10:00:54,2025-08-25 10:37:14,N,1.0,97,178,2.0,7.64,42.2,0.0,0.5,0.0,0.0,,1.0,43.7,1.0,1.0,0.0,0.0,8,green_tripdata_2025-08.parquet
1,2025-08-20 09:26:36,2025-08-20 09:52:15,N,1.0,166,140,1.0,3.9,21.9,2.75,1.5,3.0,0.0,,1.0,29.15,1.0,1.0,2.75,0.0,8,green_tripdata_2025-08.parquet
2,2025-08-16 10:03:12,2025-08-16 10:07:40,N,1.0,75,75,1.0,0.87,6.5,0.0,0.5,1.6,0.0,,1.0,9.6,1.0,1.0,0.0,0.0,8,green_tripdata_2025-08.parquet
6,2025-08-25 17:59:34,2025-08-25 18:33:04,,,231,89,,5.15,2.9,0.0,0.5,0.0,0.0,,0.3,26.56,,,,0.0,8,green_tripdata_2025-08.parquet
2,2025-08-18 21:18:13,2025-08-18 21:27:54,N,1.0,83,95,1.0,2.39,13.5,1.0,0.5,0.0,0.0,,1.0,16.0,2.0,1.0,0.0,0.0,8,green_tripdata_2025-08.parquet
2,2025-08-29 16:25:05,2025-08-29 16:52:09,N,1.0,166,211,1.0,7.78,35.9,2.5,0.5,10.85,0.0,,1.0,54.25,1.0,1.0,2.75,0.75,8,green_tripdata_2025-08.parquet
2,2025-08-19 17:51:56,2025-08-19 18:01:38,N,1.0,75,263,6.0,1.12,10.7,2.5,0.5,4.36,0.0,,1.0,21.81,1.0,1.0,2.75,0.0,8,green_tripdata_2025-08.parquet
2,2025-08-01 11:51:15,2025-08-01 11:59:19,N,1.0,166,41,1.0,1.13,9.3,0.0,0.5,1.0,0.0,,1.0,11.8,1.0,1.0,0.0,0.0,8,green_tripdata_2025-08.parquet
2,2025-08-18 11:36:09,2025-08-18 11:38:00,N,1.0,197,197,1.0,0.0,3.0,0.0,0.5,0.0,0.0,,1.0,4.5,2.0,1.0,0.0,0.0,8,green_tripdata_2025-08.parquet
2,2025-08-14 20:11:32,2025-08-14 21:05:17,N,1.0,196,93,1.0,5.4,49.9,1.0,0.5,0.0,0.0,,1.0,52.4,2.0,1.0,0.0,0.0,8,green_tripdata_2025-08.parquet
2,2025-08-18 06:18:30,2025-08-18 06:44:41,N,1.0,196,230,1.0,7.48,33.1,0.0,0.5,0.0,0.0,,1.0,38.1,2.0,1.0,2.75,0.75,8,green_tripdata_2025-08.parquet
2,2025-08-23 08:45:30,2025-08-23 08:52:09,N,1.0,82,82,1.0,1.0,8.6,0.0,0.5,0.0,0.0,,1.0,10.1,2.0,1.0,0.0,0.0,8,green_tripdata_2025-08.parquet
2,2025-08-22 01:46:00,2025-08-22 02:07:26,N,1.0,255,223,1.0,7.72,33.8,1.0,0.5,7.26,0.0,,1.0,43.56,1.0,1.0,0.0,0.0,8,green_tripdata_2025-08.parquet
2,2025-08-19 15:12:00,2025-08-19 15:53:00,,,179,132,,14.98,59.29,0.0,0.5,9.12,0.0,,1.0,69.91,,,,0.0,8,green_tripdata_2025-08.parquet
2,2025-08-13 10:48:58,2025-08-13 11:02:18,N,1.0,74,237,2.0,2.84,15.6,0.0,0.5,3.97,0.0,,1.0,23.82,1.0,1.0,2.75,0.0,8,green_tripdata_2025-08.parquet
2,2025-08-23 13:02:00,2025-08-23 13:31:00,,,41,68,,6.44,35.51,0.0,0.5,8.1,0.0,,1.0,48.61,,,,0.75,8,green_tripdata_2025-08.parquet
2,2025-08-17 22:48:36,2025-08-17 23:12:52,N,1.0,130,36,1.0,10.04,40.8,1.0,0.5,6.0,0.0,,1.0,49.3,1.0,1.0,0.0,0.0,8,green_tripdata_2025-08.parquet
2,2025-08-23 13:08:44,2025-08-23 13:22:14,N,1.0,74,239,1.0,3.18,17.0,0.0,0.5,6.38,0.0,,1.0,27.63,1.0,1.0,2.75,0.0,8,green_tripdata_2025-08.parquet
2,2025-08-14 10:55:34,2025-08-14 11:05:54,N,1.0,41,166,1.0,1.66,11.4,0.0,0.5,0.0,0.0,,1.0,12.9,2.0,1.0,0.0,0.0,8,green_tripdata_2025-08.parquet
2,2025-08-09 12:57:36,2025-08-09 13:47:50,N,1.0,223,216,1.0,12.73,59.0,0.0,0.5,0.0,0.0,,1.0,60.5,2.0,1.0,0.0,0.0,8,green_tripdata_2025-08.parquet
2,2025-08-07 14:24:49,2025-08-07 14:40:50,N,1.0,43,143,2.0,2.41,17.0,0.0,0.5,5.31,0.0,,1.0,26.56,1.0,1.0,2.75,0.0,8,green_tripdata_2025-08.parquet
2,2025-08-09 01:03:12,2025-08-09 01:10:31,N,1.0,95,196,1.0,1.56,10.0,1.0,0.5,5.0,0.0,,1.0,17.5,1.0,1.0,0.0,0.0,8,green_tripdata_2025-08.parquet
2,2025-08-07 08:44:53,2025-08-07 08:58:41,N,1.0,74,236,1.0,2.39,14.9,0.0,0.5,3.83,0.0,,1.0,22.98,1.0,1.0,2.75,0.0,8,green_tripdata_2025-08.parquet
2,2025-08-22 18:38:04,2025-08-22 19:29:13,N,5.0,130,90,2.0,12.9,65.0,0.0,0.0,15.29,6.94,,1.0,91.73,1.0,2.0,2.75,0.75,8,green_tripdata_2025-08.parquet
2,2025-08-06 09:20:51,2025-08-06 09:33:27,N,1.0,74,41,1.0,1.31,12.8,0.0,0.5,0.0,0.0,,1.0,14.3,2.0,1.0,0.0,0.0,8,green_tripdata_2025-08.parquet
2,2025-08-22 20:11:46,2025-08-22 20:30:26,N,1.0,52,14,1.0,4.88,24.0,1.0,0.5,5.3,0.0,,1.0,31.8,1.0,1.0,0.0,0.0,8,green_tripdata_2025-08.parquet
2,2025-08-30 17:42:47,2025-08-30 18:19:33,N,5.0,93,234,2.0,11.15,110.0,0.0,0.0,0.0,0.0,,1.0,114.5,1.0,1.0,2.75,0.75,8,green_tripdata_2025-08.parquet
2,2025-08-02 16:16:41,2025-08-02 16:56:48,N,1.0,82,238,1.0,7.82,42.2,0.0,0.5,9.44,0.0,,1.0,56.64,1.0,1.0,2.75,0.75,8,green_tripdata_2025-08.parquet
2,2025-08-18 16:07:57,2025-08-18 16:21:58,N,1.0,74,69,1.0,1.74,14.2,2.5,0.5,4.55,0.0,,1.0,22.75,1.0,1.0,0.0,0.0,8,green_tripdata_2025-08.parquet
2,2025-08-11 22:32:21,2025-08-11 22:39:37,N,1.0,74,43,1.0,1.68,10.0,1.0,0.5,0.0,0.0,,1.0,12.5,1.0,1.0,0.0,0.0,8,green_tripdata_2025-08.parquet
2,2025-08-03 21:04:01,2025-08-03 21:22:04,N,1.0,74,238,1.0,3.01,19.1,1.0,0.5,4.87,0.0,,1.0,29.22,1.0,1.0,2.75,0.0,8,green_tripdata_2025-08.parquet
6,2025-08-31 09:22:59,2025-08-31 09:51:08,,,76,17,,4.66,2.9,0.0,0.5,0.0,0.0,,0.3,24.08,,,,0.0,8,green_tripdata_2025-08.parquet
2,2025-08-24 13:34:13,2025-08-24 13:52:02,N,1.0,74,151,1.0,2.73,18.4,0.0,0.5,4.98,0.0,,1.0,24.88,1.0,1.0,0.0,0.0,8,green_tripdata_2025-08.parquet
2,2025-08-25 10:29:28,2025-08-25 10:33:43,N,1.0,92,93,1.0,0.0,5.8,0.0,0.5,2.0,0.0,,1.0,9.3,1.0,1.0,0.0,0.0,8,green_tripdata_2025-08.parquet
1,2025-08-03 17:40:52,2025-08-03 17:41:05,N,5.0,93,93,1.0,9.3,0.0,0.0,0.0,0.0,0.0,,0.0,0.0,3.0,2.0,0.0,0.0,8,green_tripdata_2025-08.parquet
2,2025-08-23 06:13:05,2025-08-23 06:28:37,N,1.0,95,132,1.0,7.16,29.6,0.0,0.5,6.22,0.0,,1.0,37.32,1.0,1.0,0.0,0.0,8,green_tripdata_2025-08.parquet
2,2025-08-10 20:10:58,2025-08-10 20:20:19,N,1.0,43,239,1.0,2.09,12.1,1.0,0.5,1.21,0.0,,1.0,18.56,1.0,1.0,2.75,0.0,8,green_tripdata_2025-08.parquet
2,2025-08-20 09:22:21,2025-08-20 09:40:46,N,1.0,74,151,1.0,2.48,17.7,0.0,0.5,4.8,0.0,,1.0,24.0,1.0,1.0,0.0,0.0,8,green_tripdata_2025-08.parquet
1,2025-08-05 22:03:34,2025-08-05 22:35:59,N,5.0,93,33,1.0,10.9,80.0,0.0,0.0,16.0,0.0,,0.0,96.0,1.0,2.0,0.0,0.0,8,green_tripdata_2025-08.parquet
2,2025-08-30 21:29:46,2025-08-30 21:42:14,N,1.0,74,166,1.0,1.94,13.5,1.0,0.5,3.0,0.0,,1.0,19.0,1.0,1.0,0.0,0.0,8,green_tripdata_2025-08.parquet
2,2025-08-28 15:14:56,2025-08-28 15:20:25,N,1.0,43,74,1.0,0.95,7.2,0.0,0.5,0.0,0.0,,1.0,8.7,2.0,1.0,0.0,0.0,8,green_tripdata_2025-08.parquet
2,2025-08-08 18:49:11,2025-08-08 18:59:08,N,1.0,74,75,1.0,1.79,12.1,2.5,0.5,3.0,0.0,,1.0,19.1,1.0,1.0,0.0,0.0,8,green_tripdata_2025-08.parquet
2,2025-08-11 14:40:33,2025-08-11 14:42:37,N,1.0,75,75,1.0,0.3,4.4,0.0,0.5,0.0,0.0,,1.0,5.9,2.0,1.0,0.0,0.0,8,green_tripdata_2025-08.parquet
1,2025-08-26 11:41:32,2025-08-26 11:50:14,N,1.0,74,41,0.0,1.1,9.3,0.0,1.5,2.15,0.0,,1.0,12.95,1.0,1.0,0.0,0.0,8,green_tripdata_2025-08.parquet
2,2025-08-12 13:19:33,2025-08-12 13:19:45,N,5.0,191,191,1.0,0.0,20.0,0.0,0.0,4.2,0.0,,1.0,25.2,1.0,1.0,0.0,0.0,8,green_tripdata_2025-08.parquet
2,2025-08-15 00:10:32,2025-08-15 00:15:39,N,1.0,210,150,1.0,1.23,7.9,1.0,0.5,3.0,0.0,,1.0,13.4,1.0,1.0,0.0,0.0,8,green_tripdata_2025-08.parquet
2,2025-08-08 11:07:09,2025-08-08 11:21:12,N,1.0,74,236,1.0,2.21,14.9,0.0,0.5,2.0,0.0,,1.0,21.15,1.0,1.0,2.75,0.0,8,green_tripdata_2025-08.parquet
2,2025-08-09 19:15:08,2025-08-09 20:57:34,N,1.0,129,56,1.0,3.94,76.5,0.0,0.5,0.0,0.0,,1.0,78.0,2.0,1.0,0.0,0.0,8,green_tripdata_2025-08.parquet
2,2025-08-30 13:31:09,2025-08-30 13:46:45,N,1.0,74,151,1.0,2.44,15.6,0.0,0.5,0.0,0.0,,1.0,17.1,2.0,1.0,0.0,0.0,8,green_tripdata_2025-08.parquet
6,2025-08-07 23:16:35,2025-08-07 23:30:34,,,226,202,,2.1,1.45,0.0,0.5,0.0,0.0,,0.3,16.0,,,,0.0,8,green_tripdata_2025-08.parquet
2,2025-08-04 12:05:20,2025-08-04 12:20:19,N,1.0,74,151,1.0,2.59,15.6,0.0,0.5,0.0,0.0,,1.0,17.1,2.0,1.0,0.0,0.0,8,green_tripdata_2025-08.parquet
2,2025-08-19 10:31:45,2025-08-19 10:43:29,N,1.0,75,263,1.0,1.35,12.1,0.0,0.5,2.0,0.0,,1.0,18.35,1.0,1.0,2.75,0.0,8,green_tripdata_2025-08.parquet
1,2025-08-20 12:03:49,2025-08-20 12:09:22,N,1.0,97,49,1.0,0.8,7.2,0.0,1.5,1.7,0.0,,1.0,10.4,1.0,1.0,0.0,0.0,8,green_tripdata_2025-08.parquet
2,2025-08-21 09:49:50,2025-08-21 10:11:53,N,1.0,166,161,1.0,4.13,24.0,0.0,0.5,0.0,0.0,,1.0,29.0,2.0,1.0,2.75,0.75,8,green_tripdata_2025-08.parquet
2,2025-08-28 07:45:05,2025-08-28 07:56:59,N,1.0,74,75,1.0,1.74,12.1,0.0,0.5,0.0,0.0,,1.0,13.6,2.0,1.0,0.0,0.0,8,green_tripdata_2025-08.parquet
2,2025-08-17 08:46:19,2025-08-17 08:48:03,N,5.0,37,264,1.0,0.0,135.0,0.0,0.0,5.0,0.0,,1.0,141.0,1.0,2.0,0.0,0.0,8,green_tripdata_2025-08.parquet
2,2025-08-08 17:53:48,2025-08-08 18:03:02,N,1.0,75,74,1.0,1.85,11.4,2.5,0.5,5.0,0.0,,1.0,23.15,1.0,1.0,2.75,0.0,8,green_tripdata_2025-08.parquet
2,2025-08-15 16:14:26,2025-08-15 16:26:19,N,1.0,95,28,1.0,2.05,13.5,2.5,0.5,0.0,0.0,,1.0,17.5,2.0,1.0,0.0,0.0,8,green_tripdata_2025-08.parquet
1,2025-08-23 21:13:35,2025-08-23 21:23:22,N,1.0,129,70,1.0,3.2,15.6,1.0,1.5,0.0,0.0,,1.0,18.1,2.0,1.0,0.0,0.0,8,green_tripdata_2025-08.parquet
6,2025-08-06 08:52:53,2025-08-06 09:10:44,,,244,75,,5.99,1.45,0.0,0.5,0.0,0.0,,0.3,22.35,,,,0.0,8,green_tripdata_2025-08.parquet
2,2025-08-22 14:41:33,2025-08-22 14:52:13,N,1.0,97,17,1.0,1.4,11.4,0.0,0.5,2.58,0.0,,1.0,15.48,1.0,1.0,0.0,0.0,8,green_tripdata_2025-08.parquet
2,2025-08-02 18:09:28,2025-08-02 18:26:13,N,1.0,66,25,1.0,1.9,17.0,0.0,0.5,3.7,0.0,,1.0,22.2,1.0,1.0,0.0,0.0,8,green_tripdata_2025-08.parquet
2,2025-08-20 20:53:54,2025-08-20 20:58:02,N,1.0,7,7,1.0,0.78,6.5,1.0,0.5,0.01,0.0,,1.0,9.01,1.0,1.0,0.0,0.0,8,green_tripdata_2025-08.parquet
2,2025-08-20 17:45:58,2025-08-20 18:14:04,N,1.0,83,100,1.0,6.23,32.4,2.5,0.5,9.37,6.94,,1.0,56.21,1.0,1.0,2.75,0.75,8,green_tripdata_2025-08.parquet
2,2025-08-24 18:25:34,2025-08-24 18:38:04,N,1.0,74,263,1.0,2.66,14.2,0.0,0.5,3.0,0.0,,1.0,21.45,1.0,1.0,2.75,0.0,8,green_tripdata_2025-08.parquet
2,2025-08-26 19:09:48,2025-08-26 19:19:54,N,1.0,129,70,1.0,1.42,10.0,2.5,0.5,0.0,0.0,,1.0,14.0,2.0,1.0,0.0,0.0,8,green_tripdata_2025-08.parquet
2,2025-08-18 13:02:12,2025-08-18 13:12:58,N,1.0,74,263,1.0,2.09,12.1,0.0,0.5,3.27,0.0,,1.0,19.62,1.0,1.0,2.75,0.0,8,green_tripdata_2025-08.parquet
1,2025-08-10 19:11:24,2025-08-10 19:32:44,N,1.0,74,162,1.0,5.9,26.8,3.5,1.5,0.0,0.0,,1.0,31.8,1.0,1.0,2.75,0.75,8,green_tripdata_2025-08.parquet
2,2025-08-12 19:29:31,2025-08-12 19:43:34,N,1.0,74,166,2.0,2.06,14.9,2.5,0.5,4.72,0.0,,1.0,23.62,1.0,1.0,0.0,0.0,8,green_tripdata_2025-08.parquet
6,2025-08-31 08:34:07,2025-08-31 09:21:42,,,205,91,,12.64,2.9,0.0,0.5,0.0,0.0,,0.3,51.53,,,,0.0,8,green_tripdata_2025-08.parquet
2,2025-08-29 15:44:23,2025-08-29 15:51:56,N,1.0,7,223,1.0,0.82,8.6,0.0,0.5,0.0,0.0,,1.0,10.1,2.0,1.0,0.0,0.0,8,green_tripdata_2025-08.parquet
6,2025-08-05 10:16:42,2025-08-05 11:06:45,,,61,161,,9.27,2.9,0.0,0.5,0.0,0.0,,0.3,35.98,,,,0.0,8,green_tripdata_2025-08.parquet
6,2025-08-31 16:50:57,2025-08-31 17:10:00,,,7,160,,4.11,2.9,0.0,0.5,0.0,0.0,,0.3,20.3,,,,0.0,8,green_tripdata_2025-08.parquet
2,2025-08-25 21:45:19,2025-08-25 22:36:38,N,1.0,247,163,1.0,8.11,53.4,1.0,0.5,5.0,6.94,,1.0,71.34,1.0,1.0,2.75,0.75,8,green_tripdata_2025-08.parquet
1,2025-08-05 16:09:07,2025-08-05 16:30:44,N,1.0,243,18,1.0,3.3,21.2,2.5,1.5,0.0,0.0,,1.0,25.2,2.0,1.0,0.0,0.0,8,green_tripdata_2025-08.parquet
2,2025-08-25 17:23:00,2025-08-25 17:35:07,N,1.0,42,75,1.0,2.42,14.2,2.5,0.5,0.0,0.0,,1.0,18.2,2.0,1.0,0.0,0.0,8,green_tripdata_2025-08.parquet
2,2025-08-22 14:27:52,2025-08-22 14:55:52,N,1.0,95,191,1.0,6.18,30.3,0.0,0.5,0.0,0.0,,1.0,31.8,2.0,1.0,0.0,0.0,8,green_tripdata_2025-08.parquet
2,2025-08-28 06:03:56,2025-08-28 06:13:24,N,1.0,74,75,1.0,1.59,11.4,0.0,0.5,0.0,0.0,,1.0,12.9,2.0,1.0,0.0,0.0,8,green_tripdata_2025-08.parquet
2,2025-08-11 12:25:21,2025-08-11 12:42:32,N,1.0,74,262,1.0,2.9,17.7,0.0,0.5,4.39,0.0,,1.0,26.34,1.0,1.0,2.75,0.0,8,green_tripdata_2025-08.parquet
2,2025-08-09 15:59:20,2025-08-09 16:23:26,N,1.0,75,164,1.0,3.74,23.3,0.0,0.5,2.0,0.0,,1.0,30.3,1.0,1.0,2.75,0.75,8,green_tripdata_2025-08.parquet
6,2025-08-16 17:05:25,2025-08-16 17:47:41,,,72,117,,12.69,5.8,0.0,0.5,0.0,2.6,,0.3,46.8,,,,0.0,8,green_tripdata_2025-08.parquet
2,2025-08-20 21:37:07,2025-08-20 21:49:16,N,1.0,75,262,1.0,2.04,13.5,1.0,0.5,3.75,0.0,,1.0,22.5,1.0,1.0,2.75,0.0,8,green_tripdata_2025-08.parquet
2,2025-08-20 19:43:16,2025-08-20 19:55:26,N,1.0,74,24,1.0,1.66,12.8,2.5,0.5,3.02,0.0,,1.0,19.82,1.0,1.0,0.0,0.0,8,green_tripdata_2025-08.parquet
2,2025-08-29 00:29:24,2025-08-29 00:53:38,N,1.0,93,181,2.0,12.69,49.9,1.0,0.5,10.48,0.0,,1.0,62.88,1.0,1.0,0.0,0.0,8,green_tripdata_2025-08.parquet
2,2025-08-20 05:35:28,2025-08-20 05:43:04,N,1.0,74,75,1.0,1.88,10.7,1.0,0.5,2.64,0.0,,1.0,15.84,1.0,1.0,0.0,0.0,8,green_tripdata_2025-08.parquet
2,2025-08-27 17:24:31,2025-08-27 17:37:26,N,1.0,43,238,1.0,1.34,12.1,2.5,0.5,3.77,0.0,,1.0,22.62,1.0,1.0,2.75,0.0,8,green_tripdata_2025-08.parquet
2,2025-08-21 18:16:38,2025-08-21 18:47:30,N,1.0,65,91,3.0,5.66,32.4,2.5,0.5,9.1,0.0,,1.0,45.5,1.0,1.0,0.0,0.0,8,green_tripdata_2025-08.parquet
6,2025-08-21 07:03:48,2025-08-21 09:25:55,,,203,238,,20.82,2.9,0.0,0.5,0.0,0.0,,0.3,63.06,,,,0.0,8,green_tripdata_2025-08.parquet
2,2025-08-20 15:38:17,2025-08-20 15:52:57,N,1.0,43,237,1.0,2.16,15.6,0.0,0.5,2.98,0.0,,1.0,22.83,1.0,1.0,2.75,0.0,8,green_tripdata_2025-08.parquet
2,2025-08-03 18:54:56,2025-08-03 19:50:21,N,1.0,129,118,1.0,19.99,80.0,0.0,0.5,0.0,0.0,,1.0,81.5,1.0,1.0,0.0,0.0,8,green_tripdata_2025-08.parquet
2,2025-08-03 13:44:17,2025-08-03 13:48:19,N,1.0,41,41,1.0,0.7,6.5,0.0,0.5,1.6,0.0,,1.0,9.6,1.0,1.0,0.0,0.0,8,green_tripdata_2025-08.parquet
2,2025-08-05 07:31:18,2025-08-05 07:48:11,N,1.0,33,249,1.0,3.89,19.8,0.0,0.5,4.46,0.0,,1.0,29.26,1.0,1.0,2.75,0.75,8,green_tripdata_2025-08.parquet
2,2025-08-09 21:56:42,2025-08-09 21:56:42,N,5.0,223,264,1.0,0.0,12.0,0.0,0.0,2.4,0.0,,0.0,14.4,1.0,2.0,0.0,0.0,8,green_tripdata_2025-08.parquet
2,2025-08-24 09:40:14,2025-08-24 09:46:34,N,1.0,74,42,1.0,0.82,7.9,0.0,0.5,0.0,0.0,,1.0,9.4,2.0,1.0,0.0,0.0,8,green_tripdata_2025-08.parquet
2,2025-08-23 12:23:15,2025-08-23 12:26:49,N,1.0,97,181,1.0,0.61,5.8,0.0,0.5,1.82,0.0,,1.0,9.12,1.0,1.0,0.0,0.0,8,green_tripdata_2025-08.parquet
2,2025-08-06 10:56:12,2025-08-06 11:03:16,N,1.0,75,74,1.0,1.29,9.3,0.0,0.5,1.62,0.0,,1.0,12.42,1.0,1.0,0.0,0.0,8,green_tripdata_2025-08.parquet
2,2025-08-21 09:04:33,2025-08-21 09:14:10,N,1.0,75,75,1.0,0.92,9.3,0.0,0.5,0.0,0.0,,1.0,10.8,2.0,1.0,0.0,0.0,8,green_tripdata_2025-08.parquet
2,2025-08-20 16:01:02,2025-08-20 16:08:18,N,1.0,95,95,3.0,1.21,8.6,2.5,0.5,1.0,0.0,,1.0,13.6,1.0,1.0,0.0,0.0,8,green_tripdata_2025-08.parquet
2,2025-08-23 18:57:23,2025-08-23 19:02:02,N,1.0,41,166,1.0,0.7,6.5,0.0,0.5,0.0,0.0,,1.0,8.0,2.0,1.0,0.0,0.0,8,green_tripdata_2025-08.parquet
2,2025-08-31 23:52:00,2025-09-01 00:09:46,N,1.0,93,223,1.0,8.52,35.2,1.0,0.5,4.0,0.0,,1.0,41.7,1.0,1.0,0.0,0.0,8,green_tripdata_2025-08.parquet
2,2025-08-13 13:41:54,2025-08-13 13:48:05,N,1.0,75,41,1.0,1.22,8.6,0.0,0.5,0.0,0.0,,1.0,10.1,2.0,1.0,0.0,0.0,8,green_tripdata_2025-08.parquet
2,2025-08-14 06:03:33,2025-08-14 06:14:34,N,1.0,74,140,1.0,3.63,17.7,0.0,0.5,4.39,0.0,,1.0,26.34,1.0,1.0,2.75,0.0,8,green_tripdata_2025-08.parquet
2,2025-08-16 15:35:24,2025-08-16 15:45:02,N,1.0,74,75,1.0,1.28,10.7,0.0,0.5,2.44,0.0,,1.0,14.64,1.0,1.0,0.0,0.0,8,green_tripdata_2025-08.parquet
2,2025-08-21 18:16:51,2025-08-21 18:27:34,N,1.0,82,70,1.0,2.96,14.9,2.5,0.5,3.78,0.0,,1.0,22.68,1.0,1.0,0.0,0.0,8,green_tripdata_2025-08.parquet
2,2025-08-26 23:47:05,2025-08-27 00:00:57,N,1.0,244,238,1.0,4.92,22.6,1.0,0.5,1.0,0.0,,1.0,28.85,1.0,1.0,2.75,0.0,8,green_tripdata_2025-08.parquet
2,2025-08-18 01:25:15,2025-08-18 01:30:49,N,1.0,244,243,1.0,1.27,8.6,1.0,0.5,0.0,0.0,,1.0,11.1,2.0,1.0,0.0,0.0,8,green_tripdata_2025-08.parquet
2,2025-08-23 00:45:15,2025-08-23 00:53:20,N,1.0,95,28,1.0,2.28,12.1,1.0,0.5,2.92,0.0,,1.0,17.52,1.0,1.0,0.0,0.0,8,green_tripdata_2025-08.parquet
2,2025-08-31 12:24:22,2025-08-31 12:28:43,N,1.0,41,42,1.0,0.81,6.5,0.0,0.5,0.0,0.0,,1.0,8.0,2.0,1.0,0.0,0.0,8,green_tripdata_2025-08.parquet
2,2025-08-17 01:43:29,2025-08-18 00:37:58,N,1.0,255,79,1.0,0.0,19.1,1.0,0.5,0.0,0.0,,1.0,25.1,1.0,1.0,2.75,0.75,8,green_tripdata_2025-08.parquet
6,2025-08-05 14:06:43,2025-08-05 14:22:20,,,95,56,,1.9,2.9,0.0,0.5,0.0,0.0,,0.3,16.0,,,,0.0,8,green_tripdata_2025-08.parquet
2,2025-08-01 17:07:33,2025-08-01 17:26:17,N,1.0,74,24,3.0,1.98,17.7,2.5,0.5,4.34,0.0,,1.0,26.04,1.0,1.0,0.0,0.0,8,green_tripdata_2025-08.parquet
2,2025-08-17 00:21:23,2025-08-17 00:37:58,N,1.0,255,17,1.0,0.0,14.2,1.0,0.5,3.34,0.0,,1.0,20.04,1.0,1.0,0.0,0.0,8,green_tripdata_2025-08.parquet
2,2025-08-10 04:31:18,2025-08-10 04:31:23,N,5.0,129,129,2.0,0.0,19.0,0.0,0.0,0.0,0.0,,1.0,20.0,3.0,2.0,0.0,0.0,8,green_tripdata_2025-08.parquet
2,2025-08-24 18:45:49,2025-08-24 19:05:50,N,1.0,82,9,6.0,6.54,29.6,0.0,0.5,0.0,0.0,,1.0,31.1,2.0,1.0,0.0,0.0,8,green_tripdata_2025-08.parquet
2,2025-08-07 12:13:00,2025-08-07 12:32:00,,,41,237,,3.23,28.11,0.0,0.5,4.34,0.0,,1.0,36.7,,,,0.0,8,green_tripdata_2025-08.parquet
2,2025-08-26 00:11:16,2025-08-26 00:18:24,N,1.0,74,75,1.0,1.53,9.3,1.0,0.5,0.59,0.0,,1.0,12.39,1.0,1.0,0.0,0.0,8,green_tripdata_2025-08.parquet
2,2025-08-06 07:46:49,2025-08-06 07:46:51,N,5.0,166,264,1.0,0.0,15.0,0.0,0.0,0.0,0.0,,1.0,16.0,1.0,2.0,0.0,0.0,8,green_tripdata_2025-08.parquet
2,2025-08-24 18:37:46,2025-08-24 18:51:37,N,1.0,74,236,1.0,2.38,14.9,0.0,0.5,0.0,0.0,,1.0,19.15,2.0,1.0,2.75,0.0,8,green_tripdata_2025-08.parquet
2,2025-08-08 10:42:17,2025-08-08 11:10:42,N,1.0,41,243,1.0,5.83,31.7,0.0,0.5,4.5,0.0,,1.0,37.7,1.0,1.0,0.0,0.0,8,green_tripdata_2025-08.parquet
2,2025-08-23 11:35:33,2025-08-23 11:43:12,N,1.0,97,189,1.0,0.97,9.3,0.0,0.5,2.16,0.0,,1.0,12.96,1.0,1.0,0.0,0.0,8,green_tripdata_2025-08.parquet
2,2025-08-28 23:04:06,2025-08-28 23:13:19,N,1.0,25,181,2.0,1.24,10.0,1.0,0.5,0.0,0.0,,1.0,12.5,2.0,1.0,0.0,0.0,8,green_tripdata_2025-08.parquet
2,2025-08-20 12:22:02,2025-08-20 12:24:49,N,1.0,75,236,1.0,0.76,5.8,0.0,0.5,2.01,0.0,,1.0,12.06,1.0,1.0,2.75,0.0,8,green_tripdata_2025-08.parquet
1,2025-08-15 08:44:34,2025-08-15 09:00:26,N,1.0,74,166,0.0,2.1,15.6,0.0,1.5,3.4,0.0,,1.0,20.5,1.0,1.0,0.0,0.0,8,green_tripdata_2025-08.parquet
2,2025-08-14 22:44:08,2025-08-14 22:58:39,N,1.0,74,141,1.0,3.05,17.0,1.0,0.5,3.34,0.0,,1.0,25.59,1.0,1.0,2.75,0.0,8,green_tripdata_2025-08.parquet
2,2025-08-06 11:03:48,2025-08-06 11:09:52,N,1.0,75,74,6.0,1.2,7.9,0.0,0.5,2.35,0.0,,1.0,11.75,1.0,1.0,0.0,0.0,8,green_tripdata_2025-08.parquet
6,2025-08-05 06:32:55,2025-08-05 07:00:59,,,97,263,,10.15,2.9,0.0,0.5,0.0,0.0,,0.3,34.81,,,,0.0,8,green_tripdata_2025-08.parquet
2,2025-08-13 10:52:11,2025-08-13 10:58:56,N,1.0,244,244,3.0,0.47,7.2,0.0,0.5,1.74,0.0,,1.0,10.44,1.0,1.0,0.0,0.0,8,green_tripdata_2025-08.parquet
2,2025-08-21 11:34:47,2025-08-21 11:44:57,N,1.0,95,95,1.0,0.58,10.0,0.0,0.5,0.0,0.0,,1.0,11.5,2.0,1.0,0.0,0.0,8,green_tripdata_2025-08.parquet
2,2025-08-02 00:58:41,2025-08-02 01:04:59,N,1.0,74,41,1.0,0.86,7.9,1.0,0.5,0.0,0.0,,1.0,10.4,1.0,1.0,0.0,0.0,8,green_tripdata_2025-08.parquet
2,2025-08-11 08:46:03,2025-08-11 08:49:49,N,1.0,75,75,5.0,0.89,6.5,0.0,0.5,1.6,0.0,,1.0,9.6,1.0,1.0,0.0,0.0,8,green_tripdata_2025-08.parquet
2,2025-08-10 19:34:49,2025-08-10 19:48:53,N,1.0,244,116,6.0,1.9,14.2,0.0,0.5,0.0,0.0,,1.0,15.7,2.0,1.0,0.0,0.0,8,green_tripdata_2025-08.parquet
2,2025-08-02 20:37:11,2025-08-02 20:45:38,N,1.0,97,33,1.0,1.13,9.3,1.0,0.5,2.36,0.0,,1.0,14.16,1.0,1.0,0.0,0.0,8,green_tripdata_2025-08.parquet
2,2025-08-08 21:08:02,2025-08-08 21:17:00,N,1.0,74,141,1.0,2.68,12.8,1.0,0.5,5.42,0.0,,1.0,23.47,1.0,1.0,2.75,0.0,8,green_tripdata_2025-08.parquet
2,2025-09-20 20:06:51,2025-09-20 20:29:37,N,5.0,173,74,3.0,8.54,85.0,0.0,0.0,0.0,0.0,,1.0,86.0,1.0,2.0,0.0,0.0,9,green_tripdata_2025-09.parquet
2,2025-09-10 16:34:23,2025-09-10 16:54:38,N,1.0,74,237,2.0,2.72,19.1,2.5,0.5,0.0,0.0,,1.0,25.85,2.0,1.0,2.75,0.0,9,green_tripdata_2025-09.parquet
2,2025-09-27 14:15:14,2025-09-27 14:24:13,N,1.0,41,74,1.0,0.82,9.3,0.0,0.5,0.0,0.0,,1.0,10.8,2.0,1.0,0.0,0.0,9,green_tripdata_2025-09.parquet
2,2025-09-15 14:31:53,2025-09-15 14:38:12,N,1.0,75,74,1.0,1.33,8.6,0.0,0.5,2.02,0.0,,1.0,12.12,1.0,1.0,0.0,0.0,9,green_tripdata_2025-09.parquet
2,2025-09-17 21:02:06,2025-09-17 21:19:44,N,5.0,93,255,1.0,9.46,50.0,0.0,0.0,5.0,0.0,,1.0,56.0,1.0,2.0,0.0,0.0,9,green_tripdata_2025-09.parquet
2,2025-09-19 18:28:51,2025-09-19 19:07:51,N,1.0,129,130,2.0,5.4,35.9,2.5,0.5,0.0,0.0,,1.0,39.9,2.0,1.0,0.0,0.0,9,green_tripdata_2025-09.parquet
2,2025-09-04 20:45:13,2025-09-04 21:13:04,N,5.0,130,162,1.0,12.88,65.0,0.0,0.0,10.0,6.94,,1.0,86.44,1.0,2.0,2.75,0.75,9,green_tripdata_2025-09.parquet
2,2025-09-28 13:35:28,2025-09-28 13:48:49,N,1.0,7,226,1.0,2.19,14.2,0.0,0.5,0.0,0.0,,1.0,15.7,2.0,1.0,0.0,0.0,9,green_tripdata_2025-09.parquet
2,2025-09-22 17:45:18,2025-09-22 17:55:55,N,1.0,223,223,1.0,1.3,10.7,2.5,0.5,4.41,0.0,,1.0,19.11,1.0,1.0,0.0,0.0,9,green_tripdata_2025-09.parquet
2,2025-09-05 00:33:14,2025-09-05 00:54:49,N,1.0,93,65,1.0,11.07,42.2,1.0,0.5,8.94,0.0,,1.0,53.64,1.0,1.0,0.0,0.0,9,green_tripdata_2025-09.parquet
1,2025-09-25 11:23:42,2025-09-25 11:28:30,N,1.0,74,74,1.0,1.0,7.2,0.0,1.5,0.0,0.0,,1.0,8.7,2.0,1.0,0.0,0.0,9,green_tripdata_2025-09.parquet
2,2025-09-02 18:33:38,2025-09-02 19:01:37,N,1.0,244,48,1.0,8.58,39.4,2.5,0.5,0.0,0.0,,1.0,46.9,2.0,1.0,2.75,0.75,9,green_tripdata_2025-09.parquet
2,2025-09-29 15:38:22,2025-09-29 15:56:24,N,1.0,75,244,6.0,4.13,21.2,0.0,0.5,0.0,0.0,,1.0,22.7,2.0,1.0,0.0,0.0,9,green_tripdata_2025-09.parquet
6,2025-09-21 14:39:58,2025-09-21 15:14:32,,,174,82,,13.51,0.0,0.0,0.5,0.0,6.94,,0.3,36.55,,,,0.0,9,green_tripdata_2025-09.parquet
2,2025-09-06 07:53:34,2025-09-06 07:54:45,N,1.0,74,75,1.0,0.5,4.4,0.0,0.5,0.0,0.0,,1.0,5.9,2.0,1.0,0.0,0.0,9,green_tripdata_2025-09.parquet
2,2025-09-12 06:43:13,2025-09-12 07:14:57,N,1.0,92,226,2.0,8.45,38.7,0.0,0.5,5.0,0.0,,1.0,45.2,1.0,1.0,0.0,0.0,9,green_tripdata_2025-09.parquet
2,2025-09-22 17:32:02,2025-09-22 17:41:07,N,1.0,166,239,1.0,1.64,11.4,2.5,0.5,3.63,0.0,,1.0,21.78,1.0,1.0,2.75,0.0,9,green_tripdata_2025-09.parquet
2,2025-09-09 21:41:29,2025-09-09 21:48:34,N,1.0,95,95,1.0,1.02,8.6,1.0,0.5,1.0,0.0,,1.0,12.1,1.0,1.0,0.0,0.0,9,green_tripdata_2025-09.parquet
2,2025-09-23 15:03:45,2025-09-23 15:11:35,N,1.0,69,167,1.0,0.96,8.6,0.0,0.5,1.08,0.0,,1.0,11.18,1.0,1.0,0.0,0.0,9,green_tripdata_2025-09.parquet
2,2025-09-27 12:20:40,2025-09-27 12:30:51,N,1.0,166,42,1.0,1.67,11.4,0.0,0.5,0.0,0.0,,1.0,12.9,2.0,1.0,0.0,0.0,9,green_tripdata_2025-09.parquet
2,2025-09-16 10:20:36,2025-09-16 10:37:22,N,1.0,61,61,2.0,2.05,16.3,0.0,0.5,0.0,0.0,,1.0,17.8,2.0,1.0,0.0,0.0,9,green_tripdata_2025-09.parquet
1,2025-09-26 17:42:36,2025-09-26 17:50:44,N,1.0,55,55,0.0,1.3,10.0,2.5,1.5,0.0,0.0,,1.0,14.0,2.0,1.0,0.0,0.0,9,green_tripdata_2025-09.parquet
2,2025-09-03 10:40:19,2025-09-03 10:47:43,N,1.0,166,151,1.0,0.91,7.2,0.0,0.5,0.0,0.0,,1.0,8.7,2.0,1.0,0.0,0.0,9,green_tripdata_2025-09.parquet
2,2025-09-20 22:17:08,2025-09-20 22:30:22,N,1.0,74,238,1.0,2.89,15.6,1.0,0.5,4.17,0.0,,1.0,25.02,1.0,1.0,2.75,0.0,9,green_tripdata_2025-09.parquet
2,2025-09-04 08:40:17,2025-09-04 08:52:42,N,1.0,74,42,1.0,1.29,12.8,0.0,0.5,2.86,0.0,,1.0,17.16,1.0,1.0,0.0,0.0,9,green_tripdata_2025-09.parquet
2,2025-09-04 18:50:20,2025-09-04 19:18:56,N,1.0,95,171,1.0,6.9,35.2,2.5,0.5,7.84,0.0,,1.0,47.04,1.0,1.0,0.0,0.0,9,green_tripdata_2025-09.parquet
2,2025-09-09 16:35:49,2025-09-09 16:55:33,N,1.0,74,236,1.0,2.2,19.1,2.5,0.5,5.17,0.0,,1.0,31.02,1.0,1.0,2.75,0.0,9,green_tripdata_2025-09.parquet
6,2025-09-15 16:25:00,2025-09-15 16:56:48,,,127,263,,6.35,2.9,0.0,0.5,0.0,0.0,,0.3,21.66,,,,0.0,9,green_tripdata_2025-09.parquet
2,2025-09-01 16:35:16,2025-09-01 16:46:47,N,1.0,66,65,1.0,1.39,12.1,2.5,0.5,3.22,0.0,,1.0,19.32,1.0,1.0,0.0,0.0,9,green_tripdata_2025-09.parquet
1,2025-09-22 17:59:36,2025-09-22 18:18:26,N,1.0,97,33,0.0,2.0,17.7,2.5,1.5,0.0,0.0,,1.0,21.7,2.0,1.0,0.0,0.0,9,green_tripdata_2025-09.parquet
6,2025-09-24 18:09:20,2025-09-24 18:25:43,,,208,47,,5.35,2.9,0.0,0.5,0.0,0.0,,0.3,23.85,,,,0.0,9,green_tripdata_2025-09.parquet
2,2025-09-27 02:43:06,2025-09-27 02:43:14,N,5.0,17,17,2.0,0.0,34.0,0.0,0.0,0.0,0.0,,1.0,35.0,1.0,2.0,0.0,0.0,9,green_tripdata_2025-09.parquet
2,2025-09-28 08:59:02,2025-09-28 09:06:47,N,1.0,74,166,1.0,1.43,10.0,0.0,0.5,0.0,0.0,,1.0,11.5,2.0,1.0,0.0,0.0,9,green_tripdata_2025-09.parquet
2,2025-09-21 17:33:34,2025-09-21 17:42:48,N,1.0,95,28,1.0,1.69,11.4,0.0,0.5,3.22,0.0,,1.0,16.12,1.0,1.0,0.0,0.0,9,green_tripdata_2025-09.parquet
2,2025-09-01 14:57:43,2025-09-01 15:12:07,N,1.0,97,181,1.0,2.08,14.2,0.0,0.5,3.14,0.0,,1.0,18.84,1.0,1.0,0.0,0.0,9,green_tripdata_2025-09.parquet
1,2025-09-29 16:32:28,2025-09-29 16:54:47,N,1.0,74,238,1.0,3.2,19.1,5.25,1.5,5.17,0.0,,1.0,31.02,1.0,1.0,2.75,0.0,9,green_tripdata_2025-09.parquet
2,2025-09-26 10:54:31,2025-09-26 11:18:21,N,1.0,166,90,1.0,6.51,31.0,0.0,0.5,9.0,0.0,,1.0,45.0,1.0,1.0,2.75,0.75,9,green_tripdata_2025-09.parquet
2,2025-09-19 01:05:57,2025-09-19 01:09:04,N,5.0,157,157,1.0,0.54,14.0,0.0,0.0,3.0,0.0,,1.0,18.0,1.0,2.0,0.0,0.0,9,green_tripdata_2025-09.parquet
1,2025-09-01 17:11:56,2025-09-01 17:26:43,N,1.0,93,138,1.0,4.8,21.9,7.5,1.5,0.0,0.0,,1.0,30.9,1.0,1.0,0.0,0.0,9,green_tripdata_2025-09.parquet
2,2025-09-18 10:26:52,2025-09-18 10:45:29,N,1.0,74,142,1.0,3.64,19.1,0.0,0.5,1.88,0.0,,1.0,25.23,1.0,1.0,2.75,0.0,9,green_tripdata_2025-09.parquet
2,2025-09-01 22:03:59,2025-09-01 22:31:53,N,5.0,93,33,2.0,12.42,69.0,0.0,0.0,10.0,0.0,,1.0,80.0,1.0,2.0,0.0,0.0,9,green_tripdata_2025-09.parquet
6,2025-09-02 10:34:12,2025-09-02 10:58:25,,,108,165,,4.0,2.9,0.0,0.5,0.0,0.0,,0.3,18.35,,,,0.0,9,green_tripdata_2025-09.parquet
2,2025-09-26 23:34:51,2025-09-26 23:49:55,N,1.0,74,239,1.0,3.5,18.4,1.0,0.5,4.73,0.0,,1.0,28.38,1.0,1.0,2.75,0.0,9,green_tripdata_2025-09.parquet
6,2025-09-29 08:09:52,2025-09-29 09:29:33,,,61,209,,6.15,2.9,0.0,0.5,0.0,0.0,,0.3,29.18,,,,0.0,9,green_tripdata_2025-09.parquet
2,2025-09-23 16:35:51,2025-09-23 16:53:03,N,1.0,74,239,1.0,3.65,19.8,2.5,0.5,1.0,0.0,,1.0,27.55,1.0,1.0,2.75,0.0,9,green_tripdata_2025-09.parquet
2,2025-09-30 07:52:13,2025-09-30 08:07:19,N,1.0,74,166,1.0,1.93,14.9,0.0,0.5,3.28,0.0,,1.0,19.68,1.0,1.0,0.0,0.0,9,green_tripdata_2025-09.parquet
1,2025-09-27 15:46:21,2025-09-27 16:17:28,N,1.0,41,90,2.0,7.4,35.2,3.5,1.5,8.0,0.0,,1.0,48.2,1.0,1.0,2.75,0.75,9,green_tripdata_2025-09.parquet
2,2025-09-07 00:29:50,2025-09-07 00:53:57,N,1.0,93,16,2.0,9.46,40.1,1.0,0.5,0.0,0.0,,1.0,42.6,1.0,1.0,0.0,0.0,9,green_tripdata_2025-09.parquet
2,2025-09-12 09:32:42,2025-09-12 09:46:31,N,1.0,74,138,1.0,6.87,28.9,5.0,0.5,0.0,6.94,,1.0,42.34,1.0,1.0,0.0,0.0,9,green_tripdata_2025-09.parquet
2,2025-09-25 11:23:52,2025-09-25 11:36:09,N,1.0,75,142,1.0,2.18,13.5,0.0,0.5,1.78,0.0,,1.0,19.53,1.0,1.0,2.75,0.0,9,green_tripdata_2025-09.parquet
2,2025-09-14 14:04:40,2025-09-14 14:18:59,N,1.0,82,138,1.0,4.71,21.2,5.0,0.5,0.0,0.0,,1.0,27.7,1.0,1.0,0.0,0.0,9,green_tripdata_2025-09.parquet
2,2025-09-29 08:33:00,2025-09-29 08:52:00,,,41,69,,3.08,25.54,0.0,0.5,4.06,0.0,,1.0,31.1,,,,0.0,9,green_tripdata_2025-09.parquet
2,2025-09-19 23:35:01,2025-09-19 23:40:28,N,1.0,61,61,1.0,1.16,7.9,1.0,0.5,2.6,0.0,,1.0,13.0,1.0,1.0,0.0,0.0,9,green_tripdata_2025-09.parquet
2,2025-09-30 22:04:20,2025-09-30 22:09:58,N,1.0,7,7,1.0,0.83,7.2,1.0,0.5,1.94,0.0,,1.0,11.64,1.0,1.0,0.0,0.0,9,green_tripdata_2025-09.parquet
2,2025-09-13 21:17:37,2025-09-13 21:28:44,N,1.0,93,260,1.0,5.39,22.6,1.0,0.5,0.0,0.0,,1.0,25.1,2.0,1.0,0.0,0.0,9,green_tripdata_2025-09.parquet
2,2025-09-07 10:43:59,2025-09-07 10:52:46,N,1.0,97,181,2.0,1.48,11.4,0.0,0.5,3.22,0.0,,1.0,16.12,1.0,1.0,0.0,0.0,9,green_tripdata_2025-09.parquet
2,2025-09-23 16:27:22,2025-09-23 16:43:34,N,1.0,74,166,1.0,1.9,15.6,2.5,0.5,0.0,0.0,,1.0,19.6,2.0,1.0,0.0,0.0,9,green_tripdata_2025-09.parquet
2,2025-09-11 16:06:50,2025-09-11 16:18:54,N,1.0,74,41,1.0,1.53,12.1,2.5,0.5,5.0,0.0,,1.0,21.1,1.0,1.0,0.0,0.0,9,green_tripdata_2025-09.parquet
2,2025-09-23 07:13:44,2025-09-23 07:25:43,N,1.0,74,166,1.0,2.07,13.5,0.0,0.5,0.0,0.0,,1.0,15.0,1.0,1.0,0.0,0.0,9,green_tripdata_2025-09.parquet
2,2025-09-11 17:19:33,2025-09-11 17:28:30,N,1.0,134,135,1.0,1.58,10.7,2.5,0.5,4.41,0.0,,1.0,19.11,1.0,1.0,0.0,0.0,9,green_tripdata_2025-09.parquet
2,2025-09-10 17:24:52,2025-09-10 17:29:09,,,193,193,,0.01,13.82,0.0,0.5,3.06,0.0,,1.0,18.38,,,,0.0,9,green_tripdata_2025-09.parquet
2,2025-09-15 14:35:48,2025-09-15 14:52:19,N,1.0,75,237,1.0,2.21,17.0,0.0,0.5,0.0,0.0,,1.0,21.25,2.0,1.0,2.75,0.0,9,green_tripdata_2025-09.parquet
2,2025-09-08 17:17:13,2025-09-08 17:32:49,N,1.0,95,135,1.0,0.0,13.5,2.5,0.5,0.0,0.0,,1.0,17.5,2.0,1.0,0.0,0.0,9,green_tripdata_2025-09.parquet
2,2025-09-29 18:23:49,2025-09-29 18:42:18,N,1.0,74,141,1.0,2.61,17.0,2.5,0.5,4.75,0.0,,1.0,28.5,1.0,1.0,2.75,0.0,9,green_tripdata_2025-09.parquet
2,2025-09-10 17:02:21,2025-09-10 17:07:46,N,1.0,43,43,1.0,0.77,7.2,2.5,0.5,2.24,0.0,,1.0,13.44,1.0,1.0,0.0,0.0,9,green_tripdata_2025-09.parquet
2,2025-09-03 15:31:02,2025-09-03 15:32:22,N,1.0,74,74,1.0,0.03,3.7,0.0,0.5,0.0,0.0,,1.0,5.2,2.0,1.0,0.0,0.0,9,green_tripdata_2025-09.parquet
1,2025-09-26 17:12:56,2025-09-26 17:17:45,N,1.0,55,55,0.0,0.9,7.2,2.5,1.5,0.0,0.0,,1.0,11.2,2.0,1.0,0.0,0.0,9,green_tripdata_2025-09.parquet
2,2025-09-25 09:40:04,2025-09-25 09:57:34,N,1.0,74,75,6.0,1.69,16.3,0.0,0.5,3.56,0.0,,1.0,21.36,1.0,1.0,0.0,0.0,9,green_tripdata_2025-09.parquet
2,2025-09-11 09:48:26,2025-09-11 10:12:16,N,1.0,42,48,1.0,6.19,31.7,0.0,0.5,7.34,0.0,,1.0,44.04,1.0,1.0,2.75,0.75,9,green_tripdata_2025-09.parquet
2,2025-09-06 23:05:52,2025-09-06 23:16:15,N,1.0,25,45,2.0,2.25,13.5,1.0,0.5,0.0,0.0,,1.0,19.5,1.0,1.0,2.75,0.75,9,green_tripdata_2025-09.parquet
2,2025-09-03 17:59:22,2025-09-03 18:12:43,N,1.0,7,193,1.0,2.05,13.5,2.5,0.5,3.5,0.0,,1.0,21.0,1.0,1.0,0.0,0.0,9,green_tripdata_2025-09.parquet
2,2025-09-17 16:28:36,2025-09-17 16:44:59,N,1.0,97,181,1.0,1.16,14.9,2.5,0.5,4.72,0.0,,1.0,23.62,1.0,1.0,0.0,0.0,9,green_tripdata_2025-09.parquet
2,2025-09-13 18:28:44,2025-09-13 18:57:19,N,1.0,97,237,1.0,8.56,36.6,0.0,0.5,5.0,0.0,,1.0,45.85,1.0,1.0,2.75,0.0,9,green_tripdata_2025-09.parquet
2,2025-09-10 22:14:18,2025-09-11 00:00:00,N,1.0,247,256,1.0,12.18,49.2,1.0,0.5,0.0,0.0,,1.0,55.2,2.0,1.0,2.75,0.75,9,green_tripdata_2025-09.parquet
2,2025-09-23 18:25:26,2025-09-23 18:36:54,N,1.0,95,135,1.0,2.6,14.2,2.5,0.5,2.0,0.0,,1.0,20.2,1.0,1.0,0.0,0.0,9,green_tripdata_2025-09.parquet
2,2025-09-04 15:34:55,2025-09-04 15:40:25,N,1.0,7,7,1.0,0.85,7.2,0.0,0.5,0.0,0.0,,1.0,8.7,2.0,1.0,0.0,0.0,9,green_tripdata_2025-09.parquet
2,2025-09-20 20:09:12,2025-09-20 20:15:39,N,1.0,226,226,1.0,0.76,7.2,1.0,0.5,0.0,0.0,,1.0,9.7,2.0,1.0,0.0,0.0,9,green_tripdata_2025-09.parquet
2,2025-09-01 09:11:52,2025-09-01 09:18:02,N,1.0,70,92,1.0,2.01,10.7,0.0,0.5,0.0,0.0,,1.0,12.2,2.0,1.0,0.0,0.0,9,green_tripdata_2025-09.parquet
2,2025-09-07 15:32:45,2025-09-07 15:52:31,N,1.0,74,142,1.0,3.6,21.9,0.0,0.5,5.23,0.0,,1.0,31.38,1.0,1.0,2.75,0.0,9,green_tripdata_2025-09.parquet
2,2025-09-07 13:54:27,2025-09-07 14:12:29,N,1.0,166,142,1.0,2.42,18.4,0.0,0.5,4.53,0.0,,1.0,27.18,1.0,1.0,2.75,0.0,9,green_tripdata_2025-09.parquet
2,2025-09-23 08:17:15,2025-09-23 08:30:15,N,1.0,74,166,1.0,1.7,13.5,0.0,0.5,3.0,0.0,,1.0,18.0,1.0,1.0,0.0,0.0,9,green_tripdata_2025-09.parquet
2,2025-09-21 21:27:16,2025-09-21 21:43:06,N,1.0,74,239,1.0,3.32,19.1,1.0,0.5,3.0,0.0,,1.0,27.35,1.0,1.0,2.75,0.0,9,green_tripdata_2025-09.parquet
2,2025-09-29 17:14:45,2025-09-29 17:21:12,N,1.0,210,29,1.0,0.97,7.9,2.5,0.5,2.0,0.0,,1.0,13.9,1.0,1.0,0.0,0.0,9,green_tripdata_2025-09.parquet
2,2025-09-19 18:19:38,2025-09-19 18:35:03,N,1.0,43,237,1.0,1.74,14.9,2.5,0.5,5.41,0.0,,1.0,27.06,1.0,1.0,2.75,0.0,9,green_tripdata_2025-09.parquet
2,2025-09-30 06:57:27,2025-09-30 06:57:38,N,1.0,74,74,1.0,0.0,3.0,0.0,0.5,0.0,0.0,,1.0,4.5,2.0,1.0,0.0,0.0,9,green_tripdata_2025-09.parquet
2,2025-09-18 16:36:28,2025-09-18 16:51:17,N,1.0,82,138,1.0,3.76,18.4,7.5,0.5,0.0,0.0,,1.0,27.4,1.0,1.0,0.0,0.0,9,green_tripdata_2025-09.parquet
2,2025-09-16 12:57:53,2025-09-16 13:02:51,N,1.0,244,244,1.0,0.63,6.5,0.0,0.5,1.2,0.0,,1.0,9.2,1.0,1.0,0.0,0.0,9,green_tripdata_2025-09.parquet
2,2025-09-19 20:10:58,2025-09-19 20:23:27,N,1.0,97,61,1.0,2.35,14.2,1.0,0.5,3.34,0.0,,1.0,20.04,1.0,1.0,0.0,0.0,9,green_tripdata_2025-09.parquet
2,2025-09-25 09:01:00,2025-09-25 09:22:00,,,74,92,,8.88,35.52,0.0,0.5,0.0,6.94,,1.0,43.96,,,,0.0,9,green_tripdata_2025-09.parquet
2,2025-09-23 16:08:41,2025-09-23 16:37:49,N,1.0,74,237,2.0,3.45,26.8,2.5,0.5,6.86,0.0,,1.0,41.16,1.0,1.0,2.75,0.75,9,green_tripdata_2025-09.parquet
2,2025-09-21 14:38:18,2025-09-21 14:54:52,N,1.0,74,138,1.0,6.55,28.2,5.0,0.5,0.0,6.94,,1.0,41.64,4.0,1.0,0.0,0.0,9,green_tripdata_2025-09.parquet
2,2025-09-04 18:00:56,2025-09-04 18:05:07,N,1.0,75,74,1.0,1.39,7.9,2.5,0.5,2.38,0.0,,1.0,14.28,1.0,1.0,0.0,0.0,9,green_tripdata_2025-09.parquet
2,2025-09-12 15:38:00,2025-09-12 16:01:00,,,74,179,,4.47,28.81,0.0,0.5,0.0,6.94,,1.0,37.25,,,,0.0,9,green_tripdata_2025-09.parquet
2,2025-09-26 17:23:26,2025-09-26 17:37:27,N,1.0,83,138,1.0,4.85,21.2,7.5,0.5,7.55,0.0,,1.0,37.75,1.0,1.0,0.0,0.0,9,green_tripdata_2025-09.parquet
2,2025-09-15 18:39:47,2025-09-15 18:47:30,N,1.0,75,263,1.0,0.89,8.6,2.5,0.5,1.65,0.0,,1.0,17.0,1.0,1.0,2.75,0.0,9,green_tripdata_2025-09.parquet
2,2025-09-18 16:41:21,2025-09-18 17:12:01,N,1.0,223,237,1.0,3.76,26.1,2.5,0.5,0.0,0.0,,1.0,32.85,2.0,1.0,2.75,0.0,9,green_tripdata_2025-09.parquet
2,2025-09-08 16:36:59,2025-09-08 16:59:18,N,1.0,74,237,1.0,3.01,21.2,2.5,0.5,5.59,0.0,,1.0,33.54,1.0,1.0,2.75,0.0,9,green_tripdata_2025-09.parquet
2,2025-09-02 19:28:54,2025-09-02 19:48:23,N,1.0,95,28,1.0,3.04,20.5,2.5,0.5,5.0,0.0,,1.0,29.5,1.0,1.0,0.0,0.0,9,green_tripdata_2025-09.parquet
2,2025-09-09 16:36:24,2025-09-09 17:21:54,N,1.0,65,72,2.0,4.52,34.5,2.5,0.5,0.0,0.0,,1.0,38.5,2.0,1.0,0.0,0.0,9,green_tripdata_2025-09.parquet
2,2025-09-04 11:45:58,2025-09-04 12:08:53,N,1.0,130,205,1.0,3.58,23.3,0.0,0.5,0.0,0.0,,1.0,24.8,1.0,1.0,0.0,0.0,9,green_tripdata_2025-09.parquet
2,2025-09-21 15:41:57,2025-09-21 16:09:38,N,1.0,74,151,1.0,2.94,25.4,0.0,0.5,5.38,0.0,,1.0,32.28,1.0,1.0,0.0,0.0,9,green_tripdata_2025-09.parquet
2,2025-09-26 06:03:34,2025-09-26 06:49:10,N,1.0,260,226,1.0,8.66,49.2,0.0,0.5,0.0,0.0,,1.0,50.7,2.0,1.0,0.0,0.0,9,green_tripdata_2025-09.parquet
2,2025-09-21 13:50:14,2025-09-21 14:06:00,N,1.0,130,132,1.0,5.22,24.0,0.0,0.5,4.5,0.0,,1.0,30.0,1.0,1.0,0.0,0.0,9,green_tripdata_2025-09.parquet
1,2025-09-12 12:23:58,2025-09-12 12:38:32,N,1.0,97,17,0.0,2.1,14.2,0.0,1.5,4.0,0.0,,1.0,19.7,1.0,1.0,0.0,0.0,9,green_tripdata_2025-09.parquet
2,2025-09-12 19:34:48,2025-09-12 19:54:37,N,1.0,74,152,1.0,2.08,17.7,2.5,0.5,1.0,0.0,,1.0,22.7,1.0,1.0,0.0,0.0,9,green_tripdata_2025-09.parquet
2,2025-09-11 09:03:09,2025-09-11 09:15:18,N,1.0,197,134,1.0,1.87,12.8,0.0,0.5,5.0,0.0,,1.0,19.3,1.0,1.0,0.0,0.0,9,green_tripdata_2025-09.parquet
2,2025-09-28 10:43:28,2025-09-28 10:57:04,N,1.0,92,192,1.0,2.4,14.9,0.0,0.5,3.28,0.0,,1.0,19.68,1.0,1.0,0.0,0.0,9,green_tripdata_2025-09.parquet
2,2025-09-22 21:16:16,2025-09-22 21:22:55,N,1.0,42,42,1.0,1.14,8.6,1.0,0.5,3.33,0.0,,1.0,14.43,1.0,1.0,0.0,0.0,9,green_tripdata_2025-09.parquet
2,2025-09-08 09:59:22,2025-09-08 10:01:38,N,1.0,166,166,1.0,0.53,5.1,0.0,0.5,1.65,0.0,,1.0,8.25,1.0,1.0,0.0,0.0,9,green_tripdata_2025-09.parquet
2,2025-09-04 10:22:58,2025-09-04 10:27:30,N,1.0,75,236,1.0,0.68,6.5,0.0,0.5,2.69,0.0,,1.0,13.44,1.0,1.0,2.75,0.0,9,green_tripdata_2025-09.parquet
2,2025-09-17 16:28:41,2025-09-17 16:38:48,N,1.0,168,159,1.0,1.04,10.0,2.5,0.5,0.0,0.0,,1.0,14.0,2.0,1.0,0.0,0.0,9,green_tripdata_2025-09.parquet
2,2025-09-20 22:07:23,2025-09-21 21:19:51,N,1.0,82,129,1.0,1.57,12.8,1.0,0.5,3.06,0.0,,1.0,18.36,1.0,1.0,0.0,0.0,9,green_tripdata_2025-09.parquet
6,2025-09-10 14:02:48,2025-09-10 14:31:33,,,75,42,,2.49,2.9,0.0,0.5,0.0,0.0,,0.3,16.0,,,,0.0,9,green_tripdata_2025-09.parquet
2,2025-09-06 06:11:56,2025-09-06 06:24:31,N,5.0,82,70,1.0,3.41,20.0,0.0,0.0,4.2,0.0,,1.0,25.2,1.0,2.0,0.0,0.0,9,green_tripdata_2025-09.parquet
2,2025-09-30 11:38:37,2025-09-30 12:05:04,N,1.0,74,262,1.0,2.99,24.0,0.0,0.5,5.65,0.0,,1.0,33.9,1.0,1.0,2.75,0.0,9,green_tripdata_2025-09.parquet
2,2025-09-22 18:28:29,2025-09-22 18:41:55,N,1.0,66,45,1.0,3.52,17.7,2.5,0.5,3.0,0.0,,1.0,28.2,1.0,1.0,2.75,0.75,9,green_tripdata_2025-09.parquet
2,2025-09-04 09:29:28,2025-09-04 09:55:39,N,1.0,33,68,1.0,5.17,28.2,0.0,0.5,8.3,0.0,,1.0,41.5,1.0,1.0,2.75,0.75,9,green_tripdata_2025-09.parquet
2,2025-09-23 21:51:41,2025-09-23 22:02:34,N,1.0,95,95,1.0,1.72,11.4,1.0,0.5,2.0,0.0,,1.0,15.9,1.0,1.0,0.0,0.0,9,green_tripdata_2025-09.parquet
6,2025-09-30 17:41:13,2025-09-30 18:32:43,,,170,116,,8.53,5.8,0.0,0.5,0.0,0.0,,0.3,28.33,,,,0.0,9,green_tripdata_2025-09.parquet
2,2025-09-05 09:44:06,2025-09-05 10:25:53,N,1.0,95,237,2.0,7.88,43.6,0.0,0.5,5.0,0.0,,1.0,53.6,1.0,1.0,2.75,0.75,9,green_tripdata_2025-09.parquet
2,2025-09-04 14:14:19,2025-09-04 14:23:24,N,1.0,7,146,1.0,1.42,10.7,0.0,0.5,3.0,0.0,,1.0,15.2,1.0,1.0,0.0,0.0,9,green_tripdata_2025-09.parquet
2,2025-09-28 10:37:34,2025-09-28 10:52:07,N,1.0,74,74,1.0,1.49,14.9,0.0,0.5,0.0,0.0,,1.0,16.4,2.0,1.0,0.0,0.0,9,green_tripdata_2025-09.parquet
2,2025-09-08 13:01:27,2025-09-08 13:19:06,N,1.0,74,238,1.0,2.63,18.4,0.0,0.5,5.66,0.0,,1.0,28.31,1.0,1.0,2.75,0.0,9,green_tripdata_2025-09.parquet
6,2025-09-15 13:39:25,2025-09-15 14:04:22,,,188,222,,4.44,2.9,0.0,0.5,0.0,0.0,,0.3,23.16,,,,0.0,9,green_tripdata_2025-09.parquet
2,2025-09-18 18:23:30,2025-09-18 18:45:32,N,1.0,74,166,3.0,1.64,18.4,2.5,0.5,0.0,0.0,,1.0,22.4,1.0,1.0,0.0,0.0,9,green_tripdata_2025-09.parquet
2,2025-09-15 08:10:52,2025-09-15 08:18:45,N,1.0,116,244,1.0,1.18,10.0,0.0,0.5,0.0,0.0,,1.0,11.5,2.0,1.0,0.0,0.0,9,green_tripdata_2025-09.parquet
1,2025-09-01 18:29:55,2025-09-01 18:42:20,N,1.0,74,262,1.0,2.5,14.2,5.25,1.5,4.15,0.0,,1.0,25.1,1.0,1.0,2.75,0.0,9,green_tripdata_2025-09.parquet
2,2025-09-03 14:52:20,2025-09-03 15:12:02,N,1.0,74,41,2.0,1.51,17.7,0.0,0.5,3.84,0.0,,1.0,23.04,1.0,1.0,0.0,0.0,9,green_tripdata_2025-09.parquet
6,2025-09-19 09:40:30,2025-09-19 09:57:12,,,235,220,,2.91,0.0,0.0,0.5,0.0,0.0,,0.3,25.0,,,,0.0,9,green_tripdata_2025-09.parquet
2,2025-09-29 13:28:13,2025-09-29 13:40:57,N,1.0,74,236,1.0,2.12,13.5,0.0,0.5,3.0,0.0,,1.0,20.75,1.0,1.0,2.75,0.0,9,green_tripdata_2025-09.parquet
2,2025-09-29 11:16:43,2025-09-29 11:34:55,N,1.0,130,196,2.0,4.36,23.3,0.0,0.5,0.0,0.0,,1.0,24.8,1.0,1.0,0.0,0.0,9,green_tripdata_2025-09.parquet
2,2025-09-22 10:43:00,2025-09-22 10:51:11,N,1.0,95,134,3.0,1.32,10.0,0.0,0.5,0.0,0.0,,1.0,11.5,2.0,1.0,0.0,0.0,9,green_tripdata_2025-09.parquet
2,2025-09-26 21:14:37,2025-09-26 21:25:34,N,1.0,74,237,1.0,2.92,14.9,1.0,0.5,2.0,0.0,,1.0,22.15,1.0,1.0,2.75,0.0,9,green_tripdata_2025-09.parquet
2,2025-09-03 21:12:30,2025-09-03 21:32:47,N,1.0,83,37,1.0,5.35,25.4,1.0,0.5,5.58,0.0,,1.0,33.48,1.0,1.0,0.0,0.0,9,green_tripdata_2025-09.parquet
2,2025-09-21 10:05:37,2025-09-21 10:20:09,N,1.0,65,188,2.0,3.25,18.4,0.0,0.5,4.98,0.0,,1.0,24.88,1.0,1.0,0.0,0.0,9,green_tripdata_2025-09.parquet
2,2025-09-15 20:14:09,2025-09-15 20:19:14,N,1.0,95,134,1.0,1.12,7.9,1.0,0.5,1.0,0.0,,1.0,11.4,1.0,1.0,0.0,0.0,9,green_tripdata_2025-09.parquet
2,2025-09-13 14:51:07,2025-09-13 15:01:20,N,1.0,95,28,1.0,2.68,14.2,0.0,0.5,0.0,0.0,,1.0,15.7,2.0,1.0,0.0,0.0,9,green_tripdata_2025-09.parquet
2,2025-09-26 22:33:25,2025-09-26 23:00:36,N,1.0,41,158,2.0,6.86,33.8,1.0,0.5,2.0,0.0,,1.0,41.8,1.0,1.0,2.75,0.75,9,green_tripdata_2025-09.parquet
2,2025-09-01 21:32:04,2025-09-01 21:45:22,N,1.0,74,140,1.0,3.01,15.6,1.0,0.5,2.0,0.0,,1.0,22.85,1.0,1.0,2.75,0.0,9,green_tripdata_2025-09.parquet
2,2025-09-26 20:55:30,2025-09-26 21:10:53,N,1.0,82,223,1.0,4.1,20.5,1.0,0.5,2.3,0.0,,1.0,25.3,1.0,1.0,0.0,0.0,9,green_tripdata_2025-09.parquet
6,2025-09-06 13:26:58,2025-09-06 13:50:52,,,165,108,,4.27,5.8,0.0,0.5,0.0,0.0,,0.3,20.52,,,,0.0,9,green_tripdata_2025-09.parquet
2,2025-09-16 10:10:25,2025-09-16 10:17:05,N,1.0,166,74,1.0,1.04,7.9,0.0,0.5,1.0,0.0,,1.0,10.4,1.0,1.0,0.0,0.0,9,green_tripdata_2025-09.parquet
2,2025-09-29 08:41:42,2025-09-29 08:56:14,N,1.0,74,75,1.0,1.46,13.5,0.0,0.5,3.0,0.0,,1.0,18.0,1.0,1.0,0.0,0.0,9,green_tripdata_2025-09.parquet
2,2025-09-20 00:28:38,2025-09-20 00:52:51,N,1.0,255,223,1.0,6.65,32.4,1.0,0.5,6.98,0.0,,1.0,41.88,1.0,1.0,0.0,0.0,9,green_tripdata_2025-09.parquet
2,2025-09-01 18:33:34,2025-09-01 18:44:44,N,1.0,74,75,1.0,1.56,12.1,0.0,0.5,2.72,0.0,,1.0,16.32,1.0,1.0,0.0,0.0,9,green_tripdata_2025-09.parquet
2,2025-09-29 13:07:02,2025-09-29 13:13:39,N,1.0,41,43,2.0,0.61,7.9,0.0,0.5,0.08,0.0,,1.0,9.48,1.0,1.0,0.0,0.0,9,green_tripdata_2025-09.parquet
2,2025-09-09 17:34:39,2025-09-09 17:48:07,N,1.0,260,138,1.0,4.09,19.8,7.5,0.5,5.76,0.0,,1.0,34.56,1.0,1.0,0.0,0.0,9,green_tripdata_2025-09.parquet
2,2025-09-22 18:36:40,2025-09-22 18:44:18,N,1.0,210,210,1.0,1.0,8.6,2.5,0.5,2.52,0.0,,1.0,15.12,1.0,1.0,0.0,0.0,9,green_tripdata_2025-09.parquet
2,2025-09-28 20:54:19,2025-09-28 21:10:03,N,1.0,74,43,1.0,2.81,17.0,1.0,0.5,4.0,0.0,,1.0,26.25,1.0,1.0,2.75,0.0,9,green_tripdata_2025-09.parquet
2,2025-09-10 12:48:01,2025-09-10 13:04:58,N,1.0,74,236,1.0,1.87,16.3,0.0,0.5,0.0,0.0,,1.0,20.55,2.0,1.0,2.75,0.0,9,green_tripdata_2025-09.parquet
2,2025-09-25 22:27:24,2025-09-25 23:23:36,N,5.0,145,218,1.0,18.18,50.0,0.0,0.0,0.0,0.0,,1.0,51.0,1.0,2.0,0.0,0.0,9,green_tripdata_2025-09.parquet
2,2025-09-28 14:31:48,2025-09-28 14:44:00,N,1.0,75,41,1.0,1.83,13.5,0.0,0.5,3.0,0.0,,1.0,18.0,1.0,1.0,0.0,0.0,9,green_tripdata_2025-09.parquet
2,2025-09-10 10:17:58,2025-09-10 10:37:33,N,1.0,74,262,2.0,2.42,18.4,0.0,0.5,4.53,0.0,,1.0,27.18,1.0,1.0,2.75,0.0,9,green_tripdata_2025-09.parquet
6,2025-09-02 11:21:35,2025-09-02 11:33:12,,,35,61,,2.03,2.9,0.0,0.5,0.0,0.0,,0.3,17.37,,,,0.0,9,green_tripdata_2025-09.parquet
2,2025-09-11 09:51:35,2025-09-11 10:02:31,N,1.0,41,151,2.0,1.63,12.1,0.0,0.5,2.72,0.0,,1.0,16.32,1.0,1.0,0.0,0.0,9,green_tripdata_2025-09.parquet
2,2025-09-05 13:28:21,2025-09-05 13:40:02,N,1.0,41,239,1.0,1.57,12.8,0.0,0.5,3.41,0.0,,1.0,20.46,1.0,1.0,2.75,0.0,9,green_tripdata_2025-09.parquet
2,2025-09-06 05:34:35,2025-09-06 05:55:09,N,5.0,157,142,1.0,6.65,65.0,0.0,0.0,13.75,0.0,,1.0,82.5,1.0,2.0,2.75,0.0,9,green_tripdata_2025-09.parquet
6,2025-09-13 14:06:24,2025-09-13 14:30:04,,,186,140,,3.13,2.9,0.0,0.5,0.0,0.0,,0.3,18.32,,,,0.0,9,green_tripdata_2025-09.parquet
1,2025-09-25 15:22:28,2025-09-25 15:35:54,N,1.0,166,143,2.0,2.3,15.6,2.75,1.5,2.0,0.0,,1.0,21.85,1.0,1.0,2.75,0.0,9,green_tripdata_2025-09.parquet
2,2025-09-21 12:19:56,2025-09-21 12:50:26,N,1.0,193,95,3.0,8.54,40.1,0.0,0.5,0.0,0.0,,1.0,41.6,2.0,1.0,0.0,0.0,9,green_tripdata_2025-09.parquet
2,2025-09-17 16:02:54,2025-09-17 16:10:26,N,1.0,43,263,2.0,1.13,8.6,2.5,0.5,3.07,0.0,,1.0,18.42,1.0,1.0,2.75,0.0,9,green_tripdata_2025-09.parquet
2,2025-09-04 12:09:40,2025-09-04 12:15:57,N,1.0,166,151,1.0,1.02,8.6,0.0,0.5,2.52,0.0,,1.0,12.62,1.0,1.0,0.0,0.0,9,green_tripdata_2025-09.parquet
2,2025-09-26 17:45:34,2025-09-26 18:10:57,N,1.0,244,262,1.0,6.72,32.4,2.5,0.5,1.0,0.0,,1.0,40.15,1.0,1.0,2.75,0.0,9,green_tripdata_2025-09.parquet
2,2025-09-03 10:53:14,2025-09-03 11:28:57,N,1.0,146,48,1.0,3.47,31.0,0.0,0.5,15.0,0.0,,1.0,51.0,1.0,1.0,2.75,0.75,9,green_tripdata_2025-09.parquet
6,2025-09-03 10:34:12,2025-09-03 10:52:13,,,213,242,,3.3,1.45,0.0,0.5,0.0,0.0,,0.3,16.0,,,,0.0,9,green_tripdata_2025-09.parquet
2,2025-09-04 16:27:21,2025-09-04 16:42:49,N,1.0,74,151,1.0,2.29,15.6,2.5,0.5,3.92,0.0,,1.0,23.52,1.0,1.0,0.0,0.0,9,green_tripdata_2025-09.parquet
2,2025-09-04 17:43:08,2025-09-04 18:18:24,N,1.0,33,14,1.0,6.07,35.2,2.5,0.5,4.8,0.0,,1.0,44.0,1.0,1.0,0.0,0.0,9,green_tripdata_2025-09.parquet
2,2025-09-22 15:29:54,2025-09-22 16:01:52,N,1.0,43,161,1.0,4.33,29.6,0.0,0.5,6.92,0.0,,1.0,41.52,1.0,1.0,2.75,0.75,9,green_tripdata_2025-09.parquet
2,2025-09-14 07:28:39,2025-09-14 07:54:38,N,1.0,195,65,1.0,5.12,27.5,0.0,0.5,5.8,0.0,,1.0,34.8,1.0,1.0,0.0,0.0,9,green_tripdata_2025-09.parquet
2,2025-09-24 15:34:47,2025-09-24 15:51:41,N,1.0,75,42,1.0,2.32,16.3,0.0,0.5,3.56,0.0,,1.0,21.36,1.0,1.0,0.0,0.0,9,green_tripdata_2025-09.parquet
2,2025-09-23 12:56:29,2025-09-23 13:42:59,N,1.0,145,132,2.0,15.56,63.9,0.0,0.5,0.0,0.0,,1.0,65.4,1.0,1.0,0.0,0.0,9,green_tripdata_2025-09.parquet
1,2025-09-17 15:14:13,2025-09-17 15:29:46,N,1.0,43,263,1.0,1.2,14.2,2.75,1.5,1.55,0.0,,1.0,20.0,1.0,1.0,2.75,0.0,9,green_tripdata_2025-09.parquet
2,2025-09-30 17:30:40,2025-09-30 17:42:44,N,1.0,74,236,1.0,2.04,12.8,2.5,0.5,3.91,0.0,,1.0,23.46,1.0,1.0,2.75,0.0,9,green_tripdata_2025-09.parquet
2,2025-09-12 20:11:17,2025-09-12 20:21:38,N,1.0,93,56,1.0,1.24,11.4,1.0,0.5,2.78,0.0,,1.0,16.68,1.0,1.0,0.0,0.0,9,green_tripdata_2025-09.parquet
2,2025-09-30 08:04:37,2025-09-30 08:35:30,N,1.0,166,162,1.0,4.41,28.9,0.0,0.5,5.08,0.0,,1.0,38.98,1.0,1.0,2.75,0.75,9,green_tripdata_2025-09.parquet
2,2025-09-26 12:37:50,2025-09-26 12:47:57,N,1.0,75,75,1.0,0.82,10.0,0.0,0.5,10.0,0.0,,1.0,21.5,1.0,1.0,0.0,0.0,9,green_tripdata_2025-09.parquet
1,2025-09-16 10:19:46,2025-09-16 10:20:03,N,1.0,145,145,1.0,0.0,3.0,0.0,1.5,0.0,0.0,,1.0,4.5,2.0,1.0,0.0,0.0,9,green_tripdata_2025-09.parquet
6,2025-09-22 14:15:51,2025-09-22 14:43:29,,,21,257,,9.59,2.9,0.0,0.5,0.0,0.0,,0.3,26.23,,,,0.0,9,green_tripdata_2025-09.parquet
2,2025-09-26 13:28:15,2025-09-26 13:48:36,N,1.0,74,236,1.0,2.45,19.1,0.0,0.5,4.67,0.0,,1.0,28.02,1.0,1.0,2.75,0.0,9,green_tripdata_2025-09.parquet
6,2025-09-19 12:37:23,2025-09-19 12:58:14,,,97,234,,3.29,2.9,0.0,0.5,0.0,0.0,,0.3,17.95,,,,0.0,9,green_tripdata_2025-09.parquet
1,2025-09-04 12:39:43,2025-09-04 13:05:57,N,1.0,244,68,1.0,8.0,38.0,3.5,1.5,10.75,0.0,,1.0,53.75,1.0,1.0,2.75,0.75,9,green_tripdata_2025-09.parquet
2,2025-09-18 05:19:49,2025-09-18 05:29:41,N,1.0,129,197,1.0,7.01,27.5,1.0,0.5,0.0,0.0,,1.0,30.0,2.0,1.0,0.0,0.0,9,green_tripdata_2025-09.parquet
2,2025-09-29 09:14:30,2025-09-29 09:31:44,N,1.0,74,237,1.0,2.63,17.0,0.0,0.5,2.0,0.0,,1.0,23.25,1.0,1.0,2.75,0.0,9,green_tripdata_2025-09.parquet
2,2025-09-03 10:57:19,2025-09-03 11:19:54,N,1.0,75,232,1.0,6.46,30.3,0.0,0.5,7.0,0.0,,1.0,42.3,1.0,1.0,2.75,0.75,9,green_tripdata_2025-09.parquet
2,2025-09-17 07:40:00,2025-09-17 08:05:00,,,75,168,,3.88,25.32,0.0,0.5,3.0,0.0,,1.0,29.82,,,,0.0,9,green_tripdata_2025-09.parquet
2,2025-09-20 20:32:01,2025-09-20 21:01:54,N,1.0,95,145,1.0,8.25,39.4,1.0,0.5,0.0,0.0,,1.0,41.9,1.0,1.0,0.0,0.0,9,green_tripdata_2025-09.parquet
2,2025-09-03 19:10:13,2025-09-03 19:27:07,N,1.0,92,53,1.0,0.0,14.2,2.5,0.5,4.0,0.0,,1.0,22.2,1.0,1.0,0.0,0.0,9,green_tripdata_2025-09.parquet
2,2025-09-23 00:41:25,2025-09-23 00:47:38,N,1.0,134,135,1.0,1.68,10.0,1.0,0.5,0.0,0.0,,1.0,12.5,2.0,1.0,0.0,0.0,9,green_tripdata_2025-09.parquet
2,2025-09-13 12:05:30,2025-09-13 12:11:47,N,1.0,75,74,6.0,1.45,8.6,0.0,0.5,1.01,0.0,,1.0,11.11,1.0,1.0,0.0,0.0,9,green_tripdata_2025-09.parquet
2,2025-09-14 22:48:08,2025-09-14 22:56:54,N,1.0,82,157,1.0,1.36,10.0,1.0,0.5,0.0,0.0,,1.0,12.5,2.0,1.0,0.0,0.0,9,green_tripdata_2025-09.parquet
2,2025-09-14 05:00:10,2025-09-14 05:00:15,N,5.0,42,42,1.0,0.04,15.0,0.0,0.0,1.0,0.0,,1.0,17.0,1.0,2.0,0.0,0.0,9,green_tripdata_2025-09.parquet
2,2025-09-14 12:31:38,2025-09-14 12:48:59,N,1.0,74,93,1.0,7.62,31.7,0.0,0.5,8.03,6.94,,1.0,48.17,1.0,1.0,0.0,0.0,9,green_tripdata_2025-09.parquet
1,2025-09-02 09:36:23,2025-09-02 09:57:32,N,1.0,74,238,1.0,2.8,17.7,0.0,1.5,3.8,0.0,,1.0,23.0,1.0,1.0,0.0,0.0,9,green_tripdata_2025-09.parquet
2,2025-09-04 18:12:30,2025-09-04 18:12:37,N,2.0,74,74,1.0,0.0,70.0,5.0,0.5,0.0,0.0,,0.3,75.8,2.0,1.0,0.0,0.0,9,green_tripdata_2025-09.parquet
2,2025-09-17 23:18:47,2025-09-17 23:23:19,N,1.0,75,74,1.0,1.32,7.9,1.0,0.5,1.0,0.0,,1.0,11.4,1.0,1.0,0.0,0.0,9,green_tripdata_2025-09.parquet
2,2025-09-01 16:49:04,2025-09-01 17:24:17,N,5.0,93,132,1.0,12.88,90.0,0.0,0.0,2.0,0.0,,1.0,93.0,1.0,2.0,0.0,0.0,9,green_tripdata_2025-09.parquet
2,2025-09-14 02:01:19,2025-09-14 02:10:49,N,1.0,74,7,1.0,3.48,17.0,1.0,0.5,5.29,6.94,,1.0,31.73,1.0,1.0,0.0,0.0,9,green_tripdata_2025-09.parquet
2,2025-09-03 18:07:32,2025-09-03 18:22:27,N,1.0,74,236,1.0,1.7,14.9,2.5,0.5,4.33,0.0,,1.0,25.98,1.0,1.0,2.75,0.0,9,green_tripdata_2025-09.parquet
2,2025-09-21 12:32:54,2025-09-21 12:49:32,N,1.0,74,238,1.0,3.02,18.4,0.0,0.5,2.0,0.0,,1.0,24.65,1.0,1.0,2.75,0.0,9,green_tripdata_2025-09.parquet
2,2025-09-16 17:24:25,2025-09-16 17:25:12,N,1.0,236,75,2.0,0.0,3.0,2.5,0.5,0.0,0.0,,1.0,7.0,2.0,1.0,0.0,0.0,9,green_tripdata_2025-09.parquet
6,2025-10-03 11:57:46,2025-10-03 12:29:19,,,212,51,,5.92,2.9,0.0,0.5,0.0,0.0,,0.3,19.26,,,,0.0,10,green_tripdata_2025-10.parquet
2,2025-10-23 22:07:26,2025-10-23 22:33:22,N,1.0,66,246,2.0,4.55,26.8,1.0,0.5,1.0,0.0,,1.0,33.8,1.0,1.0,2.75,0.75,10,green_tripdata_2025-10.parquet
2,2025-10-07 14:41:36,2025-10-07 14:53:45,N,1.0,95,28,1.0,2.07,14.2,0.0,0.5,0.0,0.0,,1.0,15.7,2.0,1.0,0.0,0.0,10,green_tripdata_2025-10.parquet
2,2025-10-03 20:44:04,2025-10-03 20:57:40,N,1.0,166,239,1.0,2.41,14.9,1.0,0.5,3.02,0.0,,1.0,23.17,1.0,1.0,2.75,0.0,10,green_tripdata_2025-10.parquet
2,2025-10-09 08:41:28,2025-10-09 08:50:54,N,1.0,236,141,5.0,1.85,11.4,0.0,0.5,3.91,0.0,,1.0,19.56,1.0,1.0,2.75,0.0,10,green_tripdata_2025-10.parquet
2,2025-10-23 16:58:55,2025-10-23 17:17:08,N,1.0,244,24,1.0,3.04,19.8,2.5,0.5,3.57,0.0,,1.0,27.37,1.0,1.0,0.0,0.0,10,green_tripdata_2025-10.parquet
2,2025-10-19 17:59:35,2025-10-19 18:40:16,N,1.0,74,37,1.0,16.69,66.0,0.0,0.5,14.89,6.94,,1.0,89.33,1.0,1.0,0.0,0.0,10,green_tripdata_2025-10.parquet
2,2025-10-14 13:22:35,2025-10-14 13:33:23,N,1.0,166,75,1.0,1.65,12.1,0.0,0.5,0.0,0.0,,1.0,13.6,1.0,1.0,0.0,0.0,10,green_tripdata_2025-10.parquet
2,2025-10-14 22:39:56,2025-10-14 22:47:58,N,1.0,75,143,1.0,2.38,12.1,1.0,0.5,1.71,0.0,,1.0,18.81,1.0,1.0,2.5,0.0,10,green_tripdata_2025-10.parquet
2,2025-10-21 18:43:57,2025-10-21 18:54:32,N,1.0,74,263,1.0,2.35,13.5,2.5,0.5,2.0,0.0,,1.0,22.25,1.0,1.0,2.75,0.0,10,green_tripdata_2025-10.parquet
2,2025-10-09 17:17:48,2025-10-09 17:30:29,N,1.0,130,134,2.0,1.74,12.8,2.5,0.5,4.2,0.0,,1.0,21.0,1.0,1.0,0.0,0.0,10,green_tripdata_2025-10.parquet
2,2025-10-06 20:48:50,2025-10-06 20:55:11,N,1.0,65,181,1.0,0.87,7.9,1.0,0.5,2.08,0.0,,1.0,12.48,1.0,1.0,0.0,0.0,10,green_tripdata_2025-10.parquet
2,2025-10-31 21:54:41,2025-10-31 22:12:01,N,1.0,52,228,1.0,2.98,18.4,1.0,0.5,4.18,0.0,,1.0,25.08,1.0,1.0,0.0,0.0,10,green_tripdata_2025-10.parquet
2,2025-10-08 07:02:28,2025-10-08 07:15:02,N,1.0,74,152,1.0,1.45,12.8,0.0,0.5,2.86,0.0,,1.0,17.16,1.0,1.0,0.0,0.0,10,green_tripdata_2025-10.parquet
2,2025-10-23 23:31:18,2025-10-23 23:38:22,N,1.0,134,135,1.0,1.17,9.3,1.0,0.5,0.0,0.0,,1.0,11.8,2.0,1.0,0.0,0.0,10,green_tripdata_2025-10.parquet
2,2025-10-30 20:48:34,2025-10-30 20:52:14,N,1.0,166,151,2.0,0.85,5.8,1.0,0.5,2.08,0.0,,1.0,10.38,1.0,1.0,0.0,0.0,10,green_tripdata_2025-10.parquet
2,2025-10-10 22:55:49,2025-10-10 23:25:18,N,1.0,82,131,1.0,13.18,52.7,1.0,0.5,2.0,0.0,,1.0,57.2,1.0,1.0,0.0,0.0,10,green_tripdata_2025-10.parquet
6,2025-10-31 08:42:19,2025-10-31 09:34:12,,,95,149,,13.78,2.9,0.0,0.5,0.0,0.0,,0.3,50.13,,,,0.0,10,green_tripdata_2025-10.parquet
2,2025-10-03 15:41:26,2025-10-03 16:08:57,N,1.0,74,237,2.0,3.1,24.7,0.0,0.5,8.68,0.0,,1.0,37.63,1.0,1.0,2.75,0.0,10,green_tripdata_2025-10.parquet
2,2025-10-28 17:12:00,2025-10-28 17:24:59,N,1.0,95,95,1.0,1.54,13.5,2.5,0.5,0.0,0.0,,1.0,17.5,2.0,1.0,0.0,0.0,10,green_tripdata_2025-10.parquet
2,2025-10-30 14:01:05,2025-10-30 14:07:47,N,1.0,75,74,1.0,1.41,9.3,0.0,0.5,0.0,0.0,,1.0,10.8,2.0,1.0,0.0,0.0,10,green_tripdata_2025-10.parquet
1,2025-10-06 09:50:07,2025-10-06 10:02:14,N,1.0,75,262,1.0,1.9,12.1,2.75,1.5,3.27,0.0,,1.0,19.62,1.0,1.0,2.75,0.0,10,green_tripdata_2025-10.parquet
2,2025-10-02 16:35:32,2025-10-02 16:44:18,N,1.0,134,130,1.0,1.67,10.7,2.5,0.5,0.0,0.0,,1.0,14.7,2.0,1.0,0.0,0.0,10,green_tripdata_2025-10.parquet
2,2025-10-29 07:39:41,2025-10-29 07:47:55,N,1.0,74,42,1.0,1.1,9.3,0.0,0.5,2.16,0.0,,1.0,12.96,1.0,1.0,0.0,0.0,10,green_tripdata_2025-10.parquet
1,2025-10-15 06:04:18,2025-10-15 06:12:16,N,1.0,74,75,1.0,1.5,10.0,0.0,1.5,2.85,0.0,,1.0,14.35,1.0,1.0,0.0,0.0,10,green_tripdata_2025-10.parquet
2,2025-10-31 09:58:34,2025-10-31 10:05:25,N,1.0,55,29,1.0,1.12,8.6,0.0,0.5,2.02,0.0,,1.0,12.12,1.0,1.0,0.0,0.0,10,green_tripdata_2025-10.parquet
2,2025-10-16 21:05:26,2025-10-16 21:23:48,N,1.0,74,263,1.0,2.62,18.4,1.0,0.5,1.5,0.0,,1.0,25.15,1.0,1.0,2.75,0.0,10,green_tripdata_2025-10.parquet
2,2025-10-24 19:21:39,2025-10-24 19:40:14,N,1.0,24,239,1.0,1.93,14.9,2.5,0.5,0.0,0.0,,1.0,21.65,2.0,1.0,2.75,0.0,10,green_tripdata_2025-10.parquet
1,2025-10-28 22:13:06,2025-10-28 22:24:38,N,1.0,260,82,1.0,2.2,13.5,1.0,1.5,0.0,0.0,,1.0,16.0,2.0,1.0,0.0,0.0,10,green_tripdata_2025-10.parquet
2,2025-10-05 13:26:01,2025-10-05 13:48:16,N,1.0,65,34,2.0,2.5,19.1,0.0,0.5,6.18,0.0,,1.0,26.78,1.0,1.0,0.0,0.0,10,green_tripdata_2025-10.parquet
2,2025-10-13 13:15:48,2025-10-13 13:24:10,N,1.0,95,95,1.0,1.11,9.3,0.0,0.5,0.0,0.0,,1.0,10.8,2.0,1.0,0.0,0.0,10,green_tripdata_2025-10.parquet
2,2025-10-30 00:27:40,2025-10-30 00:38:59,N,1.0,75,142,1.0,2.93,14.9,1.0,0.5,4.18,0.0,,1.0,25.08,1.0,1.0,2.75,0.75,10,green_tripdata_2025-10.parquet
2,2025-10-17 19:28:03,2025-10-17 19:33:48,N,1.0,134,134,5.0,0.71,7.2,2.5,0.5,2.24,0.0,,1.0,13.44,1.0,1.0,0.0,0.0,10,green_tripdata_2025-10.parquet
2,2025-10-31 15:04:20,2025-10-31 15:04:25,N,1.0,42,42,1.0,0.0,3.0,0.0,0.5,3.0,0.0,,1.0,7.5,1.0,1.0,0.0,0.0,10,green_tripdata_2025-10.parquet
6,2025-10-31 10:02:19,2025-10-31 10:17:06,,,208,81,,4.85,0.0,0.0,0.5,0.0,0.0,,0.3,22.84,,,,0.75,10,green_tripdata_2025-10.parquet
2,2025-10-05 20:47:31,2025-10-05 20:55:09,N,1.0,74,42,1.0,1.5,10.0,1.0,0.5,0.0,0.0,,1.0,12.5,2.0,1.0,0.0,0.0,10,green_tripdata_2025-10.parquet
2,2025-10-19 19:34:21,2025-10-19 19:47:10,N,1.0,260,179,2.0,2.24,14.2,0.0,0.5,3.14,0.0,,1.0,18.84,1.0,1.0,0.0,0.0,10,green_tripdata_2025-10.parquet
1,2025-10-08 16:18:11,2025-10-08 16:28:28,N,1.0,75,74,1.0,1.3,9.3,2.5,1.5,2.65,0.0,,1.0,15.95,1.0,1.0,0.0,0.0,10,green_tripdata_2025-10.parquet
1,2025-10-19 14:39:23,2025-10-19 14:45:49,Y,1.0,41,166,1.0,0.5,7.2,0.0,1.5,1.7,0.0,,1.0,10.4,1.0,1.0,0.0,0.0,10,green_tripdata_2025-10.parquet
2,2025-10-03 20:46:43,2025-10-03 21:04:05,N,1.0,74,238,1.0,2.37,17.0,1.0,0.5,0.0,0.0,,1.0,19.5,2.0,1.0,0.0,0.0,10,green_tripdata_2025-10.parquet
2,2025-10-31 11:36:48,2025-10-31 11:43:59,N,1.0,33,33,1.0,0.76,7.9,0.0,0.5,0.0,0.0,,1.0,9.4,2.0,1.0,0.0,0.0,10,green_tripdata_2025-10.parquet
1,2025-10-20 10:37:11,2025-10-20 10:46:27,N,1.0,74,75,1.0,1.6,10.0,0.0,1.5,0.0,0.0,,1.0,11.5,2.0,1.0,0.0,0.0,10,green_tripdata_2025-10.parquet
2,2025-10-07 19:25:04,2025-10-07 19:36:15,N,1.0,24,236,1.0,2.07,12.8,2.5,0.5,3.91,0.0,,1.0,23.46,1.0,1.0,2.75,0.0,10,green_tripdata_2025-10.parquet
6,2025-10-17 19:29:34,2025-10-17 19:42:38,,,39,76,,3.08,2.9,0.0,0.5,0.0,0.0,,0.3,16.0,,,,0.0,10,green_tripdata_2025-10.parquet
2,2025-10-21 09:36:43,2025-10-21 09:56:29,N,1.0,244,75,2.0,3.35,19.8,0.0,0.5,4.26,0.0,,1.0,25.56,1.0,1.0,0.0,0.0,10,green_tripdata_2025-10.parquet
1,2025-10-03 09:10:33,2025-10-03 09:56:26,N,1.0,195,132,0.0,26.4,97.5,0.0,1.5,0.0,0.0,,1.0,99.0,1.0,1.0,0.0,0.0,10,green_tripdata_2025-10.parquet
2,2025-10-11 16:23:03,2025-10-11 16:27:32,N,1.0,41,42,1.0,0.73,6.5,0.0,0.5,2.0,0.0,,1.0,10.0,1.0,1.0,0.0,0.0,10,green_tripdata_2025-10.parquet
1,2025-10-20 23:12:29,2025-10-20 23:25:23,Y,1.0,166,42,1.0,2.5,15.6,1.0,1.5,0.0,0.0,,1.0,18.1,2.0,1.0,0.0,0.0,10,green_tripdata_2025-10.parquet
2,2025-10-15 07:20:40,2025-10-15 07:38:29,N,1.0,74,262,1.0,2.75,17.7,0.0,0.5,2.0,0.0,,1.0,23.95,1.0,1.0,2.75,0.0,10,green_tripdata_2025-10.parquet
2,2025-10-08 13:46:31,2025-10-08 14:10:28,N,1.0,244,138,1.0,11.23,45.7,5.0,0.5,11.83,6.94,,1.0,70.97,1.0,1.0,0.0,0.0,10,green_tripdata_2025-10.parquet
2,2025-10-23 12:08:28,2025-10-23 12:38:03,N,1.0,43,161,2.0,2.33,24.7,0.0,0.5,5.94,0.0,,1.0,35.64,1.0,1.0,2.75,0.75,10,green_tripdata_2025-10.parquet
2,2025-10-06 01:31:06,2025-10-06 01:58:57,N,1.0,75,255,1.0,9.72,43.6,1.0,0.5,14.88,0.0,,1.0,64.48,1.0,1.0,2.75,0.75,10,green_tripdata_2025-10.parquet
2,2025-10-03 18:54:00,2025-10-03 19:04:34,N,1.0,82,129,1.0,2.67,14.2,2.5,0.5,3.64,0.0,,1.0,21.84,1.0,1.0,0.0,0.0,10,green_tripdata_2025-10.parquet
2,2025-10-21 14:54:24,2025-10-21 15:16:49,N,1.0,166,68,1.0,5.83,28.2,0.0,0.5,6.64,0.0,,1.0,39.84,1.0,1.0,2.75,0.75,10,green_tripdata_2025-10.parquet
2,2025-10-29 18:10:12,2025-10-29 18:27:51,N,1.0,74,24,3.0,2.28,17.0,2.5,0.5,6.3,0.0,,1.0,27.3,1.0,1.0,0.0,0.0,10,green_tripdata_2025-10.parquet
2,2025-10-30 09:02:14,2025-10-30 09:15:38,N,1.0,74,236,1.0,1.76,13.5,0.0,0.5,3.55,0.0,,1.0,21.3,1.0,1.0,2.75,0.0,10,green_tripdata_2025-10.parquet
2,2025-10-22 23:39:21,2025-10-22 23:49:16,N,1.0,95,95,1.0,2.03,12.8,1.0,0.5,3.06,0.0,,1.0,18.36,1.0,1.0,0.0,0.0,10,green_tripdata_2025-10.parquet
2,2025-10-06 07:10:10,2025-10-06 07:29:34,N,1.0,74,236,1.0,2.08,17.7,0.0,0.5,4.39,0.0,,1.0,26.34,1.0,1.0,2.75,0.0,10,green_tripdata_2025-10.parquet
2,2025-10-19 11:43:13,2025-10-19 11:52:15,N,1.0,42,74,1.0,1.48,10.0,0.0,0.5,0.0,0.0,,1.0,11.5,2.0,1.0,0.0,0.0,10,green_tripdata_2025-10.parquet
2,2025-10-12 23:37:49,2025-10-12 23:49:51,N,1.0,97,209,1.0,2.7,15.6,1.0,0.5,2.08,0.0,,1.0,23.68,1.0,1.0,2.75,0.75,10,green_tripdata_2025-10.parquet
2,2025-10-26 09:23:32,2025-10-26 09:33:14,N,1.0,195,195,1.0,1.01,10.0,0.0,0.5,0.0,0.0,,1.0,11.5,2.0,1.0,0.0,0.0,10,green_tripdata_2025-10.parquet
2,2025-10-23 20:20:40,2025-10-23 20:21:11,N,5.0,55,264,1.0,0.01,10.0,0.0,0.0,0.0,0.0,,1.0,11.0,1.0,2.0,0.0,0.0,10,green_tripdata_2025-10.parquet
6,2025-10-02 07:29:11,2025-10-02 08:21:21,,,75,231,,7.19,5.8,0.0,0.5,0.0,0.0,,0.3,27.64,,,,0.0,10,green_tripdata_2025-10.parquet
1,2025-10-09 05:36:38,2025-10-09 05:50:50,N,1.0,74,230,1.0,4.5,19.8,4.5,1.5,1.55,0.0,,1.0,27.35,1.0,1.0,2.75,0.75,10,green_tripdata_2025-10.parquet
1,2025-10-28 08:14:34,2025-10-28 08:23:26,N,1.0,166,238,2.0,2.6,12.8,2.75,1.5,15.0,0.0,,1.0,32.05,1.0,1.0,2.75,0.0,10,green_tripdata_2025-10.parquet
2,2025-10-29 09:04:02,2025-10-29 09:16:17,N,1.0,74,166,1.0,1.63,12.1,0.0,0.5,0.0,0.0,,1.0,13.6,2.0,1.0,0.0,0.0,10,green_tripdata_2025-10.parquet
2,2025-10-07 08:49:32,2025-10-07 09:13:10,N,1.0,74,140,1.0,3.65,22.6,0.0,0.5,5.37,0.0,,1.0,32.22,1.0,1.0,2.75,0.0,10,green_tripdata_2025-10.parquet
2,2025-10-09 23:22:11,2025-10-09 23:27:16,N,1.0,7,179,5.0,1.02,7.2,1.0,0.5,2.91,0.0,,1.0,12.61,1.0,1.0,0.0,0.0,10,green_tripdata_2025-10.parquet
2,2025-10-24 10:57:43,2025-10-24 11:17:42,N,1.0,74,238,1.0,2.92,19.8,0.0,0.5,1.5,0.0,,1.0,25.55,1.0,1.0,2.75,0.0,10,green_tripdata_2025-10.parquet
2,2025-10-04 03:00:08,2025-10-04 03:11:39,N,1.0,255,112,1.0,0.75,10.7,1.0,0.5,2.64,0.0,,1.0,15.84,1.0,1.0,0.0,0.0,10,green_tripdata_2025-10.parquet
2,2025-10-01 08:03:57,2025-10-01 08:12:27,N,1.0,75,74,1.0,1.42,10.0,0.0,0.5,2.0,0.0,,1.0,13.5,1.0,1.0,0.0,0.0,10,green_tripdata_2025-10.parquet
2,2025-10-30 18:01:11,2025-10-30 18:10:39,N,1.0,74,75,1.0,1.39,10.0,2.5,0.5,0.0,0.0,,1.0,14.0,1.0,1.0,0.0,0.0,10,green_tripdata_2025-10.parquet
2,2025-10-24 00:49:45,2025-10-24 00:54:38,N,1.0,260,260,1.0,0.6,6.5,1.0,0.5,0.0,0.0,,1.0,9.0,1.0,1.0,0.0,0.0,10,green_tripdata_2025-10.parquet
2,2025-10-01 13:04:18,2025-10-01 14:01:23,N,1.0,65,132,1.0,27.91,106.6,0.0,0.5,21.62,0.0,,1.0,129.72,1.0,1.0,0.0,0.0,10,green_tripdata_2025-10.parquet
1,2025-10-08 15:33:15,2025-10-08 15:51:43,,,37,63,,0.0,18.5,0.0,0.5,3.0,0.0,,1.0,25.0,,,,0.0,10,green_tripdata_2025-10.parquet
2,2025-10-22 08:49:51,2025-10-22 08:56:23,N,1.0,74,42,1.0,0.73,7.9,0.0,0.5,0.0,0.0,,1.0,9.4,2.0,1.0,0.0,0.0,10,green_tripdata_2025-10.parquet
2,2025-10-24 13:55:03,2025-10-24 14:04:03,N,1.0,95,196,1.0,1.5,10.7,0.0,0.5,0.0,0.0,,1.0,12.2,2.0,1.0,0.0,0.0,10,green_tripdata_2025-10.parquet
1,2025-10-28 14:32:14,2025-10-28 14:43:04,N,1.0,41,75,1.0,1.6,12.1,0.0,1.5,0.0,0.0,,1.0,13.6,2.0,1.0,0.0,0.0,10,green_tripdata_2025-10.parquet
1,2025-10-20 17:11:18,2025-10-20 17:15:59,N,1.0,43,236,2.0,0.6,6.5,5.25,1.5,0.0,0.0,,1.0,13.25,2.0,1.0,2.75,0.0,10,green_tripdata_2025-10.parquet
2,2025-10-26 18:39:54,2025-10-26 18:54:28,N,1.0,74,236,2.0,2.19,14.9,0.0,0.5,3.83,0.0,,1.0,22.98,1.0,1.0,2.75,0.0,10,green_tripdata_2025-10.parquet
2,2025-10-03 18:43:44,2025-10-03 18:43:47,N,5.0,265,265,1.0,0.0,200.0,0.0,0.0,0.0,0.0,,1.0,201.0,1.0,2.0,0.0,0.0,10,green_tripdata_2025-10.parquet
2,2025-10-18 14:13:30,2025-10-18 14:28:48,N,1.0,130,131,1.0,3.6,18.4,0.0,0.5,3.0,0.0,,1.0,22.9,1.0,1.0,0.0,0.0,10,green_tripdata_2025-10.parquet
2,2025-10-27 07:01:07,2025-10-27 07:08:09,N,1.0,74,74,2.0,0.89,7.9,0.0,0.5,1.41,0.0,,1.0,10.81,1.0,1.0,0.0,0.0,10,green_tripdata_2025-10.parquet
2,2025-10-01 16:02:02,2025-10-01 16:23:48,N,1.0,74,244,1.0,3.55,21.9,2.5,0.5,5.18,0.0,,1.0,31.08,1.0,1.0,0.0,0.0,10,green_tripdata_2025-10.parquet
2,2025-10-18 09:26:50,2025-10-18 09:33:37,N,1.0,75,236,1.0,1.03,8.6,0.0,0.5,0.0,0.0,,1.0,12.85,1.0,1.0,2.75,0.0,10,green_tripdata_2025-10.parquet
2,2025-10-11 13:38:21,2025-10-11 13:50:53,N,1.0,74,166,1.0,1.64,12.1,0.0,0.5,0.0,0.0,,1.0,13.6,2.0,1.0,0.0,0.0,10,green_tripdata_2025-10.parquet
2,2025-10-24 12:22:36,2025-10-24 12:27:04,N,1.0,207,207,1.0,0.0,5.8,0.0,0.5,0.0,0.0,,1.0,7.3,2.0,1.0,0.0,0.0,10,green_tripdata_2025-10.parquet
2,2025-10-30 08:17:15,2025-10-30 08:37:53,N,1.0,74,244,1.0,4.81,26.1,0.0,0.5,5.52,0.0,,1.0,33.12,1.0,1.0,0.0,0.0,10,green_tripdata_2025-10.parquet
2,2025-10-21 15:34:39,2025-10-21 15:52:00,N,1.0,33,224,1.0,5.33,24.7,0.0,0.5,5.89,0.0,,1.0,35.34,1.0,1.0,2.5,0.75,10,green_tripdata_2025-10.parquet
2,2025-10-21 14:08:55,2025-10-21 14:33:47,N,1.0,74,237,1.0,3.08,22.6,0.0,0.5,5.37,0.0,,1.0,32.22,1.0,1.0,2.75,0.0,10,green_tripdata_2025-10.parquet
2,2025-10-19 16:11:26,2025-10-19 16:20:55,N,1.0,74,75,1.0,1.79,11.4,0.0,0.5,2.58,0.0,,1.0,15.48,1.0,1.0,0.0,0.0,10,green_tripdata_2025-10.parquet
2,2025-10-25 18:32:53,2025-10-25 19:00:30,N,1.0,82,112,1.0,5.47,31.0,0.0,0.5,6.5,0.0,,1.0,39.0,1.0,1.0,0.0,0.0,10,green_tripdata_2025-10.parquet
2,2025-10-28 00:46:48,2025-10-28 00:51:09,N,1.0,179,179,1.0,0.52,6.5,1.0,0.5,2.7,0.0,,1.0,11.7,1.0,1.0,0.0,0.0,10,green_tripdata_2025-10.parquet
2,2025-10-25 20:39:06,2025-10-25 20:58:24,N,1.0,74,183,1.0,8.89,36.6,1.0,0.5,7.82,0.0,,1.0,46.92,1.0,1.0,0.0,0.0,10,green_tripdata_2025-10.parquet
2,2025-10-02 16:34:50,2025-10-02 16:55:01,N,1.0,74,151,1.0,2.52,19.1,2.5,0.5,4.62,0.0,,1.0,27.72,1.0,1.0,0.0,0.0,10,green_tripdata_2025-10.parquet
2,2025-10-20 10:50:25,2025-10-20 10:57:59,N,1.0,236,74,2.0,1.62,10.0,0.0,0.5,0.0,0.0,,1.0,11.5,2.0,1.0,0.0,0.0,10,green_tripdata_2025-10.parquet
1,2025-10-04 15:34:31,2025-10-04 15:39:26,N,1.0,41,41,1.0,1.2,7.2,0.0,1.5,0.0,0.0,,1.0,8.7,1.0,1.0,0.0,0.0,10,green_tripdata_2025-10.parquet
1,2025-10-20 14:52:46,2025-10-20 15:06:50,N,1.0,75,236,1.0,0.0,12.8,2.75,1.5,1.0,0.0,,1.0,18.05,1.0,1.0,2.75,0.0,10,green_tripdata_2025-10.parquet
2,2025-10-22 20:35:00,2025-10-22 20:45:00,,,166,74,,1.46,13.63,0.0,0.5,2.0,0.0,,1.0,17.13,,,,0.0,10,green_tripdata_2025-10.parquet
2,2025-10-07 22:39:16,2025-10-07 22:43:08,N,1.0,75,74,1.0,1.35,7.2,1.0,0.5,1.0,0.0,,1.0,10.7,1.0,1.0,0.0,0.0,10,green_tripdata_2025-10.parquet
6,2025-10-09 13:01:41,2025-10-09 13:19:38,,,236,69,,4.54,2.9,0.0,0.5,0.0,0.0,,0.3,23.9,,,,0.0,10,green_tripdata_2025-10.parquet
2,2025-10-31 14:25:24,2025-10-31 14:56:01,N,1.0,134,98,1.0,6.03,32.4,0.0,0.5,2.0,0.0,,1.0,35.9,1.0,1.0,0.0,0.0,10,green_tripdata_2025-10.parquet
2,2025-10-16 19:08:07,2025-10-16 19:53:33,N,1.0,43,217,1.0,8.8,43.6,2.5,0.5,0.0,0.0,,1.0,51.1,2.0,1.0,2.75,0.75,10,green_tripdata_2025-10.parquet
2,2025-10-19 17:03:18,2025-10-19 17:14:02,N,1.0,74,238,1.0,2.69,14.2,0.0,0.5,3.14,0.0,,1.0,18.84,1.0,1.0,0.0,0.0,10,green_tripdata_2025-10.parquet
2,2025-10-04 16:51:19,2025-10-04 17:04:17,N,1.0,196,28,3.0,2.9,15.6,0.0,0.5,5.13,0.0,,1.0,22.23,1.0,1.0,0.0,0.0,10,green_tripdata_2025-10.parquet
2,2025-10-01 08:54:52,2025-10-01 09:13:04,N,1.0,75,141,1.0,2.08,16.3,0.0,0.5,4.11,0.0,,1.0,24.66,1.0,1.0,2.75,0.0,10,green_tripdata_2025-10.parquet
2,2025-10-29 15:05:54,2025-10-29 15:21:06,N,1.0,74,236,1.0,2.23,15.6,0.0,0.5,3.97,0.0,,1.0,23.82,1.0,1.0,2.75,0.0,10,green_tripdata_2025-10.parquet
2,2025-10-21 09:51:00,2025-10-21 10:25:00,,,191,92,,7.27,35.96,0.0,0.5,0.0,0.0,,1.0,37.46,,,,0.0,10,green_tripdata_2025-10.parquet
6,2025-10-22 12:18:05,2025-10-22 12:47:24,,,25,217,,2.47,2.9,0.0,0.5,0.0,0.0,,0.3,16.0,,,,0.0,10,green_tripdata_2025-10.parquet
2,2025-10-13 22:33:29,2025-10-13 22:42:13,N,1.0,243,127,1.0,1.22,10.0,1.0,0.5,0.0,0.0,,1.0,12.5,2.0,1.0,0.0,0.0,10,green_tripdata_2025-10.parquet
1,2025-10-21 11:49:37,2025-10-21 12:42:03,N,1.0,244,237,1.0,8.0,52.7,5.25,1.5,10.0,0.0,,1.0,69.45,1.0,1.0,2.75,0.0,10,green_tripdata_2025-10.parquet
2,2025-10-31 17:06:23,2025-10-31 17:27:40,N,1.0,75,246,1.0,4.82,26.1,2.5,0.5,6.72,0.0,,1.0,40.32,1.0,1.0,2.75,0.75,10,green_tripdata_2025-10.parquet
2,2025-10-18 17:54:36,2025-10-18 18:01:52,N,1.0,75,262,1.0,1.36,9.3,0.0,0.5,0.95,0.0,,1.0,14.5,1.0,1.0,2.75,0.0,10,green_tripdata_2025-10.parquet
2,2025-10-15 08:49:43,2025-10-15 09:01:47,N,1.0,75,237,6.0,1.7,12.8,0.0,0.5,3.41,0.0,,1.0,20.46,1.0,1.0,2.75,0.0,10,green_tripdata_2025-10.parquet
2,2025-10-14 19:57:52,2025-10-14 20:04:33,N,1.0,116,42,1.0,0.72,7.2,1.0,0.5,0.0,0.0,,1.0,9.7,2.0,1.0,0.0,0.0,10,green_tripdata_2025-10.parquet
2,2025-10-20 09:41:00,2025-10-20 10:00:00,,,75,233,,3.97,31.55,0.0,0.5,7.31,0.0,,1.0,43.86,,,,0.75,10,green_tripdata_2025-10.parquet
2,2025-10-03 19:44:37,2025-10-03 19:44:40,N,5.0,37,264,1.0,0.0,50.0,0.0,0.0,5.0,0.0,,1.0,56.0,1.0,2.0,0.0,0.0,10,green_tripdata_2025-10.parquet
2,2025-10-04 18:02:48,2025-10-04 18:15:58,N,1.0,74,24,1.0,1.8,13.5,0.0,0.5,0.01,0.0,,1.0,15.01,1.0,1.0,0.0,0.0,10,green_tripdata_2025-10.parquet
2,2025-10-06 23:19:59,2025-10-06 23:25:59,N,1.0,210,150,1.0,1.17,8.6,1.0,0.5,2.22,0.0,,1.0,13.32,1.0,1.0,0.0,0.0,10,green_tripdata_2025-10.parquet
2,2025-10-29 14:47:55,2025-10-29 14:55:25,N,1.0,223,223,1.0,1.61,10.0,0.0,0.5,0.8,0.0,,1.0,12.3,1.0,1.0,0.0,0.0,10,green_tripdata_2025-10.parquet
6,2025-10-28 18:40:08,2025-10-28 19:15:54,,,238,193,,5.55,5.8,0.0,0.5,0.0,0.0,,0.3,21.73,,,,0.0,10,green_tripdata_2025-10.parquet
2,2025-10-16 15:25:28,2025-10-16 16:01:58,N,1.0,82,63,6.0,4.48,33.1,0.0,0.5,0.0,0.0,,1.0,34.6,2.0,1.0,0.0,0.0,10,green_tripdata_2025-10.parquet
1,2025-10-09 16:52:50,2025-10-09 17:14:40,N,1.0,43,141,0.0,2.3,19.8,5.25,1.5,5.3,0.0,,1.0,31.85,1.0,1.0,2.75,0.0,10,green_tripdata_2025-10.parquet
2,2025-10-09 08:56:34,2025-10-09 09:18:58,N,1.0,166,161,1.0,4.07,22.6,0.0,0.5,5.52,0.0,,1.0,33.12,1.0,1.0,2.75,0.75,10,green_tripdata_2025-10.parquet
2,2025-10-04 09:18:58,2025-10-04 09:38:06,N,1.0,166,186,4.0,5.8,27.5,0.0,0.5,6.5,0.0,,1.0,39.0,1.0,1.0,2.75,0.75,10,green_tripdata_2025-10.parquet
2,2025-10-09 17:45:01,2025-10-09 17:49:06,N,1.0,41,41,1.0,0.28,5.8,2.5,0.5,0.5,0.0,,1.0,10.3,1.0,1.0,0.0,0.0,10,green_tripdata_2025-10.parquet
2,2025-10-29 14:48:00,2025-10-29 14:52:52,N,1.0,41,41,1.0,0.97,7.2,0.0,0.5,0.0,0.0,,1.0,8.7,2.0,1.0,0.0,0.0,10,green_tripdata_2025-10.parquet
1,2025-10-09 14:08:25,2025-10-09 14:23:17,N,1.0,65,106,0.0,1.6,14.9,0.0,1.5,3.25,0.0,,1.0,19.65,1.0,1.0,0.0,0.0,10,green_tripdata_2025-10.parquet
2,2025-10-24 17:31:35,2025-10-24 17:57:05,N,1.0,74,238,1.0,2.68,22.6,2.5,0.5,5.32,0.0,,1.0,31.92,1.0,1.0,0.0,0.0,10,green_tripdata_2025-10.parquet
2,2025-10-07 19:22:55,2025-10-07 19:30:46,N,1.0,75,263,5.0,1.14,9.3,2.5,0.5,3.21,0.0,,1.0,19.26,1.0,1.0,2.75,0.0,10,green_tripdata_2025-10.parquet
6,2025-10-30 16:50:12,2025-10-30 17:54:32,,,75,235,,4.77,2.9,0.0,0.5,0.0,0.0,,0.3,19.44,,,,0.0,10,green_tripdata_2025-10.parquet
2,2025-10-11 08:56:11,2025-10-11 09:13:40,N,1.0,95,138,1.0,5.91,26.1,5.0,0.5,6.0,0.0,,1.0,38.6,1.0,1.0,0.0,0.0,10,green_tripdata_2025-10.parquet
2,2025-10-13 09:34:31,2025-10-13 09:48:05,N,1.0,74,138,1.0,6.81,28.2,5.0,0.5,8.33,6.94,,1.0,49.97,1.0,1.0,0.0,0.0,10,green_tripdata_2025-10.parquet
2,2025-10-08 16:34:21,2025-10-08 16:44:03,N,1.0,75,151,1.0,1.53,10.7,2.5,0.5,5.0,0.0,,1.0,19.7,1.0,1.0,0.0,0.0,10,green_tripdata_2025-10.parquet
2,2025-10-26 17:41:00,2025-10-26 17:53:14,N,1.0,43,116,1.0,2.13,14.2,0.0,0.5,5.0,0.0,,1.0,20.7,1.0,1.0,0.0,0.0,10,green_tripdata_2025-10.parquet
2,2025-10-02 09:12:10,2025-10-02 09:17:36,N,1.0,75,41,1.0,1.57,8.6,0.0,0.5,1.0,0.0,,1.0,11.1,1.0,1.0,0.0,0.0,10,green_tripdata_2025-10.parquet
2,2025-10-11 11:28:16,2025-10-11 11:43:53,N,1.0,166,142,1.0,2.7,17.7,0.0,0.5,0.0,0.0,,1.0,21.95,2.0,1.0,2.75,0.0,10,green_tripdata_2025-10.parquet
2,2025-10-15 18:06:59,2025-10-15 18:32:41,N,1.0,75,48,1.0,3.86,24.7,2.5,0.5,3.0,0.0,,1.0,35.2,1.0,1.0,2.75,0.75,10,green_tripdata_2025-10.parquet
2,2025-10-05 12:59:58,2025-10-05 13:18:43,N,1.0,66,129,1.0,7.69,33.8,0.0,0.5,0.0,0.0,,1.0,35.3,1.0,1.0,0.0,0.0,10,green_tripdata_2025-10.parquet
2,2025-10-18 03:48:09,2025-10-18 03:58:47,N,1.0,255,80,1.0,0.76,10.0,1.0,0.5,1.08,0.0,,1.0,13.58,1.0,1.0,0.0,0.0,10,green_tripdata_2025-10.parquet
2,2025-10-10 20:45:00,2025-10-10 20:51:14,N,1.0,7,179,1.0,0.92,7.9,1.0,0.5,2.08,0.0,,1.0,12.48,1.0,1.0,0.0,0.0,10,green_tripdata_2025-10.parquet
2,2025-10-29 22:45:17,2025-10-29 23:10:32,N,1.0,66,179,1.0,12.67,49.9,1.0,0.5,10.48,0.0,,1.0,62.88,1.0,1.0,0.0,0.0,10,green_tripdata_2025-10.parquet
2,2025-10-01 09:02:34,2025-10-01 09:12:05,N,1.0,197,134,1.0,1.53,10.7,0.0,0.5,8.0,0.0,,1.0,20.2,1.0,1.0,0.0,0.0,10,green_tripdata_2025-10.parquet
1,2025-10-30 14:41:46,2025-10-30 15:14:34,N,1.0,65,61,1.0,2.4,26.8,0.0,1.5,7.05,0.0,,1.0,35.35,1.0,1.0,0.0,0.0,10,green_tripdata_2025-10.parquet
2,2025-10-15 19:46:23,2025-10-15 20:02:21,N,1.0,129,129,1.0,1.37,14.2,2.5,0.5,3.64,0.0,,1.0,21.84,1.0,1.0,0.0,0.0,10,green_tripdata_2025-10.parquet
2,2025-10-19 18:04:47,2025-10-19 18:20:13,N,1.0,74,262,1.0,2.44,15.6,0.0,0.5,3.97,0.0,,1.0,23.82,1.0,1.0,2.75,0.0,10,green_tripdata_2025-10.parquet
2,2025-10-01 18:36:20,2025-10-01 18:47:54,N,1.0,75,237,1.0,1.79,12.8,2.5,0.5,1.96,0.0,,1.0,21.51,1.0,1.0,2.75,0.0,10,green_tripdata_2025-10.parquet
2,2025-10-03 07:39:31,2025-10-03 08:11:20,N,1.0,244,7,1.0,7.33,38.0,0.0,0.5,5.0,6.94,,1.0,51.44,1.0,1.0,0.0,0.0,10,green_tripdata_2025-10.parquet
2,2025-10-16 01:50:34,2025-10-16 02:08:24,N,1.0,129,196,1.0,2.59,17.0,1.0,0.5,0.0,0.0,,1.0,19.5,2.0,1.0,0.0,0.0,10,green_tripdata_2025-10.parquet
2,2025-10-09 08:22:41,2025-10-09 08:32:13,N,1.0,75,41,1.0,1.02,10.0,0.0,0.5,2.3,0.0,,1.0,13.8,1.0,1.0,0.0,0.0,10,green_tripdata_2025-10.parquet
2,2025-10-05 01:02:07,2025-10-05 01:22:24,N,1.0,244,100,1.0,8.34,35.9,1.0,0.5,8.33,0.0,,1.0,49.98,1.0,1.0,2.5,0.75,10,green_tripdata_2025-10.parquet
2,2025-10-30 12:07:04,2025-10-30 12:15:30,N,1.0,166,238,1.0,1.61,10.7,0.0,0.5,2.99,0.0,,1.0,17.94,1.0,1.0,2.75,0.0,10,green_tripdata_2025-10.parquet
2,2025-10-15 10:02:20,2025-10-15 10:10:05,N,1.0,74,74,1.0,1.11,8.6,0.0,0.5,2.02,0.0,,1.0,12.12,1.0,1.0,0.0,0.0,10,green_tripdata_2025-10.parquet
2,2025-10-09 17:44:42,2025-10-09 18:22:34,N,4.0,95,265,1.0,11.07,54.8,2.5,0.5,11.76,0.0,,1.0,70.56,1.0,1.0,0.0,0.0,10,green_tripdata_2025-10.parquet
2,2025-10-22 20:24:36,2025-10-22 20:28:52,N,1.0,75,41,2.0,1.06,7.2,1.0,0.5,2.91,0.0,,1.0,12.61,1.0,1.0,0.0,0.0,10,green_tripdata_2025-10.parquet
6,2025-10-10 08:11:45,2025-10-10 08:45:41,,,81,220,,5.5,2.9,0.0,0.5,0.0,0.0,,0.3,25.0,,,,0.0,10,green_tripdata_2025-10.parquet
2,2025-10-14 13:32:19,2025-10-14 14:08:01,N,1.0,95,125,1.0,12.68,54.1,0.0,0.5,9.0,0.0,,1.0,68.1,1.0,1.0,2.75,0.75,10,green_tripdata_2025-10.parquet
2,2025-10-28 23:24:46,2025-10-28 23:47:44,N,1.0,74,244,1.0,4.58,25.4,1.0,0.5,5.58,0.0,,1.0,33.48,1.0,1.0,0.0,0.0,10,green_tripdata_2025-10.parquet
2,2025-10-03 09:21:03,2025-10-03 09:42:27,N,1.0,74,244,1.0,4.58,25.4,0.0,0.5,5.38,0.0,,1.0,32.28,1.0,1.0,0.0,0.0,10,green_tripdata_2025-10.parquet
2,2025-10-28 08:36:05,2025-10-28 08:51:36,N,1.0,74,263,1.0,2.6,16.3,0.0,0.5,4.11,0.0,,1.0,24.66,1.0,1.0,2.75,0.0,10,green_tripdata_2025-10.parquet
2,2025-10-21 21:29:06,2025-10-21 21:42:42,N,1.0,236,137,1.0,4.71,21.9,1.0,0.5,6.98,0.0,,1.0,34.88,1.0,1.0,2.75,0.75,10,green_tripdata_2025-10.parquet
2,2025-10-02 11:37:02,2025-10-02 11:45:09,N,1.0,41,74,1.0,1.18,9.3,0.0,0.5,0.0,0.0,,1.0,10.8,2.0,1.0,0.0,0.0,10,green_tripdata_2025-10.parquet
2,2025-10-29 08:21:00,2025-10-29 09:07:00,,,42,231,,10.16,52.05,0.0,0.5,0.0,0.0,,1.0,57.05,,,,0.75,10,green_tripdata_2025-10.parquet
2,2025-10-08 11:37:37,2025-10-08 11:50:20,N,1.0,43,43,6.0,1.42,12.8,0.0,0.5,3.0,0.0,,1.0,20.05,1.0,1.0,2.75,0.0,10,green_tripdata_2025-10.parquet
2,2025-10-12 14:38:12,2025-10-12 14:49:03,N,1.0,74,41,1.0,1.44,11.4,0.0,0.5,2.58,0.0,,1.0,15.48,1.0,1.0,0.0,0.0,10,green_tripdata_2025-10.parquet
2,2025-10-13 14:21:21,2025-10-13 14:31:38,N,1.0,74,75,2.0,1.69,11.4,0.0,0.5,2.58,0.0,,1.0,15.48,1.0,1.0,0.0,0.0,10,green_tripdata_2025-10.parquet
2,2025-10-18 18:20:04,2025-10-18 18:31:16,N,1.0,41,239,1.0,2.38,13.5,0.0,0.5,3.55,0.0,,1.0,21.3,1.0,1.0,2.75,0.0,10,green_tripdata_2025-10.parquet
2,2025-10-03 22:03:53,2025-10-03 22:04:46,N,5.0,95,95,1.0,0.0,39.0,0.0,0.0,0.0,0.0,,1.0,40.0,2.0,2.0,0.0,0.0,10,green_tripdata_2025-10.parquet
1,2025-10-13 16:03:33,2025-10-13 16:24:37,N,1.0,74,239,0.0,3.5,21.2,5.25,1.5,3.0,0.0,,1.0,30.95,1.0,1.0,2.75,0.0,10,green_tripdata_2025-10.parquet
2,2025-10-15 23:22:40,2025-10-15 23:36:20,N,1.0,97,195,1.0,2.68,15.6,1.0,0.5,3.62,0.0,,1.0,21.72,1.0,1.0,0.0,0.0,10,green_tripdata_2025-10.parquet
2,2025-10-14 21:04:45,2025-10-14 21:08:53,N,1.0,97,25,1.0,0.46,5.8,1.0,0.5,0.0,0.0,,1.0,8.3,2.0,1.0,0.0,0.0,10,green_tripdata_2025-10.parquet
1,2025-10-17 16:59:27,2025-10-17 17:29:35,,,75,42,,0.0,24.0,2.5,0.5,4.2,0.0,,1.0,32.2,,,,0.0,10,green_tripdata_2025-10.parquet
2,2025-10-26 14:31:00,2025-10-26 14:54:00,,,41,43,,3.37,26.39,0.0,0.5,4.6,0.0,,1.0,35.24,,,,0.0,10,green_tripdata_2025-10.parquet
2,2025-10-25 06:47:00,2025-10-25 07:03:00,,,42,163,,4.76,28.05,0.0,0.5,0.0,0.0,,1.0,33.05,,,,0.75,10,green_tripdata_2025-10.parquet
2,2025-10-23 19:53:02,2025-10-23 20:05:23,N,1.0,65,49,1.0,1.89,12.8,2.5,0.5,0.0,0.0,,1.0,16.8,1.0,1.0,0.0,0.0,10,green_tripdata_2025-10.parquet
2,2025-10-29 19:20:10,2025-10-29 19:36:18,N,1.0,75,152,1.0,2.92,17.0,2.5,0.5,0.0,0.0,,1.0,21.0,1.0,1.0,0.0,0.0,10,green_tripdata_2025-10.parquet
2,2025-10-01 21:36:49,2025-10-01 21:49:26,N,1.0,33,25,1.0,1.33,12.8,1.0,0.5,3.06,0.0,,1.0,18.36,1.0,1.0,0.0,0.0,10,green_tripdata_2025-10.parquet
2,2025-10-11 15:46:02,2025-10-11 16:01:34,N,1.0,74,166,1.0,2.06,15.6,0.0,0.5,2.0,0.0,,1.0,19.1,1.0,1.0,0.0,0.0,10,green_tripdata_2025-10.parquet
2,2025-10-29 17:29:55,2025-10-29 17:47:30,N,1.0,43,116,1.0,3.33,19.1,2.5,0.5,6.93,0.0,,1.0,30.03,1.0,1.0,0.0,0.0,10,green_tripdata_2025-10.parquet
2,2025-10-29 17:51:32,2025-10-29 18:23:50,N,1.0,166,163,1.0,4.95,31.7,2.5,0.5,0.03,0.0,,1.0,39.23,1.0,1.0,2.75,0.75,10,green_tripdata_2025-10.parquet
2,2025-10-23 00:32:44,2025-10-23 00:42:15,N,1.0,75,262,5.0,1.97,12.1,1.0,0.5,3.47,0.0,,1.0,20.82,1.0,1.0,2.75,0.0,10,green_tripdata_2025-10.parquet
2,2025-10-27 13:10:26,2025-10-27 13:21:07,N,1.0,95,95,1.0,1.72,11.4,0.0,0.5,0.0,0.0,,1.0,12.9,2.0,1.0,0.0,0.0,10,green_tripdata_2025-10.parquet
2,2025-10-16 17:31:34,2025-10-16 17:52:47,N,1.0,74,151,1.0,2.69,20.5,2.5,0.5,4.9,0.0,,1.0,29.4,1.0,1.0,0.0,0.0,10,green_tripdata_2025-10.parquet
2,2025-10-03 14:06:08,2025-10-03 14:20:27,N,1.0,74,166,1.0,1.82,14.2,0.0,0.5,2.0,0.0,,1.0,17.7,1.0,1.0,0.0,0.0,10,green_tripdata_2025-10.parquet
6,2025-10-27 10:19:03,2025-10-27 10:57:56,,,119,236,,5.72,2.9,0.0,0.5,0.0,0.0,,0.3,23.77,,,,0.0,10,green_tripdata_2025-10.parquet
2,2025-10-22 17:16:39,2025-10-22 17:29:24,N,1.0,75,166,1.0,2.06,14.2,2.5,0.5,2.0,0.0,,1.0,20.2,1.0,1.0,0.0,0.0,10,green_tripdata_2025-10.parquet
2,2025-10-14 19:00:17,2025-10-14 19:09:55,N,1.0,74,75,1.0,1.47,10.7,2.5,0.5,2.94,0.0,,1.0,17.64,1.0,1.0,0.0,0.0,10,green_tripdata_2025-10.parquet
2,2025-10-12 15:18:31,2025-10-12 15:24:56,N,5.0,92,92,1.0,0.57,10.0,0.0,0.0,2.2,0.0,,1.0,13.2,1.0,2.0,0.0,0.0,10,green_tripdata_2025-10.parquet
2,2025-10-14 19:02:43,2025-10-14 19:10:38,N,1.0,95,95,1.0,0.96,8.6,2.5,0.5,2.52,0.0,,1.0,15.12,1.0,1.0,0.0,0.0,10,green_tripdata_2025-10.parquet
2,2025-10-21 17:48:02,2025-10-21 18:11:46,N,1.0,97,61,1.0,3.44,22.6,2.5,0.5,5.32,0.0,,1.0,31.92,1.0,1.0,0.0,0.0,10,green_tripdata_2025-10.parquet
2,2025-10-05 12:46:56,2025-10-05 12:50:15,N,1.0,166,151,1.0,0.76,6.5,0.0,0.5,2.0,0.0,,1.0,10.0,1.0,1.0,0.0,0.0,10,green_tripdata_2025-10.parquet
1,2025-10-17 16:12:32,2025-10-17 16:27:19,N,1.0,41,74,1.0,1.6,14.2,2.5,1.5,0.0,0.0,,1.0,18.2,2.0,1.0,0.0,0.0,10,green_tripdata_2025-10.parquet
2,2025-10-13 10:48:01,2025-10-13 10:51:42,N,1.0,75,41,1.0,0.94,6.5,0.0,0.5,0.0,0.0,,1.0,8.0,2.0,1.0,0.0,0.0,10,green_tripdata_2025-10.parquet
2,2025-10-01 18:37:44,2025-10-01 19:10:30,N,1.0,33,249,1.0,3.93,29.6,2.5,0.5,5.56,0.0,,1.0,42.66,1.0,1.0,2.75,0.75,10,green_tripdata_2025-10.parquet
2,2025-10-31 16:41:27,2025-10-31 17:08:17,N,1.0,145,236,1.0,4.1,26.1,2.5,0.5,0.0,0.0,,1.0,32.85,2.0,1.0,2.75,0.0,10,green_tripdata_2025-10.parquet
2,2025-10-02 02:53:05,2025-10-02 03:02:56,N,1.0,82,70,1.0,3.64,17.0,1.0,0.5,0.0,0.0,,1.0,19.5,2.0,1.0,0.0,0.0,10,green_tripdata_2025-10.parquet
2,2025-10-04 22:50:32,2025-10-04 23:02:41,N,1.0,33,195,1.0,2.04,13.5,1.0,0.5,3.2,0.0,,1.0,19.2,1.0,1.0,0.0,0.0,10,green_tripdata_2025-10.parquet
2,2025-10-24 12:55:50,2025-10-24 12:59:57,N,1.0,42,42,1.0,1.04,7.2,0.0,0.5,0.0,0.0,,1.0,8.7,2.0,1.0,0.0,0.0,10,green_tripdata_2025-10.parquet
2,2025-10-31 20:18:34,2025-10-31 20:23:54,N,1.0,75,74,1.0,1.33,7.9,1.0,0.5,2.08,0.0,,1.0,12.48,1.0,1.0,0.0,0.0,10,green_tripdata_2025-10.parquet
6,2025-10-30 05:48:53,2025-10-30 06:17:54,,,61,197,,8.01,2.9,0.0,0.5,0.0,0.0,,0.3,34.2,,,,0.0,10,green_tripdata_2025-10.parquet
