Trip_ID,pickup_datetime,dropoff_datetime,pulocationid,dolocationid,cbd_congestion_fee,congestion_surcharge,extra,fare_amount,improvement_surcharge,mta_tax,passenger_count,payment_type,taxi_type,tip_amount,tolls_amount,total_amount,trip_distance,trip_duration_min
1,2025-07-25 19:01:33,2025-07-25 19:08:08,141,233,0.75,2.5,2.5,7.9,1.0,0.5,1.0,1.0,yellow,3.03,0.0,18.18,0.79,6.58
2,2025-07-13 18:50:00,2025-07-13 18:52:26,107,137,0.75,2.5,3.25,5.1,1.0,0.5,1.0,2.0,yellow,0.0,0.0,9.85,0.6,2.43
3,2025-07-30 10:49:19,2025-07-30 11:09:03,186,170,0.75,2.5,0.0,17.0,1.0,0.5,1.0,1.0,yellow,4.35,0.0,26.1,1.45,19.73
4,2025-07-20 00:19:13,2025-07-20 00:34:03,239,230,0.75,2.5,1.0,17.0,1.0,0.5,1.0,1.0,yellow,5.69,0.0,28.44,2.95,14.83
5,2025-07-16 21:16:13,2025-07-16 21:31:30,161,100,0.75,2.5,1.0,13.5,1.0,0.5,1.0,1.0,yellow,3.85,0.0,23.1,1.08,15.28
6,2025-07-25 19:40:42,2025-07-25 20:06:59,79,75,0.75,2.5,2.5,35.2,1.0,0.5,1.0,1.0,yellow,10.61,0.0,53.06,7.36,26.28
7,2025-07-02 20:46:27,2025-07-02 21:08:32,113,263,0.75,2.5,1.0,21.9,1.0,0.5,2.0,1.0,yellow,5.53,0.0,33.18,4.12,22.08
8,2025-07-24 14:48:06,2025-07-24 14:57:21,161,48,0.75,2.5,0.0,9.3,1.0,0.5,1.0,1.0,yellow,2.0,0.0,16.05,0.9,9.25
9,2025-07-25 23:04:09,2025-07-25 23:18:55,246,113,0.75,2.5,1.0,14.9,1.0,0.5,1.0,1.0,yellow,0.0,0.0,20.65,2.2,14.77
10,2025-07-04 13:52:44,2025-07-04 13:58:50,43,163,0.75,2.5,0.0,9.3,1.0,0.5,1.0,1.0,yellow,2.11,0.0,16.16,1.53,6.1
11,2025-07-04 17:59:48,2025-07-04 18:15:45,107,237,0.75,2.5,3.25,17.0,1.0,0.5,1.0,1.0,yellow,5.25,0.0,27.0,3.2,15.95
12,2025-07-03 00:50:03,2025-07-03 01:16:31,132,107,0.75,2.5,0.0,70.0,1.0,0.5,2.0,1.0,yellow,16.34,6.94,99.78,17.43,26.47
13,2025-07-05 16:34:54,2025-07-05 16:55:31,261,234,0.75,2.5,0.0,29.6,1.0,0.5,1.0,1.0,yellow,6.87,0.0,41.22,6.46,20.62
14,2025-07-16 13:52:11,2025-07-16 13:57:03,162,140,0.75,2.5,0.0,6.5,1.0,0.5,1.0,1.0,yellow,2.25,0.0,13.5,0.7,4.87
15,2025-07-15 22:25:02,2025-07-15 22:38:35,186,161,0.75,2.5,1.0,13.5,1.0,0.5,1.0,1.0,yellow,1.0,0.0,20.25,1.46,13.55
16,2025-07-28 09:18:57,2025-07-28 09:52:02,230,1,0.75,0.0,0.75,87.4,1.0,0.0,1.0,1.0,yellow,2.0,19.96,111.11,17.2,33.08
17,2025-07-02 09:58:47,2025-07-02 10:01:51,48,48,0.75,2.5,3.25,5.8,1.0,0.5,1.0,1.0,yellow,2.1,0.0,12.65,0.6,3.07
18,2025-07-08 09:59:58,2025-07-08 10:28:47,230,43,0.75,2.5,3.25,26.1,1.0,0.5,0.0,1.0,yellow,0.0,0.0,30.85,3.2,28.82
19,2025-07-17 17:44:31,2025-07-17 18:07:07,100,163,0.75,2.5,5.75,19.1,1.0,0.5,1.0,1.0,yellow,5.25,0.0,31.6,1.4,22.6
20,2025-07-29 20:04:12,2025-07-29 20:16:22,68,163,0.75,2.5,2.5,13.5,1.0,0.5,1.0,1.0,yellow,4.15,0.0,24.9,2.05,12.17
21,2025-07-19 17:09:16,2025-07-19 17:16:17,79,114,0.75,2.5,0.0,7.9,1.0,0.5,1.0,1.0,yellow,2.53,0.0,15.18,0.75,7.02
22,2025-07-05 23:27:38,2025-07-05 23:36:44,237,48,0.75,2.5,1.0,11.4,1.0,0.5,2.0,1.0,yellow,3.43,0.0,20.58,2.19,9.1
23,2025-07-26 17:38:51,2025-07-26 17:49:10,48,151,0.75,2.5,3.25,15.6,1.0,0.5,1.0,1.0,yellow,4.05,0.0,24.4,3.4,10.32
24,2025-07-02 14:17:44,2025-07-02 14:22:54,151,24,0.0,0.0,0.0,7.2,1.0,0.5,1.0,2.0,yellow,0.0,0.0,8.7,0.84,5.17
25,2025-07-13 20:02:57,2025-07-13 20:28:48,144,163,0.75,2.5,1.0,24.0,1.0,0.5,2.0,1.0,yellow,7.44,0.0,37.19,3.67,25.85
26,2025-07-16 20:01:28,2025-07-16 20:23:43,161,158,0.75,2.5,4.25,19.8,1.0,0.5,1.0,1.0,yellow,2.0,0.0,27.55,3.3,22.25
27,2025-07-03 17:19:57,2025-07-03 17:38:53,68,163,0.75,2.5,2.5,19.1,1.0,0.5,2.0,1.0,yellow,5.27,0.0,31.62,2.78,18.93
28,2025-07-01 08:19:24,2025-07-01 08:34:48,238,237,0.0,2.5,2.5,16.3,1.0,0.5,1.0,1.0,yellow,1.0,0.0,21.3,2.5,15.4
29,2025-07-18 09:17:11,2025-07-18 09:22:31,140,237,0.0,2.5,0.0,6.5,1.0,0.5,1.0,2.0,yellow,0.0,0.0,10.5,0.4,5.33
30,2025-07-11 14:44:36,2025-07-11 14:55:22,170,79,0.75,2.5,0.0,12.1,1.0,0.5,1.0,1.0,yellow,3.37,0.0,20.22,1.54,10.77
31,2025-07-31 17:14:20,2025-07-31 17:47:05,43,230,0.75,2.5,2.5,26.8,1.0,0.5,1.0,2.0,yellow,0.0,0.0,34.05,2.48,32.75
32,2025-07-26 20:49:07,2025-07-26 21:34:55,132,181,0.0,0.0,1.0,92.6,1.0,0.5,1.0,1.0,yellow,19.02,0.0,115.87,24.73,45.8
33,2025-07-18 00:14:08,2025-07-18 00:31:04,138,140,0.0,2.5,6.0,35.2,1.0,0.5,1.0,1.0,yellow,9.39,0.0,56.34,8.57,16.93
34,2025-07-08 19:40:36,2025-07-08 19:45:27,170,170,0.75,2.5,2.5,5.8,1.0,0.5,1.0,1.0,yellow,2.0,0.0,15.05,0.37,4.85
35,2025-07-13 13:31:42,2025-07-13 13:41:33,239,262,0.0,2.5,0.0,10.7,1.0,0.5,1.0,1.0,yellow,2.94,0.0,17.64,1.48,9.85
36,2025-07-25 20:21:29,2025-07-25 20:31:14,140,229,0.75,2.5,1.0,10.0,1.0,0.5,1.0,1.0,yellow,3.15,0.0,18.9,1.06,9.75
37,2025-07-05 00:36:53,2025-07-05 00:49:50,148,249,0.75,2.5,1.0,14.2,1.0,0.5,1.0,1.0,yellow,3.99,0.0,23.94,2.2,12.95
38,2025-07-22 17:33:29,2025-07-22 18:02:23,239,107,0.75,2.5,5.75,24.7,1.0,0.5,1.0,1.0,yellow,3.19,0.0,35.14,4.3,28.9
39,2025-07-14 00:40:20,2025-07-14 00:46:06,50,68,0.75,2.5,1.0,8.6,1.0,0.5,1.0,1.0,yellow,1.0,0.0,15.35,1.34,5.77
40,2025-07-01 16:03:53,2025-07-01 16:16:13,161,263,0.75,2.5,0.0,12.8,1.0,0.5,2.0,1.0,yellow,2.5,0.0,20.05,1.79,12.33
41,2025-07-25 15:13:53,2025-07-25 15:31:08,142,237,0.0,2.5,0.0,16.3,1.0,0.5,1.0,1.0,yellow,4.06,0.0,24.36,1.87,17.25
42,2025-07-12 20:46:33,2025-07-12 21:12:59,163,231,0.75,2.5,1.0,24.7,1.0,0.5,1.0,1.0,yellow,6.09,0.0,36.54,3.84,26.43
43,2025-07-01 19:52:55,2025-07-01 20:05:02,144,234,0.75,2.5,2.5,12.1,1.0,0.5,1.0,2.0,yellow,0.0,0.0,19.35,1.62,12.12
44,2025-07-17 13:49:12,2025-07-17 13:59:34,68,234,0.75,2.5,0.0,10.7,1.0,0.5,1.0,2.0,yellow,0.0,0.0,15.45,0.95,10.37
45,2025-07-17 15:59:32,2025-07-17 16:16:57,43,142,0.0,2.5,0.0,17.7,1.0,0.5,1.0,2.0,yellow,0.0,0.0,21.7,2.48,17.42
46,2025-07-24 19:32:06,2025-07-24 19:38:18,140,141,0.0,2.5,5.0,7.2,1.0,0.5,1.0,2.0,yellow,0.0,0.0,13.7,0.9,6.2
47,2025-07-15 21:22:18,2025-07-15 21:28:57,163,236,0.75,2.5,1.0,10.0,1.0,0.5,1.0,1.0,yellow,1.5,0.0,17.25,1.77,6.65
48,2025-07-12 15:12:55,2025-07-12 15:25:03,68,230,0.75,2.5,0.0,12.8,1.0,0.5,1.0,2.0,yellow,0.0,0.0,17.55,1.61,12.13
49,2025-07-21 16:23:46,2025-07-21 16:52:32,138,164,0.75,2.5,5.0,65.0,1.0,0.0,1.0,1.0,yellow,16.24,6.94,99.18,6.96,28.77
50,2025-07-06 16:31:31,2025-07-06 16:43:17,142,238,0.0,2.5,0.0,12.8,1.0,0.5,2.0,1.0,yellow,3.36,0.0,20.16,1.71,11.77
51,2025-07-02 16:56:17,2025-07-02 17:01:57,238,239,0.0,2.5,5.0,7.2,1.0,0.5,1.0,1.0,yellow,3.45,0.0,17.15,1.0,5.67
52,2025-07-18 00:06:42,2025-07-18 00:31:19,148,142,0.75,2.5,1.0,27.5,1.0,0.5,1.0,1.0,yellow,6.65,0.0,39.9,5.6,24.62
53,2025-07-14 02:23:45,2025-07-14 02:24:09,236,236,0.0,2.5,1.0,3.0,1.0,0.5,1.0,4.0,yellow,0.0,0.0,8.0,0.0,0.4
54,2025-07-12 08:11:20,2025-07-12 08:18:28,233,262,0.75,2.5,0.0,12.1,1.0,0.5,1.0,1.0,yellow,3.37,0.0,20.22,2.51,7.13
55,2025-07-12 15:24:31,2025-07-12 15:45:17,43,230,0.75,2.5,3.25,17.7,1.0,0.5,1.0,1.0,yellow,4.5,0.0,26.95,1.7,20.77
56,2025-07-28 19:19:41,2025-07-28 19:26:38,113,107,0.75,2.5,2.5,8.6,1.0,0.5,1.0,2.0,yellow,0.0,0.0,15.85,1.15,6.95
57,2025-07-23 23:01:58,2025-07-23 23:13:15,211,164,0.75,2.5,1.0,12.1,1.0,0.5,1.0,1.0,yellow,3.57,0.0,21.42,1.7,11.28
58,2025-07-11 13:51:39,2025-07-11 14:03:26,161,234,0.75,2.5,0.0,12.1,1.0,0.5,1.0,2.0,yellow,0.0,0.0,16.85,1.19,11.78
59,2025-07-03 08:27:46,2025-07-03 08:39:11,137,163,0.75,2.5,0.0,13.5,1.0,0.5,1.0,1.0,yellow,3.65,0.0,21.9,2.04,11.42
60,2025-07-02 15:26:55,2025-07-02 15:37:22,229,262,0.75,2.5,0.0,12.1,1.0,0.5,1.0,1.0,yellow,3.0,0.0,19.85,1.78,10.45
61,2025-07-29 13:09:19,2025-07-29 13:25:37,161,236,0.75,2.5,0.0,15.6,1.0,0.5,3.0,2.0,yellow,0.0,0.0,20.35,1.92,16.3
62,2025-07-24 21:36:21,2025-07-24 21:44:03,161,170,0.75,2.5,1.0,8.6,1.0,0.5,1.0,1.0,yellow,2.87,0.0,17.22,0.8,7.7
63,2025-07-11 18:45:53,2025-07-11 18:46:01,7,7,0.0,0.0,0.0,35.0,1.0,0.0,1.0,1.0,yellow,0.02,0.0,36.02,0.0,0.13
64,2025-07-16 22:21:21,2025-07-16 22:27:44,100,234,0.75,2.5,1.0,7.9,1.0,0.5,2.0,1.0,yellow,2.73,0.0,16.38,1.01,6.38
65,2025-07-29 17:55:58,2025-07-29 18:08:37,186,143,0.75,2.5,2.5,13.5,1.0,0.5,1.0,1.0,yellow,3.11,0.0,23.86,1.99,12.65
66,2025-07-29 08:10:47,2025-07-29 08:24:32,162,232,0.75,2.5,3.25,19.1,1.0,0.5,1.0,1.0,yellow,4.75,0.0,28.6,3.6,13.75
67,2025-07-09 10:00:02,2025-07-09 10:13:59,164,162,0.75,2.5,0.0,12.8,1.0,0.5,1.0,1.0,yellow,4.39,0.0,21.94,0.96,13.95
68,2025-07-11 18:28:15,2025-07-11 18:34:29,237,229,0.75,2.5,5.75,7.9,1.0,0.5,2.0,1.0,yellow,3.0,0.0,18.15,0.8,6.23
69,2025-07-17 20:30:29,2025-07-17 20:55:15,233,102,0.75,2.5,1.0,37.3,1.0,0.5,1.0,1.0,yellow,10.0,6.94,59.99,8.81,24.77
70,2025-07-11 16:16:39,2025-07-11 17:00:55,141,61,0.0,2.5,0.0,50.6,1.0,0.5,1.0,1.0,yellow,0.0,0.0,54.6,10.93,44.27
71,2025-07-23 21:32:17,2025-07-23 21:47:36,162,249,0.75,2.5,4.25,14.2,1.0,0.5,1.0,1.0,yellow,4.0,0.0,23.95,2.2,15.32
72,2025-07-21 14:57:05,2025-07-21 15:08:44,237,43,0.75,2.5,0.0,11.4,1.0,0.5,1.0,2.0,yellow,0.0,0.0,16.15,1.17,11.65
73,2025-07-18 00:35:04,2025-07-18 00:41:52,114,4,0.75,2.5,1.0,8.6,1.0,0.5,1.0,1.0,yellow,2.87,0.0,17.22,1.11,6.8
74,2025-07-25 22:45:06,2025-07-25 22:53:08,114,158,0.75,2.5,4.25,9.3,1.0,0.5,4.0,1.0,yellow,3.0,0.0,18.05,1.1,8.03
75,2025-07-17 06:48:19,2025-07-17 06:52:36,236,237,0.0,2.5,0.0,7.2,1.0,0.5,1.0,1.0,yellow,2.24,0.0,13.44,1.08,4.28
76,2025-07-07 12:30:15,2025-07-07 12:52:59,261,237,0.75,2.5,0.0,34.5,1.0,0.5,2.0,1.0,yellow,5.89,0.0,45.14,7.34,22.73
77,2025-07-02 13:05:08,2025-07-02 13:37:23,132,61,0.0,0.0,0.0,42.2,1.0,0.5,1.0,1.0,yellow,8.74,0.0,52.44,9.2,32.25
78,2025-07-12 16:31:45,2025-07-12 17:23:04,138,189,0.0,0.0,6.75,52.7,1.0,0.5,1.0,2.0,yellow,0.0,0.0,60.95,11.8,51.32
79,2025-07-04 09:32:35,2025-07-04 09:43:59,262,151,0.0,2.5,0.0,13.5,1.0,0.5,1.0,1.0,yellow,5.9,0.0,23.4,2.15,11.4
80,2025-07-03 12:19:39,2025-07-03 12:36:13,48,166,0.75,2.5,0.0,22.6,1.0,0.5,1.0,1.0,yellow,5.47,0.0,32.82,4.32,16.57
81,2025-07-30 08:52:15,2025-07-30 09:01:06,158,13,0.75,2.5,0.0,10.7,1.0,0.5,1.0,1.0,yellow,2.0,0.0,17.45,1.33,8.85
82,2025-07-19 13:48:40,2025-07-19 14:13:54,237,163,0.75,2.5,3.25,20.5,1.0,0.5,1.0,1.0,yellow,2.0,0.0,27.25,1.2,25.23
83,2025-07-21 12:50:46,2025-07-21 12:54:16,142,142,0.0,2.5,2.5,5.1,1.0,0.5,1.0,2.0,yellow,0.0,0.0,9.1,0.5,3.5
84,2025-07-04 17:35:32,2025-07-04 17:59:27,261,239,0.0,2.5,0.0,31.0,1.0,0.5,1.0,1.0,yellow,7.0,0.0,42.0,6.13,23.92
85,2025-07-15 23:21:39,2025-07-15 23:28:58,107,68,0.75,2.5,1.0,10.0,1.0,0.5,1.0,1.0,yellow,3.15,0.0,18.9,1.54,7.32
86,2025-07-04 15:09:44,2025-07-04 15:13:35,151,24,0.0,0.0,0.0,5.8,1.0,0.5,1.0,4.0,yellow,0.0,0.0,7.3,0.73,3.85
87,2025-07-23 16:25:39,2025-07-23 16:50:14,163,107,0.75,2.5,2.5,21.9,1.0,0.5,1.0,1.0,yellow,5.83,0.0,34.98,2.36,24.58
88,2025-07-23 20:20:42,2025-07-23 20:31:11,164,148,0.75,2.5,1.0,12.1,1.0,0.5,1.0,1.0,yellow,2.0,0.0,19.85,1.83,10.48
89,2025-07-12 00:07:58,2025-07-12 00:23:19,114,230,0.75,2.5,1.0,17.0,1.0,0.5,1.0,1.0,yellow,0.0,0.0,22.75,2.94,15.35
90,2025-07-06 13:36:29,2025-07-06 13:44:11,48,164,0.75,2.5,3.25,8.6,1.0,0.5,1.0,3.0,yellow,0.0,0.0,13.35,1.0,7.7
91,2025-07-14 20:28:47,2025-07-14 20:32:30,50,142,0.75,2.5,1.0,5.8,1.0,0.5,1.0,1.0,yellow,1.1,0.0,12.65,0.51,3.72
92,2025-07-02 06:03:37,2025-07-02 06:03:47,216,216,0.0,0.0,0.0,80.0,1.0,0.0,4.0,1.0,yellow,16.2,0.0,97.2,0.11,0.17
93,2025-07-09 22:04:00,2025-07-09 22:09:38,68,50,0.75,2.5,1.0,7.2,1.0,0.5,2.0,1.0,yellow,2.59,0.0,15.54,0.84,5.63
94,2025-07-11 02:55:51,2025-07-11 03:01:55,113,148,0.75,2.5,1.0,7.2,1.0,0.5,1.0,2.0,yellow,0.0,0.0,12.95,0.79,6.07
95,2025-07-23 22:36:53,2025-07-23 22:36:56,144,144,0.75,2.5,0.0,84.0,1.0,0.0,1.0,1.0,yellow,22.06,0.0,110.31,0.0,0.05
96,2025-07-01 09:56:44,2025-07-01 10:24:23,261,246,0.75,2.5,3.25,25.4,1.0,0.5,1.0,1.0,yellow,6.05,0.0,36.2,3.8,27.65
97,2025-07-06 16:45:15,2025-07-06 17:02:43,186,237,0.75,2.5,0.0,17.7,1.0,0.5,2.0,1.0,yellow,3.37,0.0,25.82,2.82,17.47
98,2025-07-12 21:31:49,2025-07-12 21:37:09,79,107,0.75,2.5,1.0,7.2,1.0,0.5,1.0,1.0,yellow,2.59,0.0,15.54,0.91,5.33
99,2025-07-22 16:59:21,2025-07-22 17:12:14,233,263,0.75,2.5,2.5,14.2,1.0,0.5,1.0,2.0,yellow,0.0,0.0,21.45,2.4,12.88
100,2025-07-14 18:47:14,2025-07-14 19:01:49,246,137,0.75,2.5,2.5,14.2,1.0,0.5,5.0,1.0,yellow,4.29,0.0,25.74,2.02,14.58
101,2025-07-07 19:00:33,2025-07-07 19:17:49,231,239,0.75,2.5,2.5,25.4,1.0,0.5,1.0,1.0,yellow,4.9,0.0,37.55,5.33,17.27
102,2025-07-30 18:17:09,2025-07-30 18:48:48,148,142,0.75,2.5,2.5,31.7,1.0,0.5,1.0,1.0,yellow,0.0,0.0,38.95,5.5,31.65
103,2025-07-12 15:21:01,2025-07-12 15:32:31,263,142,0.0,2.5,2.5,12.8,1.0,0.5,1.0,2.0,yellow,0.0,0.0,16.8,2.0,11.5
104,2025-07-26 15:35:29,2025-07-26 15:39:48,261,13,0.75,2.5,0.0,6.5,1.0,0.5,1.0,1.0,yellow,2.25,0.0,13.5,0.72,4.32
105,2025-07-26 12:19:44,2025-07-26 13:07:05,90,260,0.0,0.0,0.0,31.5,0.0,0.5,1.0,1.0,yellow,0.0,0.0,32.0,5.5,47.35
106,2025-07-03 17:58:01,2025-07-03 18:21:08,140,186,0.75,2.5,2.5,20.5,1.0,0.5,1.0,1.0,yellow,5.55,0.0,33.3,2.78,23.12
107,2025-07-30 16:56:25,2025-07-30 17:10:27,262,170,0.75,2.5,2.5,16.3,1.0,0.5,1.0,1.0,yellow,5.89,0.0,29.44,2.97,14.03
108,2025-07-22 05:52:18,2025-07-22 06:01:34,186,229,0.75,2.5,1.0,10.7,1.0,0.5,1.0,1.0,yellow,1.0,0.0,17.45,1.68,9.27
109,2025-07-10 08:39:53,2025-07-10 09:01:09,170,88,0.75,2.5,0.0,27.5,1.0,0.5,1.0,1.0,yellow,6.45,0.0,38.7,5.17,21.27
110,2025-07-20 22:39:29,2025-07-20 23:33:25,132,261,0.75,2.5,0.0,70.0,1.0,0.5,1.0,1.0,yellow,14.95,0.0,91.45,21.49,53.93
111,2025-07-10 21:12:27,2025-07-10 21:21:07,163,141,0.75,2.5,1.0,9.3,1.0,0.5,3.0,1.0,yellow,2.26,0.0,17.31,1.3,8.67
112,2025-07-03 19:26:46,2025-07-03 19:56:23,148,100,0.75,2.5,2.5,26.1,1.0,0.5,1.0,1.0,yellow,6.67,0.0,40.02,3.32,29.62
113,2025-07-10 21:28:14,2025-07-10 21:46:45,231,48,0.75,2.5,1.0,21.9,1.0,0.5,3.0,1.0,yellow,5.53,0.0,33.18,3.97,18.52
114,2025-07-19 19:02:22,2025-07-19 19:44:21,239,255,0.75,2.5,0.0,47.1,1.0,0.5,1.0,1.0,yellow,5.0,0.0,56.85,9.88,41.98
115,2025-07-19 18:03:12,2025-07-19 18:09:24,13,87,0.75,2.5,0.0,10.0,1.0,0.5,1.0,1.0,yellow,2.95,0.0,17.7,1.6,6.2
116,2025-07-21 07:33:19,2025-07-21 07:44:05,162,100,0.75,2.5,0.0,10.7,1.0,0.5,1.0,1.0,yellow,4.0,0.0,19.45,0.72,10.77
117,2025-07-26 11:47:12,2025-07-26 12:02:55,237,238,0.75,2.5,0.0,18.4,1.0,0.5,1.0,1.0,yellow,4.63,0.0,27.78,3.01,15.72
118,2025-07-14 22:30:39,2025-07-14 22:41:28,161,249,0.75,2.5,1.0,12.8,1.0,0.5,1.0,1.0,yellow,3.71,0.0,22.26,2.06,10.82
119,2025-07-05 11:02:15,2025-07-05 11:10:30,142,161,0.75,2.5,0.0,10.0,1.0,0.5,1.0,1.0,yellow,2.95,0.0,17.7,1.65,8.25
120,2025-07-29 22:31:59,2025-07-29 22:41:23,234,211,0.75,2.5,1.0,10.7,1.0,0.5,4.0,1.0,yellow,3.29,0.0,19.74,1.56,9.4
121,2025-07-21 19:27:15,2025-07-21 19:33:34,48,163,0.75,2.5,2.5,7.9,1.0,0.5,1.0,2.0,yellow,0.0,0.0,15.15,0.93,6.32
122,2025-07-08 14:50:14,2025-07-08 14:58:27,186,234,0.75,2.5,0.0,9.3,1.0,0.5,1.0,1.0,yellow,2.81,0.0,16.86,0.78,8.22
123,2025-07-23 08:56:10,2025-07-23 09:15:13,140,48,0.75,2.5,0.0,19.1,1.0,0.5,1.0,2.0,yellow,0.0,0.0,23.85,2.88,19.05
124,2025-07-24 14:55:41,2025-07-24 16:09:27,132,230,0.75,2.5,0.0,70.0,1.0,0.5,2.0,2.0,yellow,0.0,6.94,83.44,17.21,73.77
125,2025-07-28 19:02:40,2025-07-28 19:37:55,162,249,0.75,2.5,2.5,30.3,1.0,0.5,1.0,1.0,yellow,1.5,0.0,39.05,3.16,35.25
126,2025-07-25 13:51:42,2025-07-25 14:09:09,161,263,0.75,2.5,0.0,18.4,1.0,0.5,1.0,1.0,yellow,2.0,0.0,25.15,2.71,17.45
127,2025-07-31 08:33:33,2025-07-31 08:43:14,263,161,0.75,2.5,0.0,11.4,1.0,0.5,1.0,1.0,yellow,4.84,0.0,20.99,1.82,9.68
128,2025-07-12 19:44:02,2025-07-12 19:48:14,132,10,0.0,0.0,0.0,12.1,1.0,0.5,1.0,2.0,yellow,0.0,0.0,13.6,2.81,4.2
129,2025-07-13 09:34:45,2025-07-13 09:34:52,143,143,0.75,2.5,0.0,70.0,1.0,0.0,4.0,1.0,yellow,0.0,0.0,74.25,0.01,0.12
130,2025-07-13 22:12:30,2025-07-13 22:23:18,161,186,0.75,2.5,1.0,10.7,1.0,0.5,2.0,1.0,yellow,3.29,0.0,19.74,1.01,10.8
131,2025-07-16 18:06:12,2025-07-16 18:18:12,137,141,0.75,2.5,2.5,12.8,1.0,0.5,1.0,1.0,yellow,3.0,0.0,23.05,1.65,12.0
132,2025-08-16 18:43:40,2025-08-16 18:48:08,246,246,0.75,2.5,0.0,6.5,1.0,0.5,1.0,1.0,yellow,2.0,0.0,13.25,0.86,4.47
133,2025-08-26 20:19:24,2025-08-26 20:40:59,132,76,0.0,0.0,1.0,34.5,1.0,0.5,1.0,2.0,yellow,0.0,0.0,38.75,8.36,21.58
134,2025-08-02 17:49:17,2025-08-02 18:09:22,68,162,0.75,2.5,0.0,17.7,1.0,0.5,2.0,1.0,yellow,2.0,0.0,24.45,1.45,20.08
135,2025-08-01 23:31:20,2025-08-02 00:01:36,95,140,0.0,2.5,1.0,57.6,1.0,0.5,1.0,1.0,yellow,12.0,6.94,81.54,14.16,30.27
136,2025-08-20 23:16:16,2025-08-20 23:27:48,68,107,0.75,2.5,1.0,12.8,1.0,0.5,1.0,1.0,yellow,1.0,0.0,19.55,1.89,11.53
137,2025-08-21 15:10:30,2025-08-21 15:51:29,68,138,0.75,2.5,5.0,49.9,1.0,0.5,1.0,1.0,yellow,13.32,6.94,79.91,11.44,40.98
138,2025-08-25 17:17:15,2025-08-25 17:25:35,246,125,0.75,2.5,2.5,11.4,1.0,0.5,1.0,1.0,yellow,3.73,0.0,22.38,1.8,8.33
139,2025-08-24 10:09:53,2025-08-24 10:23:41,236,186,0.75,2.5,3.25,16.3,1.0,0.5,2.0,2.0,yellow,0.0,0.0,21.05,2.8,13.8
140,2025-08-24 21:47:49,2025-08-24 21:53:26,163,237,0.75,2.5,1.0,7.2,1.0,0.5,1.0,2.0,yellow,0.0,0.0,12.95,0.72,5.62
141,2025-08-03 13:33:21,2025-08-03 13:49:05,186,239,0.75,2.5,0.0,18.4,1.0,0.5,1.0,1.0,yellow,4.63,0.0,27.78,3.31,15.73
142,2025-08-08 19:49:55,2025-08-08 20:27:56,186,62,0.75,2.5,2.5,49.9,1.0,0.5,1.0,1.0,yellow,12.82,6.94,76.91,11.09,38.02
143,2025-08-24 23:09:00,2025-08-24 23:20:30,170,87,0.75,2.5,1.0,19.8,1.0,0.5,1.0,1.0,yellow,6.39,0.0,31.94,4.29,11.5
144,2025-08-03 18:02:50,2025-08-03 18:59:41,138,89,0.0,0.0,5.0,79.3,1.0,0.5,2.0,1.0,yellow,17.16,0.0,104.71,17.61,56.85
145,2025-08-13 16:42:53,2025-08-13 16:52:42,162,107,0.75,2.5,5.75,10.7,1.0,0.5,1.0,1.0,yellow,3.59,0.0,21.54,1.1,9.82
146,2025-08-01 07:15:39,2025-08-01 07:29:16,170,236,0.75,2.5,3.25,16.3,1.0,0.5,1.0,1.0,yellow,4.2,0.0,25.25,2.9,13.62
147,2025-08-14 19:03:07,2025-08-14 19:11:59,233,161,0.75,2.5,2.5,9.3,1.0,0.5,2.0,1.0,yellow,2.0,0.0,18.55,0.73,8.87
148,2025-08-19 11:19:06,2025-08-19 12:29:32,132,88,0.75,2.5,0.0,70.0,1.0,0.5,2.0,1.0,yellow,16.34,6.94,99.78,20.96,70.43
149,2025-08-17 10:10:26,2025-08-17 10:29:04,233,239,0.75,2.5,0.0,16.3,1.0,0.5,1.0,1.0,yellow,4.21,0.0,25.26,1.55,18.63
150,2025-08-26 17:55:26,2025-08-26 18:18:11,87,48,0.75,2.5,2.5,28.9,1.0,0.5,1.0,1.0,yellow,7.23,0.0,43.38,5.68,22.75
151,2025-08-25 16:18:18,2025-08-25 17:14:34,130,108,0.0,0.0,0.0,49.5,0.0,0.5,1.0,1.0,yellow,0.0,0.0,50.0,15.4,56.27
152,2025-08-27 21:33:07,2025-08-27 21:50:02,158,148,0.75,2.5,1.0,17.0,1.0,0.5,2.0,1.0,yellow,4.55,0.0,27.3,2.28,16.92
153,2025-08-23 18:25:45,2025-08-23 18:36:17,90,170,0.75,2.5,0.0,12.1,1.0,0.5,3.0,1.0,yellow,2.0,0.0,18.85,1.58,10.53
154,2025-08-25 19:33:36,2025-08-25 19:38:46,237,237,0.0,2.5,2.5,7.2,1.0,0.5,2.0,1.0,yellow,2.74,0.0,16.44,0.6,5.17
155,2025-08-24 17:16:20,2025-08-24 17:45:54,237,80,0.75,2.5,0.0,40.1,1.0,0.5,2.0,2.0,yellow,0.0,0.0,44.85,8.77,29.57
156,2025-08-11 17:53:19,2025-08-11 18:09:25,237,164,0.75,2.5,2.5,13.5,1.0,0.5,1.0,2.0,yellow,0.0,0.0,20.75,1.83,16.1
157,2025-08-01 13:55:43,2025-08-01 14:17:02,186,88,0.75,2.5,0.0,24.7,1.0,0.5,3.0,2.0,yellow,0.0,0.0,29.45,4.49,21.32
158,2025-08-26 21:46:45,2025-08-26 22:10:45,138,239,0.0,2.5,6.0,40.1,1.0,0.5,1.0,1.0,yellow,10.58,6.94,69.37,9.6,24.0
159,2025-08-17 17:02:19,2025-08-17 17:17:54,162,144,0.75,2.5,0.0,16.3,1.0,0.5,1.0,1.0,yellow,4.21,0.0,25.26,2.29,15.58
160,2025-08-23 23:13:21,2025-08-23 23:27:07,164,236,0.75,2.5,1.0,15.6,1.0,0.5,1.0,1.0,yellow,4.27,0.0,25.62,3.34,13.77
161,2025-08-22 17:33:25,2025-08-22 17:48:33,161,113,0.75,2.5,2.5,14.9,1.0,0.5,1.0,1.0,yellow,4.43,0.0,26.58,2.11,15.13
162,2025-08-30 06:20:48,2025-08-30 06:37:04,132,226,0.0,0.0,0.0,40.1,1.0,0.5,1.0,2.0,yellow,0.0,0.0,43.35,10.61,16.27
163,2025-08-20 15:32:40,2025-08-20 15:42:10,79,234,0.75,2.5,3.25,10.0,1.0,0.5,1.0,1.0,yellow,2.95,0.0,17.7,1.1,9.5
164,2025-08-31 12:07:18,2025-08-31 12:21:31,141,148,0.75,2.5,0.0,25.4,1.0,0.5,1.0,1.0,yellow,3.02,0.0,33.17,5.78,14.22
165,2025-08-26 23:49:00,2025-08-26 23:55:29,148,125,0.75,2.5,4.25,7.9,1.0,0.5,1.0,1.0,yellow,3.4,0.0,17.05,1.2,6.48
166,2025-08-01 10:52:17,2025-08-01 10:59:03,140,237,0.0,2.5,2.5,7.9,1.0,0.5,1.0,2.0,yellow,0.0,0.0,11.9,0.9,6.77
167,2025-08-25 18:03:34,2025-08-25 18:26:18,138,166,0.0,0.0,9.25,35.2,1.0,0.5,1.0,1.0,yellow,10.55,6.94,63.44,8.0,22.73
168,2025-08-13 09:44:45,2025-08-13 09:52:02,262,263,0.0,2.5,0.0,8.6,1.0,0.5,1.0,1.0,yellow,1.89,0.0,14.49,0.99,7.28
169,2025-08-21 08:37:08,2025-08-21 08:48:01,233,264,0.75,2.5,3.25,10.0,1.0,0.5,3.0,1.0,yellow,5.0,0.0,19.75,1.3,10.88
170,2025-08-27 16:34:04,2025-08-27 16:39:10,234,249,0.75,2.5,2.5,7.2,1.0,0.5,1.0,1.0,yellow,2.89,0.0,17.34,1.16,5.1
171,2025-08-18 01:16:19,2025-08-18 01:44:32,138,48,0.75,2.5,6.0,43.6,1.0,0.5,1.0,1.0,yellow,10.87,0.0,66.97,10.32,28.22
172,2025-08-28 10:45:16,2025-08-28 10:51:08,137,170,0.75,2.5,0.0,7.2,1.0,0.5,1.0,1.0,yellow,2.39,0.0,14.34,0.59,5.87
173,2025-08-03 00:36:07,2025-08-03 00:45:30,249,234,0.75,2.5,1.0,10.0,1.0,0.5,1.0,1.0,yellow,3.15,0.0,18.9,1.04,9.38
174,2025-08-18 10:00:06,2025-08-18 10:21:34,77,225,0.0,0.0,0.0,22.5,0.0,0.5,1.0,1.0,yellow,0.0,0.0,23.0,3.7,21.47
175,2025-08-08 16:08:00,2025-08-08 16:19:10,229,237,0.75,2.5,2.5,11.4,1.0,0.5,1.0,1.0,yellow,3.73,0.0,22.38,1.35,11.17
176,2025-08-23 19:30:26,2025-08-23 19:44:47,45,90,0.75,2.5,0.0,14.9,1.0,0.5,1.0,4.0,yellow,0.0,0.0,19.65,2.36,14.35
177,2025-08-07 14:50:42,2025-08-07 15:19:52,229,138,0.75,2.5,5.0,36.6,1.0,0.5,1.0,1.0,yellow,9.27,0.0,55.62,8.04,29.17
178,2025-08-21 18:43:12,2025-08-21 19:56:51,132,97,0.0,0.0,2.5,81.4,1.0,0.5,3.0,1.0,yellow,17.08,0.0,104.23,17.56,73.65
179,2025-08-30 22:04:54,2025-08-30 22:08:34,141,237,0.0,2.5,1.0,5.8,1.0,0.5,1.0,1.0,yellow,2.16,0.0,12.96,0.61,3.67
180,2025-08-07 15:29:13,2025-08-07 15:34:45,170,234,0.75,2.5,3.25,7.2,1.0,0.5,0.0,1.0,yellow,2.35,0.0,14.3,1.0,5.53
181,2025-08-17 18:28:17,2025-08-17 18:37:04,33,33,0.0,0.0,0.0,9.3,1.0,0.5,1.0,1.0,yellow,2.7,0.0,13.5,0.6,8.78
182,2025-08-13 12:59:34,2025-08-13 13:08:45,143,161,0.75,2.5,0.0,11.4,1.0,0.5,1.0,1.0,yellow,4.04,0.0,20.19,2.01,9.18
183,2025-08-22 14:53:02,2025-08-22 14:56:00,141,237,0.0,2.5,0.0,5.8,1.0,0.5,1.0,1.0,yellow,1.96,0.0,11.76,0.59,2.97
184,2025-08-16 11:58:43,2025-08-16 12:07:09,237,237,0.0,2.5,0.0,9.3,1.0,0.5,1.0,2.0,yellow,0.0,0.0,13.3,0.82,8.43
185,2025-08-01 21:25:20,2025-08-01 22:01:12,138,158,0.75,2.5,6.0,48.5,1.0,0.5,1.0,1.0,yellow,13.24,6.94,81.18,10.65,35.87
186,2025-08-02 14:25:38,2025-08-02 14:57:11,186,237,0.75,2.5,0.0,25.4,1.0,0.5,1.0,1.0,yellow,6.03,0.0,36.18,2.04,31.55
187,2025-08-16 01:07:01,2025-08-16 01:26:23,239,137,0.75,2.5,1.0,25.4,1.0,0.5,1.0,1.0,yellow,2.8,0.0,33.95,5.34,19.37
188,2025-08-14 18:02:38,2025-08-14 18:13:34,186,100,0.75,2.5,2.5,10.7,1.0,0.5,1.0,1.0,yellow,3.0,0.0,20.95,1.0,10.93
189,2025-08-01 20:33:02,2025-08-01 20:41:34,170,79,0.75,2.5,4.25,8.6,1.0,0.5,1.0,1.0,yellow,1.0,0.0,15.35,0.9,8.53
190,2025-08-17 15:37:11,2025-08-17 15:40:49,233,140,0.75,2.5,0.0,7.2,1.0,0.5,1.0,1.0,yellow,2.39,0.0,14.34,1.14,3.63
191,2025-08-18 21:28:42,2025-08-18 21:39:17,263,48,0.75,2.5,1.0,14.2,1.0,0.5,1.0,1.0,yellow,3.0,0.0,22.95,2.85,10.58
192,2025-08-03 11:39:27,2025-08-03 11:44:01,48,246,0.75,2.5,0.0,7.2,1.0,0.5,1.0,2.0,yellow,0.0,0.0,11.95,0.8,4.57
193,2025-08-23 13:19:56,2025-08-23 13:34:03,43,151,0.75,2.5,0.0,16.3,1.0,0.5,2.0,1.0,yellow,3.0,0.0,24.05,2.81,14.12
194,2025-08-06 22:06:29,2025-08-06 22:11:15,161,163,0.75,2.5,1.0,6.5,1.0,0.5,1.0,1.0,yellow,1.5,0.0,13.75,0.65,4.77
195,2025-08-15 17:35:18,2025-08-15 17:46:42,24,142,0.0,2.5,2.5,13.5,1.0,0.5,2.0,1.0,yellow,4.0,0.0,24.0,2.14,11.4
196,2025-08-16 13:44:49,2025-08-16 14:04:17,74,168,0.0,0.0,0.0,21.5,0.0,0.5,1.0,1.0,yellow,0.0,0.0,22.0,3.4,19.47
197,2025-08-30 21:26:03,2025-08-30 21:49:10,161,231,0.75,2.5,1.0,21.9,1.0,0.5,1.0,1.0,yellow,2.0,0.0,29.65,3.48,23.12
198,2025-08-20 22:56:08,2025-08-20 23:00:16,186,234,0.75,2.5,1.0,6.5,1.0,0.5,1.0,1.0,yellow,2.45,0.0,14.7,0.93,4.13
199,2025-08-29 09:00:38,2025-08-29 09:11:58,141,236,0.0,2.5,0.0,11.4,1.0,0.5,1.0,1.0,yellow,2.16,0.0,17.56,1.24,11.33
200,2025-08-09 22:30:19,2025-08-09 22:57:47,230,265,0.75,0.0,1.0,47.8,1.0,0.0,2.0,4.0,yellow,0.0,14.06,64.61,5.86,27.47
201,2025-08-26 16:01:18,2025-08-26 16:01:24,265,265,0.0,0.0,0.0,59.0,1.0,0.0,2.0,1.0,yellow,0.0,0.0,60.0,0.05,0.1
202,2025-08-12 18:32:22,2025-08-12 18:43:36,142,166,0.0,2.5,5.0,13.5,1.0,0.5,1.0,1.0,yellow,4.0,0.0,24.0,2.7,11.23
203,2025-08-27 19:23:59,2025-08-27 19:38:48,90,48,0.75,2.5,2.5,14.2,1.0,0.5,1.0,1.0,yellow,4.29,0.0,25.74,2.16,14.82
204,2025-08-14 19:49:52,2025-08-14 19:57:07,246,143,0.75,2.5,5.75,10.0,1.0,0.5,1.0,1.0,yellow,0.0,0.0,17.25,1.8,7.25
205,2025-08-14 16:09:13,2025-08-14 16:21:53,211,249,0.75,2.5,0.0,12.8,1.0,0.5,1.0,1.0,yellow,3.51,0.0,21.06,1.69,12.67
206,2025-08-13 08:16:11,2025-08-13 08:36:30,186,231,0.75,2.5,0.0,21.2,1.0,0.5,1.0,1.0,yellow,2.6,0.0,28.55,3.41,20.32
207,2025-08-22 22:08:18,2025-08-22 22:31:20,48,164,0.75,2.5,1.0,19.1,1.0,0.5,1.0,1.0,yellow,4.97,0.0,29.82,1.35,23.03
208,2025-08-05 19:59:55,2025-08-05 20:06:56,237,142,0.0,2.5,5.0,8.6,1.0,0.5,1.0,1.0,yellow,3.0,0.0,18.1,1.2,7.02
209,2025-08-09 11:00:36,2025-08-09 11:16:23,151,140,0.0,2.5,2.5,18.4,1.0,0.5,1.0,1.0,yellow,4.45,0.0,26.85,3.2,15.78
210,2025-08-22 17:38:22,2025-08-22 18:38:12,132,148,0.75,2.5,5.0,70.0,1.0,0.5,3.0,1.0,yellow,15.95,0.0,97.45,18.55,59.83
211,2025-08-04 12:57:47,2025-08-04 13:05:11,234,114,0.75,2.5,0.0,8.6,1.0,0.5,3.0,1.0,yellow,1.34,0.0,14.69,1.09,7.4
212,2025-08-13 12:31:29,2025-08-13 12:51:21,246,75,0.0,2.5,0.0,24.0,1.0,0.5,1.0,1.0,yellow,5.6,0.0,33.6,4.13,19.87
213,2025-08-29 16:10:12,2025-08-29 17:25:24,132,163,0.75,2.5,10.0,70.0,1.0,0.5,1.0,1.0,yellow,22.1,6.94,110.54,19.6,75.2
214,2025-08-29 11:58:56,2025-08-29 12:17:15,230,237,0.75,2.5,0.0,17.7,1.0,0.5,1.0,2.0,yellow,0.0,0.0,22.45,2.71,18.32
215,2025-08-23 04:29:14,2025-08-23 04:59:06,107,181,0.75,2.5,4.25,34.5,1.0,0.5,1.0,1.0,yellow,8.05,0.0,48.3,7.9,29.87
216,2025-08-07 18:43:35,2025-08-07 18:58:30,161,249,0.75,2.5,2.5,14.9,1.0,0.5,2.0,1.0,yellow,4.43,0.0,26.58,2.0,14.92
217,2025-08-04 16:53:23,2025-08-04 16:59:24,141,140,0.75,2.5,2.5,7.2,1.0,0.5,1.0,1.0,yellow,2.89,0.0,17.34,0.78,6.02
218,2025-08-02 12:21:13,2025-08-02 12:27:36,143,48,0.75,2.5,3.25,9.3,1.0,0.5,1.0,1.0,yellow,2.8,0.0,16.85,1.3,6.38
219,2025-08-06 19:50:11,2025-08-06 20:13:02,230,87,0.75,2.5,2.5,28.2,1.0,0.5,1.0,1.0,yellow,5.32,0.0,40.77,5.51,22.85
220,2025-08-20 16:45:12,2025-08-20 16:55:02,236,142,0.0,2.5,2.5,11.4,1.0,0.5,1.0,1.0,yellow,3.58,0.0,21.48,1.46,9.83
221,2025-08-09 09:00:31,2025-08-09 09:18:37,41,239,0.0,2.5,0.0,22.6,1.0,0.5,1.0,1.0,yellow,7.98,0.0,34.58,4.21,18.1
222,2025-08-01 20:54:23,2025-08-01 21:05:55,234,50,0.75,2.5,4.25,11.4,1.0,0.5,1.0,1.0,yellow,2.0,0.0,19.15,1.6,11.53
223,2025-08-13 13:48:48,2025-08-13 14:14:07,87,123,0.75,2.5,0.0,36.6,1.0,0.5,1.0,1.0,yellow,9.66,6.94,57.95,8.06,25.32
224,2025-08-19 19:39:58,2025-08-19 19:47:25,234,79,0.75,2.5,2.5,8.6,1.0,0.5,2.0,1.0,yellow,3.17,0.0,19.02,0.93,7.45
225,2025-08-02 16:41:55,2025-08-02 16:46:32,262,140,0.0,2.5,0.0,6.5,1.0,0.5,1.0,1.0,yellow,2.1,0.0,12.6,0.53,4.62
226,2025-08-24 01:10:26,2025-08-24 01:24:25,148,141,0.75,2.5,1.0,21.9,1.0,0.5,1.0,1.0,yellow,5.53,0.0,33.18,4.82,13.98
227,2025-08-04 22:50:22,2025-08-04 23:00:40,48,246,0.75,2.5,1.0,8.6,1.0,0.5,5.0,1.0,yellow,4.3,0.0,18.65,1.31,10.3
228,2025-08-31 08:43:42,2025-08-31 08:54:48,141,230,0.75,2.5,3.25,11.4,1.0,0.5,1.0,1.0,yellow,3.25,0.0,19.4,1.7,11.1
229,2025-08-22 19:22:19,2025-08-22 19:34:25,234,50,0.75,2.5,2.5,13.5,1.0,0.5,1.0,1.0,yellow,4.15,0.0,24.9,2.41,12.1
230,2025-08-02 21:54:58,2025-08-02 22:06:02,151,263,0.0,2.5,1.0,12.1,1.0,0.5,1.0,1.0,yellow,2.5,0.0,19.6,1.67,11.07
231,2025-08-22 18:17:48,2025-08-22 18:23:43,237,161,0.75,2.5,2.5,7.9,1.0,0.5,1.0,2.0,yellow,0.0,0.0,15.15,0.85,5.92
232,2025-08-02 15:27:44,2025-08-02 15:45:09,170,161,0.75,2.5,0.0,15.6,1.0,0.5,1.0,1.0,yellow,2.0,0.0,22.35,1.2,17.42
233,2025-08-08 03:24:38,2025-08-08 03:29:12,246,186,0.75,2.5,1.0,6.5,1.0,0.5,1.0,2.0,yellow,0.0,0.0,12.25,0.79,4.57
234,2025-08-24 15:50:49,2025-08-24 15:56:53,236,162,0.75,2.5,0.0,9.3,1.0,0.5,1.0,1.0,yellow,2.81,0.0,16.86,1.61,6.07
235,2025-08-30 23:36:43,2025-08-30 23:49:08,170,141,0.75,2.5,1.0,14.2,1.0,0.5,1.0,1.0,yellow,3.99,0.0,23.94,2.62,12.42
236,2025-08-27 20:56:00,2025-08-27 21:00:59,211,231,0.75,2.5,1.0,6.5,1.0,0.5,2.0,1.0,yellow,2.45,0.0,14.7,0.82,4.98
237,2025-08-30 00:52:41,2025-08-30 00:58:14,137,229,0.75,2.5,4.25,8.6,1.0,0.5,1.0,1.0,yellow,2.85,0.0,17.2,1.4,5.55
238,2025-08-29 21:53:01,2025-08-29 21:58:07,249,234,0.75,2.5,1.0,7.2,1.0,0.5,1.0,1.0,yellow,2.59,0.0,15.54,0.85,5.1
239,2025-08-21 07:36:27,2025-08-21 07:54:24,263,107,0.75,2.5,3.25,24.0,1.0,0.5,1.0,1.0,yellow,5.75,0.0,34.5,5.1,17.95
240,2025-08-15 08:31:42,2025-08-15 08:37:35,166,238,0.0,0.0,0.0,9.3,1.0,0.5,1.0,1.0,yellow,2.16,0.0,12.96,1.47,5.88
241,2025-08-02 01:58:45,2025-08-02 02:12:28,148,141,0.75,2.5,1.0,18.4,1.0,0.5,1.0,1.0,yellow,2.0,0.0,26.15,3.89,13.72
242,2025-08-24 00:51:09,2025-08-24 01:03:33,148,229,0.75,2.5,1.0,15.6,1.0,0.5,2.0,1.0,yellow,4.27,0.0,25.62,2.91,12.4
243,2025-08-28 16:36:33,2025-08-28 17:05:52,237,42,0.75,2.5,2.5,30.3,1.0,0.5,1.0,1.0,yellow,7.51,0.0,45.06,5.26,29.32
244,2025-08-20 17:32:42,2025-08-20 17:35:23,263,141,0.0,2.5,2.5,5.8,1.0,0.5,5.0,2.0,yellow,0.0,0.0,12.3,0.79,2.68
245,2025-08-11 23:18:48,2025-08-11 23:38:05,148,100,0.75,2.5,1.0,20.5,1.0,0.5,1.0,4.0,yellow,0.0,0.0,26.25,3.75,19.28
246,2025-08-12 20:20:31,2025-08-12 20:25:29,162,229,0.75,2.5,2.5,7.2,1.0,0.5,1.0,2.0,yellow,0.0,0.0,14.45,0.69,4.97
247,2025-08-03 19:05:55,2025-08-03 19:25:59,231,52,0.75,2.5,0.0,19.1,1.0,0.5,1.0,1.0,yellow,4.77,0.0,28.62,3.37,20.07
248,2025-08-23 17:57:34,2025-08-23 18:19:51,233,261,0.75,2.5,0.0,27.5,1.0,0.5,1.0,1.0,yellow,4.0,0.0,36.25,5.06,22.28
249,2025-08-25 17:24:16,2025-08-25 17:52:57,261,230,0.75,2.5,2.5,35.9,1.0,0.5,1.0,1.0,yellow,0.0,0.0,43.15,6.9,28.68
250,2025-08-07 14:05:58,2025-08-07 14:59:42,95,209,0.0,0.0,0.0,43.5,0.0,0.5,1.0,1.0,yellow,0.0,0.0,44.0,10.5,53.73
251,2025-08-27 19:21:42,2025-08-27 19:25:43,161,48,0.75,2.5,2.5,5.8,1.0,0.5,1.0,1.0,yellow,2.46,0.0,15.51,0.49,4.02
252,2025-08-28 23:17:57,2025-08-28 23:19:18,237,236,0.0,2.5,1.0,4.4,1.0,0.5,2.0,1.0,yellow,2.35,0.0,11.75,0.42,1.35
253,2025-08-12 21:58:13,2025-08-12 22:06:05,239,43,0.0,2.5,1.0,10.0,1.0,0.5,1.0,1.0,yellow,2.0,0.0,17.0,1.51,7.87
254,2025-08-17 17:46:56,2025-08-17 18:58:30,132,238,0.0,2.5,0.0,70.0,1.0,0.5,3.0,1.0,yellow,17.74,14.72,108.21,19.49,71.57
255,2025-08-14 12:11:14,2025-08-14 12:44:31,143,236,0.0,0.0,0.0,23.5,0.0,0.5,1.0,1.0,yellow,0.0,0.0,24.0,3.6,33.28
256,2025-08-21 08:49:50,2025-08-21 08:54:52,233,161,0.75,2.5,3.25,5.8,1.0,0.5,1.0,1.0,yellow,0.5,0.0,11.05,0.5,5.03
257,2025-08-24 12:20:43,2025-08-24 12:34:25,43,230,0.75,2.5,3.25,13.5,1.0,0.5,1.0,1.0,yellow,3.65,0.0,21.9,2.0,13.7
258,2025-08-01 13:02:26,2025-08-01 14:18:21,121,20,0.0,0.0,0.0,41.5,0.0,0.5,1.0,1.0,yellow,0.0,6.94,48.94,12.7,75.92
259,2025-08-23 21:49:47,2025-08-23 22:14:51,234,87,0.75,2.5,1.0,23.3,1.0,0.5,1.0,1.0,yellow,5.81,0.0,34.86,3.36,25.07
260,2025-08-18 20:07:54,2025-08-18 20:24:49,87,137,0.75,2.5,1.0,26.1,1.0,0.5,1.0,1.0,yellow,0.0,0.0,31.85,5.53,16.92
261,2025-08-16 23:08:29,2025-08-16 23:25:53,239,170,0.75,2.5,1.0,17.7,1.0,0.5,2.0,1.0,yellow,4.69,0.0,28.14,2.8,17.4
262,2025-08-04 18:13:45,2025-08-04 18:18:14,229,262,0.75,2.5,5.75,8.6,1.0,0.5,1.0,1.0,yellow,3.15,0.0,19.0,1.7,4.48
263,2025-08-11 06:32:40,2025-08-11 07:22:50,132,239,0.0,2.5,0.0,70.0,1.0,0.5,1.0,1.0,yellow,16.54,6.94,99.23,20.87,50.17
264,2025-08-14 08:05:35,2025-08-14 09:13:47,132,230,0.75,2.5,0.0,70.0,1.0,0.5,4.0,1.0,yellow,16.34,6.94,99.78,17.57,68.2
265,2025-08-22 18:23:59,2025-08-22 18:32:05,163,48,0.75,2.5,5.75,9.3,1.0,0.5,1.0,2.0,yellow,0.0,0.0,16.55,1.0,8.1
266,2025-08-07 13:35:38,2025-08-07 13:50:27,43,238,0.0,2.5,0.0,14.9,1.0,0.5,1.0,1.0,yellow,3.78,0.0,22.68,1.91,14.82
267,2025-08-18 09:22:09,2025-08-18 09:37:34,50,229,0.75,2.5,0.0,14.2,1.0,0.5,2.0,1.0,yellow,5.68,0.0,24.63,1.83,15.42
268,2025-08-04 17:43:25,2025-08-04 17:50:52,137,164,0.75,2.5,2.5,9.3,1.0,0.5,2.0,1.0,yellow,1.5,0.0,18.05,1.33,7.45
269,2025-08-02 01:41:46,2025-08-02 02:05:00,68,255,0.75,2.5,1.0,25.4,1.0,0.5,3.0,1.0,yellow,4.67,0.0,35.82,4.59,23.23
270,2025-08-22 12:50:47,2025-08-22 13:09:11,140,238,0.0,2.5,0.0,18.4,1.0,0.5,1.0,1.0,yellow,4.48,0.0,26.88,2.57,18.4
271,2025-08-29 17:54:26,2025-08-29 18:05:28,162,186,0.75,2.5,2.5,10.7,1.0,0.5,1.0,1.0,yellow,3.59,0.0,21.54,1.23,11.03
272,2025-08-18 00:10:01,2025-08-18 00:47:07,132,113,0.75,2.5,0.0,70.0,1.0,0.5,1.0,1.0,yellow,18.69,0.0,95.19,19.37,37.1
273,2025-08-26 15:48:05,2025-08-26 16:07:33,164,262,0.75,2.5,0.0,19.1,1.0,0.5,5.0,1.0,yellow,4.77,0.0,28.62,3.13,19.47
274,2025-08-17 18:21:39,2025-08-17 18:25:03,230,163,0.75,2.5,0.0,5.8,1.0,0.5,2.0,1.0,yellow,1.0,0.0,11.55,0.71,3.4
275,2025-08-23 16:48:15,2025-08-23 17:02:15,161,263,0.75,2.5,0.0,14.9,1.0,0.5,1.0,1.0,yellow,3.93,0.0,23.58,2.43,14.0
276,2025-09-08 16:56:51,2025-09-08 17:06:27,230,90,0.75,2.5,2.5,9.3,1.0,0.5,1.0,1.0,yellow,3.16,0.0,19.71,0.91,9.6
277,2025-09-27 21:21:39,2025-09-27 21:26:08,161,100,0.75,2.5,4.25,5.8,1.0,0.5,1.0,1.0,yellow,2.9,0.0,14.45,0.4,4.48
278,2025-09-23 14:29:12,2025-09-23 14:49:15,43,230,0.75,2.5,0.0,18.4,1.0,0.5,1.0,1.0,yellow,5.79,0.0,28.94,2.29,20.05
279,2025-09-14 15:39:44,2025-09-14 15:49:04,237,239,0.0,2.5,0.0,11.4,1.0,0.5,1.0,1.0,yellow,4.62,0.0,20.02,1.45,9.33
280,2025-09-02 10:40:16,2025-09-02 10:46:48,237,236,0.0,2.5,0.0,7.2,1.0,0.5,1.0,1.0,yellow,1.0,0.0,12.2,0.56,6.53
281,2025-09-19 14:42:23,2025-09-19 14:54:54,231,158,0.75,2.5,0.0,13.5,1.0,0.5,1.0,1.0,yellow,3.65,0.0,21.9,1.86,12.52
282,2025-09-22 13:11:48,2025-09-22 13:30:18,43,127,0.75,2.5,0.0,36.6,1.0,0.5,5.0,1.0,yellow,5.0,0.0,46.35,8.82,18.5
283,2025-09-17 12:25:22,2025-09-17 12:50:16,142,229,0.75,2.5,3.25,19.8,1.0,0.5,1.0,1.0,yellow,6.15,0.0,30.7,1.2,24.9
284,2025-09-10 07:41:11,2025-09-10 09:14:24,132,89,0.0,0.0,0.0,109.8,1.0,0.0,1.0,2.0,yellow,0.0,0.0,112.55,15.0,93.22
285,2025-09-16 10:58:27,2025-09-16 11:24:14,163,261,0.75,2.5,0.0,35.9,1.0,0.5,1.0,1.0,yellow,8.13,0.0,48.78,7.3,25.78
286,2025-09-24 16:22:17,2025-09-24 16:54:03,261,50,0.75,2.5,2.5,29.6,1.0,0.5,4.0,1.0,yellow,5.0,0.0,41.85,4.07,31.77
287,2025-09-21 22:09:05,2025-09-21 22:25:21,142,164,0.75,2.5,1.0,15.6,1.0,0.5,2.0,1.0,yellow,4.27,0.0,25.62,2.41,16.27
288,2025-09-17 14:23:24,2025-09-17 14:54:56,164,48,0.75,2.5,0.0,25.4,1.0,0.5,1.0,1.0,yellow,1.0,0.0,31.15,1.75,31.53
289,2025-09-25 22:03:54,2025-09-25 22:05:49,163,161,0.75,2.5,1.0,4.4,1.0,0.5,1.0,2.0,yellow,0.0,0.0,10.15,0.37,1.92
290,2025-09-19 08:00:58,2025-09-19 08:37:06,179,113,0.75,2.5,0.0,35.9,1.0,0.5,1.0,1.0,yellow,8.13,0.0,48.78,5.96,36.13
291,2025-09-25 10:04:42,2025-09-25 10:12:35,231,68,0.75,2.5,0.0,10.7,1.0,0.5,2.0,1.0,yellow,3.09,0.0,18.54,1.66,7.88
292,2025-09-26 03:03:30,2025-09-26 03:19:51,148,66,0.75,2.5,1.0,18.4,1.0,0.5,1.0,1.0,yellow,4.83,0.0,28.98,3.01,16.35
293,2025-09-23 10:19:55,2025-09-23 10:28:35,107,170,0.75,2.5,0.0,9.3,1.0,0.5,1.0,1.0,yellow,2.11,0.0,16.16,0.55,8.67
294,2025-09-01 11:29:03,2025-09-01 11:32:16,236,263,0.0,2.5,0.0,5.1,1.0,0.5,1.0,1.0,yellow,1.9,0.0,11.0,0.61,3.22
295,2025-09-20 22:08:39,2025-09-20 22:35:08,161,112,0.75,2.5,1.0,26.1,1.0,0.5,1.0,1.0,yellow,3.88,6.94,42.67,4.0,26.48
296,2025-09-27 19:46:38,2025-09-27 20:24:51,186,141,0.75,2.5,0.0,31.7,1.0,0.5,1.0,1.0,yellow,7.29,0.0,43.74,2.69,38.22
297,2025-09-14 18:03:51,2025-09-14 18:09:58,162,230,0.75,2.5,0.0,7.2,1.0,0.5,2.0,1.0,yellow,2.39,0.0,14.34,0.6,6.12
298,2025-09-21 10:44:55,2025-09-21 10:50:28,237,236,0.0,2.5,0.0,8.6,1.0,0.5,1.0,2.0,yellow,0.0,0.0,12.6,1.1,5.55
299,2025-09-03 21:47:52,2025-09-03 21:56:08,107,90,0.75,2.5,1.0,9.3,1.0,0.5,1.0,1.0,yellow,2.26,0.0,17.31,1.03,8.27
300,2025-09-18 12:57:17,2025-09-18 13:41:50,231,161,0.75,2.5,3.25,38.7,1.0,0.5,1.0,1.0,yellow,8.65,0.0,52.1,4.7,44.55
301,2025-09-17 23:06:54,2025-09-17 23:07:09,161,161,0.75,2.5,4.25,3.0,1.0,0.5,1.0,4.0,yellow,0.0,0.0,8.75,0.0,0.25
302,2025-09-14 13:49:55,2025-09-14 14:04:50,148,87,0.75,2.5,0.0,14.2,1.0,0.5,2.0,1.0,yellow,2.84,0.0,21.79,1.73,14.92
303,2025-09-23 21:17:31,2025-09-23 21:23:42,263,141,0.0,2.5,1.0,7.9,1.0,0.5,2.0,1.0,yellow,2.58,0.0,15.48,0.92,6.18
304,2025-09-17 15:36:07,2025-09-17 16:26:02,61,26,0.0,0.0,0.0,26.5,0.0,0.5,1.0,1.0,yellow,0.0,0.0,27.0,4.9,49.92
305,2025-09-16 17:15:50,2025-09-16 17:27:04,246,163,0.75,2.5,2.5,12.1,1.0,0.5,1.0,1.0,yellow,3.87,0.0,23.22,1.86,11.23
306,2025-09-10 16:53:05,2025-09-10 18:18:48,42,218,0.0,0.0,0.0,50.5,0.0,0.5,1.0,1.0,yellow,0.0,6.94,57.94,15.3,85.72
307,2025-09-22 22:53:11,2025-09-22 23:00:49,186,137,0.75,2.5,1.0,8.6,1.0,0.5,1.0,1.0,yellow,1.0,0.0,15.35,0.97,7.63
308,2025-09-16 07:12:35,2025-09-16 07:21:21,141,233,0.75,2.5,0.0,11.4,1.0,0.5,1.0,1.0,yellow,3.23,0.0,19.38,2.21,8.77
309,2025-09-27 15:57:11,2025-09-27 16:02:36,162,161,0.75,2.5,0.0,6.5,1.0,0.5,1.0,1.0,yellow,2.25,0.0,13.5,0.59,5.42
310,2025-09-25 19:35:46,2025-09-25 20:04:29,144,163,0.75,2.5,2.5,29.6,1.0,0.5,3.0,1.0,yellow,5.0,0.0,41.85,5.25,28.72
311,2025-09-06 17:31:22,2025-09-06 18:26:51,132,143,0.75,2.5,0.0,70.0,1.0,0.5,2.0,1.0,yellow,7.0,0.0,83.5,18.12,55.48
312,2025-09-15 10:38:41,2025-09-15 11:04:01,36,35,0.0,0.0,0.0,21.5,0.0,0.5,1.0,1.0,yellow,0.0,0.0,22.0,2.9,25.33
313,2025-09-17 17:58:20,2025-09-17 18:05:11,143,239,0.0,2.5,2.5,8.6,1.0,0.5,4.0,1.0,yellow,3.77,0.0,18.87,1.04,6.85
314,2025-09-17 16:24:57,2025-09-17 16:30:01,236,75,0.0,2.5,5.0,6.5,1.0,0.5,1.0,1.0,yellow,2.0,0.0,15.0,1.0,5.07
315,2025-09-15 17:19:40,2025-09-15 17:27:09,151,237,0.0,2.5,2.5,10.7,1.0,0.5,1.0,1.0,yellow,3.44,0.0,20.64,1.99,7.48
316,2025-09-12 12:41:08,2025-09-12 12:50:06,239,166,0.0,2.5,0.0,11.4,1.0,0.5,1.0,1.0,yellow,2.31,0.0,17.71,1.59,8.97
317,2025-09-20 23:42:53,2025-09-20 23:43:07,170,170,0.75,2.5,0.0,500.0,1.0,0.0,1.0,2.0,yellow,0.0,0.0,504.25,0.0,0.23
318,2025-09-30 19:27:14,2025-09-30 19:41:11,234,229,0.75,2.5,5.75,14.9,1.0,0.5,1.0,1.0,yellow,4.4,0.0,26.55,2.0,13.95
319,2025-09-23 19:57:14,2025-09-23 20:33:02,79,233,0.75,2.5,5.75,28.9,1.0,0.5,1.0,1.0,yellow,7.25,0.0,43.4,2.2,35.8
320,2025-09-17 11:25:35,2025-09-17 12:22:22,236,231,0.75,2.5,3.25,46.4,1.0,0.5,1.0,1.0,yellow,10.2,0.0,61.35,5.0,56.78
321,2025-09-30 13:27:18,2025-09-30 13:43:45,100,162,0.75,2.5,0.0,14.2,1.0,0.5,1.0,2.0,yellow,0.0,0.0,18.95,1.04,16.45
322,2025-09-03 16:21:02,2025-09-03 16:24:56,263,262,0.0,2.5,2.5,5.8,1.0,0.5,3.0,1.0,yellow,2.46,0.0,14.76,0.37,3.9
323,2025-09-13 22:46:43,2025-09-13 22:50:58,231,87,0.75,2.5,1.0,5.8,1.0,0.5,1.0,1.0,yellow,2.31,0.0,13.86,0.56,4.25
324,2025-09-15 13:46:23,2025-09-15 13:55:01,164,246,0.75,2.5,0.0,9.3,1.0,0.5,1.0,1.0,yellow,2.81,0.0,16.86,0.9,8.63
325,2025-09-26 14:58:19,2025-09-26 17:17:11,100,213,0.0,0.0,0.0,37.5,0.0,0.5,1.0,1.0,yellow,0.0,0.0,38.0,9.2,138.87
326,2025-09-06 16:43:23,2025-09-06 17:06:04,141,246,0.75,2.5,0.0,21.9,1.0,0.5,1.0,1.0,yellow,5.33,0.0,31.98,2.92,22.68
327,2025-09-25 12:36:41,2025-09-25 12:53:32,43,161,0.75,2.5,0.0,14.9,1.0,0.5,1.0,1.0,yellow,2.0,0.0,21.65,1.37,16.85
328,2025-09-21 05:06:08,2025-09-21 05:14:13,230,230,0.75,2.5,4.25,9.3,1.0,0.5,2.0,2.0,yellow,0.0,0.0,15.05,1.6,8.08
329,2025-09-25 07:50:56,2025-09-25 08:50:01,48,132,0.75,2.5,0.0,70.0,1.0,0.5,2.0,2.0,yellow,0.0,15.0,89.75,13.73,59.08
330,2025-09-23 09:02:15,2025-09-23 09:19:03,230,234,0.75,2.5,0.0,15.6,1.0,0.5,1.0,1.0,yellow,1.0,0.0,21.35,1.37,16.8
331,2025-09-23 15:49:54,2025-09-23 16:02:52,152,143,0.75,2.5,0.0,15.83,1.0,0.5,1.0,1.0,yellow,0.0,0.0,20.58,4.92,12.97
332,2025-09-10 23:13:04,2025-09-10 23:21:04,161,237,0.75,2.5,1.0,10.0,1.0,0.5,1.0,1.0,yellow,3.15,0.0,18.9,1.67,8.0
333,2025-09-02 14:17:02,2025-09-02 15:16:03,132,181,0.0,0.0,0.0,63.9,1.0,0.5,2.0,1.0,yellow,5.0,0.0,72.15,12.63,59.02
334,2025-09-19 23:10:29,2025-09-19 23:16:00,125,90,0.75,2.5,1.0,7.9,1.0,0.5,1.0,1.0,yellow,3.33,0.0,16.98,0.99,5.52
335,2025-09-24 06:30:21,2025-09-24 06:36:18,170,79,0.75,2.5,0.0,7.9,1.0,0.5,1.0,2.0,yellow,0.0,0.0,12.65,1.02,5.95
336,2025-09-21 08:36:42,2025-09-21 08:54:09,236,138,0.0,2.5,5.0,35.9,1.0,0.5,1.0,1.0,yellow,15.55,6.94,67.39,8.6,17.45
337,2025-09-27 04:42:56,2025-09-27 04:50:05,230,186,0.75,2.5,1.0,7.9,1.0,0.5,2.0,2.0,yellow,0.0,0.0,13.65,1.14,7.15
338,2025-09-29 19:24:12,2025-09-29 19:28:37,234,186,0.75,2.5,2.5,6.5,1.0,0.5,1.0,1.0,yellow,4.12,0.0,17.87,0.67,4.42
339,2025-09-20 01:21:39,2025-09-20 01:25:08,158,158,0.75,2.5,1.0,5.1,1.0,0.5,1.0,1.0,yellow,1.0,0.0,11.85,0.27,3.48
340,2025-09-02 21:12:12,2025-09-02 21:28:40,236,68,0.75,2.5,1.0,20.5,1.0,0.5,1.0,1.0,yellow,3.94,0.0,30.19,4.43,16.47
341,2025-09-18 14:00:18,2025-09-18 14:07:49,263,237,0.0,2.5,0.0,8.6,1.0,0.5,1.0,2.0,yellow,0.0,0.0,12.6,0.78,7.52
342,2025-09-30 15:45:32,2025-09-30 15:54:45,107,90,0.75,2.5,0.0,10.0,1.0,0.5,1.0,1.0,yellow,2.95,0.0,17.7,1.09,9.22
343,2025-09-28 12:54:35,2025-09-28 13:47:42,132,238,0.0,2.5,0.0,70.0,1.0,0.5,1.0,1.0,yellow,12.0,6.94,94.69,19.62,53.12
344,2025-09-17 20:05:15,2025-09-17 20:19:24,162,161,0.75,2.5,1.0,12.8,1.0,0.5,1.0,2.0,yellow,0.0,0.0,18.55,0.91,14.15
345,2025-09-30 12:42:46,2025-09-30 13:03:13,132,132,0.0,0.0,0.0,37.3,1.0,0.5,1.0,2.0,yellow,0.0,0.0,40.55,9.31,20.45
346,2025-09-10 15:13:04,2025-09-10 15:26:18,238,143,0.0,2.5,0.0,13.5,1.0,0.5,1.0,1.0,yellow,0.88,0.0,18.38,1.72,13.23
347,2025-09-11 11:53:28,2025-09-11 12:10:48,236,143,0.0,2.5,0.0,17.0,1.0,0.5,1.0,1.0,yellow,4.2,0.0,25.2,2.3,17.33
348,2025-09-19 21:27:04,2025-09-19 21:32:16,142,163,0.75,2.5,1.0,7.2,1.0,0.5,2.0,1.0,yellow,2.59,0.0,15.54,0.8,5.2
349,2025-09-12 11:36:27,2025-09-12 11:41:49,142,143,0.75,2.5,0.0,7.2,1.0,0.5,1.0,1.0,yellow,2.39,0.0,14.34,0.73,5.37
350,2025-09-24 22:35:26,2025-09-24 22:41:38,231,249,0.75,2.5,4.25,7.9,1.0,0.5,1.0,1.0,yellow,2.75,0.0,16.4,1.1,6.2
351,2025-09-17 20:40:47,2025-09-17 21:20:28,263,220,0.0,2.5,1.0,50.6,1.0,0.5,2.0,1.0,yellow,11.76,3.18,70.54,10.72,39.68
352,2025-09-11 13:20:02,2025-09-11 13:28:28,237,43,0.75,2.5,0.0,9.3,1.0,0.5,1.0,1.0,yellow,2.39,0.0,16.44,1.16,8.43
353,2025-09-03 10:28:41,2025-09-03 10:37:00,229,233,0.75,2.5,0.0,8.6,1.0,0.5,1.0,1.0,yellow,2.67,0.0,16.02,0.41,8.32
354,2025-09-30 21:40:49,2025-09-30 22:23:17,142,17,0.75,2.5,1.0,46.4,1.0,0.5,1.0,1.0,yellow,10.43,0.0,62.58,8.69,42.47
355,2025-09-23 21:20:57,2025-09-23 21:44:45,88,164,0.75,2.5,1.0,26.8,1.0,0.5,1.0,1.0,yellow,6.51,0.0,39.06,5.05,23.8
356,2025-09-25 19:52:18,2025-09-25 20:30:50,132,224,0.75,2.5,5.0,70.0,1.0,0.5,1.0,1.0,yellow,17.34,6.94,105.78,17.22,38.53
357,2025-09-04 15:36:23,2025-09-04 15:42:35,48,246,0.75,2.5,0.0,7.9,1.0,0.5,1.0,2.0,yellow,0.0,0.0,12.65,0.98,6.2
358,2025-09-05 16:53:34,2025-09-05 17:38:14,234,33,0.75,2.5,2.5,39.4,1.0,0.5,1.0,1.0,yellow,9.33,0.0,55.98,4.79,44.67
359,2025-09-08 22:48:47,2025-09-08 22:58:11,48,65,0.75,2.5,1.0,10.7,1.0,0.5,1.0,1.0,yellow,3.29,0.0,19.74,1.38,9.4
360,2025-09-12 10:33:58,2025-09-12 10:34:10,231,231,0.75,0.0,0.75,11.0,1.0,0.0,1.0,1.0,yellow,2.55,0.0,15.3,0.0,0.2
361,2025-09-15 23:59:57,2025-09-16 00:12:02,230,114,0.75,2.5,1.0,14.2,1.0,0.5,1.0,2.0,yellow,0.0,0.0,19.95,2.55,12.08
362,2025-09-19 07:56:31,2025-09-19 08:04:18,162,161,0.75,2.5,0.0,8.6,1.0,0.5,1.0,1.0,yellow,5.0,0.0,18.35,0.64,7.78
363,2025-09-03 18:12:10,2025-09-03 18:36:01,229,163,0.75,2.5,2.5,19.8,1.0,0.5,1.0,1.0,yellow,5.41,0.0,32.46,0.9,23.85
364,2025-09-23 15:19:26,2025-09-23 15:58:46,226,132,0.0,0.0,0.0,70.0,1.0,0.5,2.0,1.0,yellow,7.15,0.0,78.65,12.07,39.33
365,2025-09-14 17:40:25,2025-09-14 18:17:00,113,244,0.75,2.5,0.0,46.4,1.0,0.5,1.0,1.0,yellow,10.0,0.0,61.15,10.55,36.58
366,2025-09-10 17:33:41,2025-09-10 17:46:34,234,68,0.75,2.5,2.5,12.1,1.0,0.5,4.0,1.0,yellow,3.48,0.0,22.83,1.25,12.88
367,2025-09-08 18:02:37,2025-09-08 18:15:54,100,229,0.75,2.5,2.5,12.8,1.0,0.5,1.0,1.0,yellow,2.0,0.0,22.05,1.74,13.28
368,2025-09-23 09:13:40,2025-09-23 09:15:56,238,143,0.0,2.5,0.0,4.4,1.0,0.5,1.0,1.0,yellow,1.68,0.0,10.08,0.0,2.27
369,2025-09-09 23:05:32,2025-09-09 23:13:39,45,79,0.75,2.5,1.0,9.3,1.0,0.5,1.0,1.0,yellow,3.01,0.0,18.06,1.23,8.12
370,2025-09-06 10:09:00,2025-09-06 10:35:26,90,237,0.75,2.5,0.0,23.3,1.0,0.5,1.0,1.0,yellow,5.61,0.0,33.66,2.6,26.43
371,2025-09-02 01:32:53,2025-09-02 01:55:40,132,53,0.0,0.0,2.75,46.4,1.0,0.5,1.0,2.0,yellow,0.0,0.0,50.65,12.1,22.78
372,2025-09-13 21:30:10,2025-09-13 21:40:50,164,142,0.75,2.5,4.25,11.4,1.0,0.5,1.0,1.0,yellow,3.45,0.0,20.6,1.7,10.67
373,2025-09-04 11:55:13,2025-09-04 12:46:57,231,182,0.0,0.0,0.0,47.5,0.0,0.5,1.0,1.0,yellow,0.0,0.0,48.0,13.4,51.73
374,2025-09-04 05:38:13,2025-09-04 06:00:04,163,231,0.75,2.5,4.25,24.0,1.0,0.5,1.0,1.0,yellow,5.95,0.0,35.7,5.2,21.85
375,2025-09-12 15:35:33,2025-09-12 15:53:04,43,163,0.0,2.5,0.0,17.7,1.0,0.5,2.0,1.0,yellow,3.0,0.0,24.7,2.5,17.52
376,2025-09-08 20:39:22,2025-09-08 20:40:57,239,239,0.0,2.5,1.0,4.4,1.0,0.5,1.0,1.0,yellow,1.88,0.0,11.28,0.44,1.58
377,2025-09-24 12:11:54,2025-09-24 12:42:01,100,163,0.75,2.5,0.0,24.0,1.0,0.5,1.0,1.0,yellow,5.75,0.0,34.5,1.12,30.12
378,2025-09-02 12:57:00,2025-09-02 13:00:26,262,263,0.0,2.5,2.5,5.8,1.0,0.5,2.0,1.0,yellow,1.47,0.0,11.27,0.8,3.43
379,2025-09-28 19:00:21,2025-09-28 19:05:41,263,140,0.0,2.5,0.0,7.9,1.0,0.5,1.0,1.0,yellow,2.38,0.0,14.28,1.1,5.33
380,2025-09-09 08:04:26,2025-09-09 08:16:24,143,162,0.75,2.5,0.0,12.8,1.0,0.5,2.0,1.0,yellow,3.51,0.0,21.06,1.83,11.97
381,2025-09-02 15:20:38,2025-09-02 15:32:22,239,230,0.75,2.5,0.0,12.8,1.0,0.5,2.0,1.0,yellow,1.0,0.0,18.55,1.67,11.73
382,2025-09-20 17:37:32,2025-09-20 17:40:20,231,261,0.75,2.5,0.0,5.1,1.0,0.5,1.0,2.0,yellow,0.0,0.0,9.85,0.56,2.8
383,2025-09-07 11:08:45,2025-09-07 11:52:57,132,17,0.0,0.0,1.75,47.1,1.0,0.5,1.0,2.0,yellow,0.0,0.0,50.35,10.6,44.2
384,2025-09-13 20:35:16,2025-09-13 20:48:47,162,263,0.75,2.5,1.0,14.9,1.0,0.5,1.0,1.0,yellow,4.13,0.0,24.78,2.61,13.52
385,2025-09-19 10:12:20,2025-09-19 10:35:38,163,43,0.75,2.5,0.0,19.8,1.0,0.5,2.0,1.0,yellow,4.91,0.0,29.46,1.78,23.3
386,2025-09-25 14:59:34,2025-09-25 15:08:33,186,158,0.75,2.5,0.0,10.0,1.0,0.5,1.0,2.0,yellow,0.0,0.0,14.75,1.13,8.98
387,2025-09-14 14:57:37,2025-09-14 15:05:00,100,249,0.75,2.5,0.0,9.3,1.0,0.5,1.0,1.0,yellow,2.81,0.0,16.86,1.41,7.38
388,2025-09-08 12:11:12,2025-09-08 13:13:23,132,55,0.0,0.0,0.0,78.6,1.0,0.5,2.0,2.0,yellow,0.0,0.0,81.85,18.59,62.18
389,2025-09-17 20:17:52,2025-09-17 20:25:03,236,41,0.0,2.5,1.0,10.0,1.0,0.5,1.0,1.0,yellow,1.0,0.0,16.0,1.61,7.18
390,2025-09-18 19:30:18,2025-09-18 20:27:39,132,40,0.0,0.0,2.5,102.4,1.0,0.5,1.0,1.0,yellow,26.6,0.0,134.75,26.16,57.35
391,2025-09-12 22:30:12,2025-09-12 23:06:38,231,17,0.75,2.5,1.0,33.8,1.0,0.5,1.0,1.0,yellow,4.0,0.0,43.55,3.84,36.43
392,2025-09-18 18:00:56,2025-09-18 19:20:27,146,182,0.0,0.0,0.0,35.5,0.0,0.5,1.0,1.0,yellow,0.0,6.94,42.94,12.2,79.52
393,2025-09-21 01:35:02,2025-09-21 01:41:41,162,234,0.75,2.5,1.0,9.3,1.0,0.5,1.0,1.0,yellow,3.01,0.0,18.06,1.52,6.65
394,2025-09-24 06:39:42,2025-09-24 06:45:34,137,186,0.75,2.5,0.0,7.9,1.0,0.5,6.0,1.0,yellow,2.53,0.0,15.18,0.98,5.87
395,2025-09-24 11:31:33,2025-09-24 11:48:25,107,68,0.75,2.5,0.0,16.3,1.0,0.5,1.0,1.0,yellow,2.0,0.0,23.05,2.23,16.87
396,2025-09-26 23:56:56,2025-09-27 00:10:31,113,233,0.75,2.5,1.0,14.2,1.0,0.5,1.0,1.0,yellow,3.99,0.0,23.94,2.17,13.58
397,2025-09-30 22:47:59,2025-09-30 22:50:22,229,170,0.75,2.5,1.0,5.1,1.0,0.5,1.0,1.0,yellow,1.08,0.0,11.93,0.69,2.38
398,2025-09-30 09:42:34,2025-09-30 10:07:47,40,22,0.0,0.0,0.0,28.5,0.0,0.5,1.0,1.0,yellow,0.0,0.0,29.0,5.3,25.22
399,2025-09-12 15:10:12,2025-09-12 15:22:28,211,90,0.75,2.5,0.0,12.1,1.0,0.5,1.0,1.0,yellow,2.0,0.0,18.85,1.51,12.27
400,2025-09-22 17:48:08,2025-09-22 18:00:38,186,170,0.75,2.5,2.5,11.4,1.0,0.5,1.0,1.0,yellow,3.73,0.0,22.38,0.97,12.5
401,2025-09-28 18:02:37,2025-09-28 18:22:17,132,10,0.0,0.0,0.0,24.7,1.0,0.5,1.0,1.0,yellow,5.59,0.0,33.54,4.95,19.67
402,2025-09-06 18:10:57,2025-09-06 18:32:11,158,48,0.75,2.5,0.0,18.4,1.0,0.5,2.0,1.0,yellow,5.79,0.0,28.94,1.79,21.23
403,2025-09-28 14:24:35,2025-09-28 14:41:47,137,142,0.75,2.5,0.0,17.0,1.0,0.5,1.0,1.0,yellow,4.35,0.0,26.1,2.06,17.2
404,2025-09-06 12:01:17,2025-09-06 12:21:00,186,237,0.75,2.5,0.0,18.4,1.0,0.5,4.0,1.0,yellow,4.63,0.0,27.78,2.04,19.72
405,2025-09-02 10:28:52,2025-09-02 10:43:40,237,162,0.75,2.5,3.25,14.2,1.0,0.5,1.0,1.0,yellow,1.0,0.0,19.95,1.7,14.8
406,2025-09-29 13:17:08,2025-09-29 13:23:45,143,163,0.75,2.5,0.0,8.6,1.0,0.5,1.0,1.0,yellow,3.34,0.0,16.69,1.2,6.62
407,2025-09-22 12:32:42,2025-09-22 12:37:57,162,141,0.75,2.5,0.0,7.2,1.0,0.5,1.0,1.0,yellow,2.99,0.0,14.94,0.69,5.25
408,2025-09-01 14:14:11,2025-09-01 14:57:48,132,80,0.0,0.0,0.0,61.8,1.0,0.5,2.0,1.0,yellow,8.0,0.0,73.05,15.77,43.62
409,2025-09-12 17:32:53,2025-09-12 17:54:35,87,144,0.75,2.5,5.75,25.4,1.0,0.5,2.0,1.0,yellow,0.0,0.0,32.65,4.4,21.7
410,2025-09-14 18:09:52,2025-09-14 18:14:52,170,164,0.75,2.5,0.0,6.5,1.0,0.5,1.0,1.0,yellow,2.25,0.0,13.5,0.56,5.0
411,2025-09-30 18:27:05,2025-09-30 18:31:26,166,41,0.0,0.0,2.5,6.5,1.0,0.5,1.0,1.0,yellow,2.1,0.0,12.6,0.64,4.35
412,2025-09-27 02:43:05,2025-09-27 02:43:10,68,68,0.75,2.5,0.0,25.0,1.0,0.0,1.0,1.0,yellow,3.0,0.0,32.25,0.0,0.08
413,2025-09-05 17:41:01,2025-09-05 18:31:37,138,164,0.75,2.5,7.5,57.6,1.0,0.5,2.0,1.0,yellow,15.36,6.94,93.9,11.13,50.6
414,2025-09-09 08:54:32,2025-09-09 09:19:25,234,66,0.75,2.5,0.0,24.0,1.0,0.5,1.0,1.0,yellow,4.31,0.0,33.06,3.49,24.88
415,2025-09-08 17:06:04,2025-09-08 17:15:20,107,79,0.75,2.5,2.5,10.0,1.0,0.5,1.0,1.0,yellow,3.45,0.0,20.7,1.05,9.27
416,2025-09-17 19:50:43,2025-09-17 20:04:28,48,238,0.75,2.5,2.5,14.9,1.0,0.5,1.0,1.0,yellow,5.54,0.0,27.69,2.36,13.75
417,2025-10-20 18:25:52,2025-10-20 18:38:37,246,161,0.75,2.5,5.75,12.1,1.0,0.5,1.0,1.0,yellow,3.85,0.0,23.2,1.6,12.75
418,2025-10-22 08:43:33,2025-10-22 08:51:35,137,107,0.75,2.5,0.0,8.6,1.0,0.5,1.0,4.0,yellow,0.0,0.0,13.35,0.66,8.03
419,2025-10-25 19:38:12,2025-10-25 19:52:29,211,246,0.75,2.5,0.0,15.6,1.0,0.5,1.0,1.0,yellow,2.0,0.0,22.35,2.5,14.28
420,2025-10-29 22:46:26,2025-10-29 22:50:55,68,249,0.75,2.5,4.25,6.5,1.0,0.5,1.0,1.0,yellow,2.45,0.0,14.7,0.7,4.48
421,2025-10-05 14:02:31,2025-10-05 14:06:45,237,236,0.0,2.5,0.0,6.5,1.0,0.5,1.0,1.0,yellow,2.1,0.0,12.6,0.7,4.23
422,2025-10-02 14:45:35,2025-10-02 14:55:51,170,186,0.75,2.5,3.25,10.7,1.0,0.5,1.0,1.0,yellow,3.05,0.0,18.5,1.1,10.27
423,2025-10-27 13:24:25,2025-10-27 13:32:07,231,249,0.75,2.5,3.25,8.6,1.0,0.5,1.0,1.0,yellow,2.0,0.0,15.35,1.5,7.7
424,2025-10-25 00:20:00,2025-10-25 00:31:51,68,50,0.75,2.5,1.0,13.5,1.0,0.5,4.0,1.0,yellow,3.85,0.0,23.1,2.44,11.85
425,2025-10-07 21:37:29,2025-10-07 21:45:42,261,211,0.75,2.5,1.0,10.7,1.0,0.5,1.0,1.0,yellow,3.29,0.0,19.74,1.65,8.22
426,2025-10-21 21:45:13,2025-10-21 22:25:04,132,38,0.0,0.0,1.0,64.6,1.0,0.5,1.0,1.0,yellow,0.0,0.0,68.85,16.2,39.85
427,2025-10-28 13:48:46,2025-10-28 14:01:32,162,162,0.75,2.5,0.0,12.1,1.0,0.5,1.0,1.0,yellow,3.37,0.0,20.22,0.61,12.77
428,2025-10-30 11:47:36,2025-10-30 12:03:08,249,114,0.75,2.5,0.0,13.5,1.0,0.5,1.0,1.0,yellow,3.65,0.0,21.9,0.94,15.53
429,2025-10-08 21:32:46,2025-10-08 21:43:24,170,229,0.75,2.5,1.0,10.7,1.0,0.5,1.0,2.0,yellow,0.0,0.0,16.45,0.84,10.63
430,2025-10-10 09:41:46,2025-10-10 09:54:13,236,161,0.75,2.5,0.0,13.5,1.0,0.5,1.0,1.0,yellow,3.65,0.0,21.9,1.79,12.45
431,2025-10-19 19:11:37,2025-10-19 19:30:15,138,170,0.75,2.5,10.0,32.4,1.0,0.5,1.0,1.0,yellow,10.15,6.94,60.99,8.2,18.63
432,2025-10-28 17:07:50,2025-10-28 17:21:30,74,262,0.0,2.5,2.5,14.9,1.0,0.5,1.0,1.0,yellow,4.28,0.0,25.68,2.55,13.67
433,2025-10-21 11:58:13,2025-10-21 12:43:36,138,161,0.75,2.5,10.0,59.0,1.0,0.5,1.0,1.0,yellow,10.0,6.94,87.44,12.8,45.38
434,2025-10-08 20:07:02,2025-10-08 20:14:52,87,231,0.75,2.5,1.0,9.3,1.0,0.5,3.0,2.0,yellow,0.0,0.0,15.05,1.09,7.83
435,2025-10-07 20:43:28,2025-10-07 21:20:17,234,37,0.75,2.5,1.0,35.2,1.0,0.5,1.0,1.0,yellow,4.1,0.0,45.05,6.0,36.82
436,2025-10-12 21:02:58,2025-10-12 21:16:49,246,162,0.75,2.5,4.25,12.8,1.0,0.5,1.0,1.0,yellow,3.7,0.0,22.25,2.3,13.85
437,2025-10-01 15:25:25,2025-10-01 15:29:18,141,140,0.0,2.5,2.5,5.8,1.0,0.5,1.0,2.0,yellow,0.0,0.0,9.8,0.4,3.88
438,2025-10-13 06:02:04,2025-10-13 06:06:58,162,230,0.75,2.5,1.0,6.5,1.0,0.5,1.0,1.0,yellow,2.45,0.0,14.7,0.84,4.9
439,2025-10-07 09:58:21,2025-10-07 10:22:02,87,234,0.75,2.5,0.0,25.4,1.0,0.5,1.0,1.0,yellow,2.0,0.0,32.15,4.32,23.68
440,2025-10-31 09:29:58,2025-10-31 09:34:32,237,236,0.0,2.5,0.0,6.5,1.0,0.5,1.0,1.0,yellow,2.0,0.0,12.5,0.73,4.57
441,2025-10-22 15:55:10,2025-10-22 17:09:16,164,132,0.75,2.5,0.0,70.0,1.0,0.5,1.0,1.0,yellow,20.42,6.94,102.11,16.89,74.1
442,2025-10-15 21:51:47,2025-10-15 22:14:22,230,112,0.75,2.5,1.0,29.6,1.0,0.5,1.0,1.0,yellow,8.46,6.94,50.75,6.56,22.58
443,2025-10-28 09:53:45,2025-10-28 10:00:27,144,148,0.75,2.5,0.0,8.6,1.0,0.5,1.0,1.0,yellow,2.67,0.0,16.02,1.05,6.7
444,2025-10-02 22:51:12,2025-10-02 22:56:45,186,249,0.75,2.5,1.0,7.9,1.0,0.5,1.0,1.0,yellow,2.73,0.0,16.38,1.22,5.55
445,2025-10-17 12:46:43,2025-10-17 13:16:09,68,209,0.75,2.5,0.0,27.5,1.0,0.5,4.0,1.0,yellow,8.06,0.0,40.31,3.76,29.43
446,2025-10-22 14:57:05,2025-10-22 15:01:10,238,151,0.0,0.0,0.0,5.8,1.0,0.5,1.0,1.0,yellow,1.45,0.0,8.75,0.8,4.08
447,2025-10-23 21:54:34,2025-10-23 22:14:58,87,161,0.75,2.5,1.0,26.8,1.0,0.5,1.0,1.0,yellow,6.51,0.0,39.06,5.32,20.4
448,2025-10-21 18:40:10,2025-10-21 18:57:25,132,215,0.0,0.0,2.5,21.9,1.0,0.5,2.0,1.0,yellow,5.18,0.0,32.83,4.8,17.25
449,2025-10-07 23:30:02,2025-10-07 23:49:25,249,140,0.75,2.5,1.0,22.6,1.0,0.5,1.0,1.0,yellow,5.0,0.0,33.35,4.77,19.38
450,2025-10-30 09:24:31,2025-10-30 09:58:02,170,138,0.75,2.5,5.0,53.4,1.0,0.5,1.0,1.0,yellow,14.02,6.94,84.11,13.06,33.52
451,2025-10-06 13:29:34,2025-10-06 13:37:15,239,142,0.0,2.5,0.0,9.3,1.0,0.5,1.0,2.0,yellow,0.0,0.0,13.3,0.86,7.68
452,2025-10-01 21:49:00,2025-10-01 22:00:41,79,209,0.75,2.5,1.0,17.7,1.0,0.5,1.0,1.0,yellow,4.69,0.0,28.14,3.36,11.68
453,2025-10-09 12:43:05,2025-10-09 13:07:50,262,138,0.0,2.5,7.5,40.8,1.0,0.5,1.0,1.0,yellow,11.35,6.94,68.09,10.3,24.75
454,2025-10-15 17:23:44,2025-10-15 17:41:36,162,142,0.75,2.5,2.5,15.6,1.0,0.5,1.0,1.0,yellow,2.5,0.0,25.35,1.8,17.87
455,2025-10-15 18:38:15,2025-10-15 19:09:43,140,230,0.75,2.5,2.5,26.1,1.0,0.5,1.0,1.0,yellow,6.67,0.0,40.02,2.39,31.47
456,2025-10-04 08:59:12,2025-10-04 09:18:29,141,163,0.75,2.5,0.0,17.0,1.0,0.5,1.0,1.0,yellow,4.35,0.0,26.1,1.24,19.28
457,2025-10-27 10:30:43,2025-10-27 10:33:12,140,141,0.0,2.5,0.0,4.4,1.0,0.5,1.0,1.0,yellow,1.68,0.0,10.08,0.24,2.48
458,2025-10-18 16:32:24,2025-10-18 16:44:53,249,234,0.75,2.5,0.0,11.4,1.0,0.5,1.0,1.0,yellow,2.5,0.0,18.65,0.96,12.48
459,2025-10-17 15:33:31,2025-10-17 15:45:01,140,237,0.0,2.5,2.5,10.7,1.0,0.5,1.0,1.0,yellow,4.4,0.0,19.1,1.2,11.5
460,2025-10-15 12:21:10,2025-10-15 12:48:25,48,88,0.75,2.5,3.25,27.5,1.0,0.5,1.0,2.0,yellow,0.0,0.0,32.25,4.6,27.25
461,2025-10-13 17:12:21,2025-10-13 17:19:12,236,239,0.0,2.5,0.0,8.6,1.0,0.5,1.0,1.0,yellow,2.4,0.0,15.0,1.22,6.85
462,2025-10-11 20:52:47,2025-10-11 20:58:30,230,186,0.75,2.5,4.25,7.2,1.0,0.5,1.0,2.0,yellow,0.0,0.0,12.95,0.6,5.72
463,2025-10-15 11:47:53,2025-10-15 12:09:53,138,75,0.0,0.0,5.0,35.2,1.0,0.5,1.0,1.0,yellow,10.08,6.94,60.47,8.4,22.0
464,2025-10-17 10:32:43,2025-10-17 10:43:27,141,237,0.0,2.5,0.0,10.0,1.0,0.5,1.0,1.0,yellow,2.0,0.0,16.0,0.8,10.73
465,2025-10-31 07:40:28,2025-10-31 08:52:16,132,238,0.0,2.5,0.0,70.0,1.0,0.5,1.0,1.0,yellow,16.19,6.94,98.88,19.55,71.8
466,2025-10-10 21:48:11,2025-10-10 22:04:27,113,87,0.75,2.5,4.25,14.9,1.0,0.5,1.0,1.0,yellow,3.0,0.0,23.65,2.4,16.27
467,2025-10-27 13:12:15,2025-10-27 13:23:04,68,13,0.75,2.5,3.25,15.6,1.0,0.5,1.0,2.0,yellow,0.0,0.0,20.35,3.0,10.82
468,2025-10-31 10:43:14,2025-10-31 11:07:13,43,234,0.75,2.5,3.25,20.5,1.0,0.5,1.0,1.0,yellow,4.5,0.0,29.75,2.8,23.98
469,2025-10-16 20:09:25,2025-10-16 20:15:04,238,143,0.0,2.5,1.0,8.6,1.0,0.5,1.0,1.0,yellow,2.72,0.0,16.32,1.38,5.65
470,2025-10-08 22:07:12,2025-10-08 22:10:57,236,236,0.0,2.5,1.0,5.8,1.0,0.5,1.0,1.0,yellow,2.16,0.0,12.96,0.56,3.75
471,2025-10-09 16:34:32,2025-10-09 16:46:27,263,75,0.0,2.5,2.5,11.4,1.0,0.5,1.0,1.0,yellow,3.0,0.0,20.9,1.18,11.92
472,2025-10-02 11:22:31,2025-10-02 11:34:20,219,216,0.0,0.0,0.0,20.5,0.0,0.5,1.0,1.0,yellow,0.0,0.0,21.0,2.5,11.82
473,2025-10-12 14:05:16,2025-10-12 14:24:33,166,48,0.75,2.5,0.0,24.0,1.0,0.5,2.0,1.0,yellow,5.75,0.0,34.5,4.69,19.28
474,2025-10-27 10:35:22,2025-10-27 10:53:49,162,88,0.75,2.5,0.0,26.8,1.0,0.5,1.0,2.0,yellow,0.0,0.0,31.55,5.31,18.45
475,2025-10-28 16:16:19,2025-10-28 16:43:27,161,249,0.75,2.5,0.0,24.0,1.0,0.5,1.0,1.0,yellow,3.0,0.0,31.75,2.77,27.13
476,2025-10-20 09:22:55,2025-10-20 09:31:40,161,100,0.75,2.5,0.0,9.3,1.0,0.5,4.0,1.0,yellow,2.81,0.0,16.86,0.93,8.75
477,2025-10-08 22:12:31,2025-10-08 22:28:49,237,90,0.75,2.5,1.0,19.1,1.0,0.5,1.0,1.0,yellow,4.97,0.0,29.82,3.11,16.3
478,2025-10-22 07:09:43,2025-10-22 07:19:11,231,234,0.75,2.5,3.25,13.5,1.0,0.5,1.0,1.0,yellow,3.65,0.0,21.9,2.7,9.47
479,2025-10-12 21:04:39,2025-10-12 21:17:08,211,164,0.75,2.5,1.0,14.9,1.0,0.5,1.0,1.0,yellow,2.0,0.0,22.65,2.61,12.48
480,2025-10-01 18:12:43,2025-10-01 19:09:06,132,230,0.75,2.5,5.0,70.0,1.0,0.5,2.0,1.0,yellow,17.34,6.94,104.03,15.73,56.38
481,2025-10-08 14:28:18,2025-10-08 14:38:30,113,170,0.75,2.5,3.25,10.7,1.0,0.5,1.0,1.0,yellow,3.1,0.0,18.55,1.6,10.2
482,2025-10-27 15:55:07,2025-10-27 16:00:30,13,231,0.75,2.5,0.0,7.2,1.0,0.5,2.0,1.0,yellow,0.0,0.0,11.95,0.9,5.38
483,2025-10-24 23:39:43,2025-10-24 23:59:38,48,249,0.75,2.5,1.0,18.4,1.0,0.5,1.0,1.0,yellow,0.0,0.0,24.15,2.58,19.92
484,2025-10-25 20:17:56,2025-10-25 20:31:25,170,68,0.75,2.5,1.0,12.8,1.0,0.5,2.0,1.0,yellow,3.71,0.0,22.26,1.66,13.48
485,2025-10-04 19:45:34,2025-10-04 19:57:04,161,170,0.75,2.5,0.0,11.4,1.0,0.5,2.0,2.0,yellow,0.0,0.0,16.15,1.34,11.5
486,2025-10-24 23:26:47,2025-10-24 23:40:32,234,170,0.75,2.5,1.0,14.2,1.0,0.5,1.0,1.0,yellow,3.99,0.0,23.94,1.75,13.75
487,2025-10-16 18:37:21,2025-10-16 18:52:55,234,161,0.75,2.5,2.5,14.9,1.0,0.5,1.0,1.0,yellow,4.43,0.0,26.58,1.42,15.57
488,2025-10-21 14:21:14,2025-10-21 14:33:18,114,158,0.75,2.5,0.0,12.1,1.0,0.5,1.0,1.0,yellow,2.0,0.0,18.85,1.46,12.07
489,2025-10-11 20:34:53,2025-10-11 20:39:53,236,263,0.0,2.5,1.0,6.5,1.0,0.5,1.0,1.0,yellow,2.0,0.0,13.5,0.57,5.0
490,2025-10-05 00:20:02,2025-10-05 00:24:15,141,237,0.75,2.5,1.0,7.2,1.0,0.5,1.0,1.0,yellow,2.59,0.0,15.54,1.04,4.22
491,2025-10-08 09:25:29,2025-10-08 09:34:20,170,234,0.75,2.5,0.0,8.6,1.0,0.5,1.0,1.0,yellow,2.67,0.0,16.02,0.0,8.85
492,2025-10-01 21:01:22,2025-10-01 21:06:01,113,211,0.75,2.5,1.0,6.5,1.0,0.5,5.0,1.0,yellow,3.68,0.0,15.93,1.0,4.65
493,2025-10-21 17:34:42,2025-10-21 17:40:45,237,263,0.0,2.5,2.5,7.2,1.0,0.5,1.0,1.0,yellow,4.11,0.0,17.81,0.85,6.05
494,2025-10-19 18:51:45,2025-10-19 18:58:35,263,237,0.0,2.5,0.0,8.6,1.0,0.5,1.0,1.0,yellow,3.15,0.0,15.75,1.15,6.83
495,2025-10-13 07:46:50,2025-10-13 08:10:49,132,61,0.0,0.0,0.0,44.3,1.0,0.5,1.0,2.0,yellow,0.0,0.0,47.55,11.08,23.98
496,2025-10-04 15:50:56,2025-10-04 15:56:17,144,231,0.75,2.5,0.0,7.2,1.0,0.5,1.0,4.0,yellow,0.0,0.0,11.95,0.94,5.35
497,2025-10-21 14:09:31,2025-10-21 15:01:11,88,138,0.75,2.5,5.0,56.2,1.0,0.5,1.0,1.0,yellow,13.19,0.0,79.14,12.09,51.67
498,2025-10-16 11:04:07,2025-10-16 11:17:43,237,262,0.0,2.5,0.0,12.8,1.0,0.5,1.0,1.0,yellow,1.68,0.0,18.48,1.45,13.6
499,2025-10-06 16:34:51,2025-10-06 16:37:38,236,236,0.0,2.5,2.5,5.1,1.0,0.5,1.0,1.0,yellow,2.9,0.0,14.5,0.5,2.78
500,2025-10-20 05:35:43,2025-10-20 06:48:02,218,49,0.0,0.0,0.0,36.5,0.0,0.5,1.0,1.0,yellow,0.0,0.0,37.0,10.0,72.32
501,2025-10-06 21:21:30,2025-10-06 21:29:44,234,48,0.75,2.5,4.25,8.6,1.0,0.5,1.0,1.0,yellow,3.6,0.0,17.95,1.2,8.23
502,2025-10-26 01:50:45,2025-10-26 01:58:58,114,232,0.75,2.5,1.0,8.6,1.0,0.5,3.0,1.0,yellow,2.87,0.0,17.22,0.86,8.22
503,2025-10-28 08:37:19,2025-10-28 08:39:23,229,162,0.75,2.5,0.0,4.4,1.0,0.5,1.0,1.0,yellow,1.5,0.0,10.65,0.23,2.07
504,2025-10-21 14:50:34,2025-10-21 15:01:30,163,100,0.75,2.5,0.0,10.7,1.0,0.5,1.0,2.0,yellow,0.0,0.0,15.45,0.83,10.93
505,2025-10-12 14:47:34,2025-10-12 15:07:19,144,230,0.75,2.5,3.25,19.8,1.0,0.5,1.0,1.0,yellow,4.9,0.0,29.45,2.7,19.75
506,2025-10-17 18:40:25,2025-10-17 18:59:56,143,42,0.0,2.5,2.5,20.5,1.0,0.5,1.0,1.0,yellow,2.7,0.0,29.7,4.02,19.52
507,2025-10-26 12:58:20,2025-10-26 13:15:13,186,148,0.75,2.5,0.0,16.3,1.0,0.5,1.0,1.0,yellow,2.1,0.0,23.15,2.32,16.88
508,2025-10-28 16:29:42,2025-10-28 16:46:51,163,229,0.75,2.5,2.5,14.9,1.0,0.5,1.0,1.0,yellow,3.5,0.0,25.65,1.03,17.15
509,2025-10-12 01:55:52,2025-10-12 02:19:42,249,80,0.75,2.5,1.0,31.0,1.0,0.5,1.0,1.0,yellow,7.35,0.0,44.1,6.47,23.83
510,2025-10-01 21:51:11,2025-10-01 21:57:03,68,68,0.75,2.5,1.0,7.2,1.0,0.5,1.0,1.0,yellow,2.59,0.0,15.54,0.5,5.87
511,2025-10-03 12:24:34,2025-10-03 12:38:19,236,161,0.75,2.5,0.0,13.5,1.0,0.5,1.0,1.0,yellow,3.65,0.0,21.9,1.68,13.75
512,2025-10-31 23:20:26,2025-10-31 23:39:04,234,229,0.75,2.5,4.25,17.0,1.0,0.5,1.0,1.0,yellow,5.7,0.0,28.45,2.1,18.63
513,2025-10-14 15:03:06,2025-10-14 15:17:18,236,151,0.0,2.5,0.0,15.6,1.0,0.5,1.0,1.0,yellow,3.92,0.0,23.52,2.32,14.2
514,2025-10-16 16:07:43,2025-10-16 16:31:45,163,164,0.75,2.5,5.75,19.8,1.0,0.5,1.0,1.0,yellow,5.4,0.0,32.45,1.4,24.03
515,2025-10-21 22:16:25,2025-10-21 22:36:06,138,238,0.0,2.5,6.0,38.0,1.0,0.5,1.0,1.0,yellow,10.99,6.94,67.68,9.33,19.68
516,2025-10-30 21:47:49,2025-10-30 21:53:36,90,234,0.75,2.5,1.0,7.2,1.0,0.5,1.0,1.0,yellow,2.59,0.0,15.54,0.79,5.78
517,2025-10-26 18:40:22,2025-10-26 19:06:02,17,35,0.0,0.0,0.0,21.5,0.0,0.5,1.0,1.0,yellow,0.0,0.0,22.0,3.0,25.67
518,2025-10-09 19:31:12,2025-10-09 19:49:21,79,164,0.75,2.5,2.5,16.3,1.0,0.5,2.0,1.0,yellow,4.71,0.0,28.26,2.01,18.15
519,2025-10-16 17:27:18,2025-10-16 17:35:29,142,141,0.0,2.5,2.5,9.3,1.0,0.5,1.0,1.0,yellow,3.16,0.0,18.96,1.15,8.18
520,2025-10-31 17:11:01,2025-10-31 17:20:36,75,236,0.0,2.5,2.5,10.0,1.0,0.5,1.0,1.0,yellow,3.3,0.0,19.8,1.23,9.58
521,2025-10-22 18:19:19,2025-10-22 18:40:10,234,230,0.75,2.5,2.5,17.7,1.0,0.5,3.0,1.0,yellow,5.0,0.0,29.95,1.31,20.85
522,2025-10-23 15:07:55,2025-10-23 15:27:49,237,170,0.75,2.5,0.0,18.4,1.0,0.5,1.0,1.0,yellow,5.79,0.0,28.94,2.02,19.9
523,2025-10-14 15:04:21,2025-10-14 15:17:32,236,237,0.0,2.5,0.0,13.5,1.0,0.5,1.0,2.0,yellow,0.0,0.0,17.5,1.52,13.18
524,2025-10-06 09:46:25,2025-10-06 10:07:53,143,162,0.75,2.5,0.0,20.5,1.0,0.5,1.0,1.0,yellow,2.0,0.0,27.25,2.65,21.47
525,2025-10-27 13:03:52,2025-10-27 13:15:45,162,43,0.75,2.5,0.0,12.1,1.0,0.5,2.0,1.0,yellow,3.37,0.0,20.22,1.49,11.88
526,2025-10-24 11:46:23,2025-10-24 12:03:52,234,231,0.75,2.5,0.0,17.0,1.0,0.5,1.0,1.0,yellow,3.0,0.0,24.75,2.4,17.48
527,2025-10-06 08:20:23,2025-10-06 08:35:00,234,158,0.75,2.5,3.25,12.8,1.0,0.5,1.0,1.0,yellow,3.51,0.0,21.06,1.7,14.62
528,2025-10-05 12:45:48,2025-10-05 12:57:35,88,232,0.75,2.5,0.0,12.8,1.0,0.5,2.0,1.0,yellow,3.51,0.0,21.06,1.73,11.78
529,2025-10-17 17:30:36,2025-10-17 17:37:01,161,237,0.75,2.5,2.5,7.2,1.0,0.5,3.0,1.0,yellow,2.89,0.0,17.34,0.81,6.42
530,2025-10-14 14:45:36,2025-10-14 14:53:39,237,162,0.75,2.5,0.0,9.3,1.0,0.5,1.0,1.0,yellow,1.4,0.0,15.45,1.08,8.05
531,2025-10-15 20:40:05,2025-10-15 20:44:52,246,68,0.75,2.5,1.0,7.2,1.0,0.5,1.0,1.0,yellow,2.0,0.0,14.95,0.8,4.78
532,2025-10-19 18:27:19,2025-10-19 18:40:32,170,186,0.75,2.5,0.0,12.1,1.0,0.5,1.0,1.0,yellow,3.37,0.0,20.22,1.23,13.22
533,2025-10-04 19:07:50,2025-10-04 19:57:24,132,142,0.0,2.5,0.0,70.0,1.0,0.5,2.0,1.0,yellow,16.19,6.94,98.88,20.1,49.57
534,2025-10-20 23:59:03,2025-10-21 00:09:39,132,139,0.0,0.0,1.0,46.1,1.0,0.0,1.0,2.0,yellow,0.0,0.0,49.85,6.74,10.6
535,2025-10-03 18:41:53,2025-10-03 18:48:12,163,142,0.75,2.5,5.75,7.2,1.0,0.5,1.0,1.0,yellow,2.85,0.0,17.3,0.7,6.32
536,2025-10-02 22:50:30,2025-10-02 23:00:57,144,33,0.75,2.5,1.0,14.9,1.0,0.5,1.0,1.0,yellow,3.1,0.0,23.75,2.87,10.45
537,2025-10-13 15:15:54,2025-10-13 15:24:36,107,125,0.75,2.5,0.0,9.3,1.0,0.5,1.0,1.0,yellow,2.81,0.0,16.86,1.3,8.7
538,2025-10-23 08:00:35,2025-10-23 08:09:54,236,161,0.75,2.5,0.0,10.7,1.0,0.5,1.0,1.0,yellow,3.09,0.0,18.54,1.46,9.32
539,2025-10-04 17:22:53,2025-10-04 17:35:08,132,216,0.0,0.0,1.75,18.4,1.0,0.5,1.0,2.0,yellow,0.0,0.0,21.65,3.7,12.25
540,2025-10-24 22:44:34,2025-10-24 23:14:46,113,239,0.75,2.5,4.25,26.1,1.0,0.5,1.0,1.0,yellow,6.35,0.0,38.2,4.3,30.2
541,2025-10-16 13:01:24,2025-10-16 13:21:15,161,238,0.75,2.5,0.0,19.1,1.0,0.5,1.0,1.0,yellow,4.77,0.0,28.62,2.39,19.85
542,2025-10-26 21:57:25,2025-10-26 22:24:39,132,170,0.75,2.5,5.0,70.0,1.0,0.5,1.0,1.0,yellow,16.65,6.94,100.09,17.0,27.23
543,2025-10-01 20:01:17,2025-10-01 20:09:39,142,238,0.75,2.5,1.0,10.7,1.0,0.5,1.0,1.0,yellow,3.14,0.0,19.59,1.71,8.37
544,2025-10-16 10:23:24,2025-10-16 10:50:54,246,113,0.75,2.5,0.0,23.3,1.0,0.5,1.0,1.0,yellow,5.61,0.0,33.66,2.11,27.5
545,2025-10-25 14:38:33,2025-10-25 14:42:36,231,261,0.75,2.5,0.0,5.8,1.0,0.5,1.0,1.0,yellow,2.11,0.0,12.66,0.67,4.05
546,2025-10-31 16:38:56,2025-10-31 16:53:22,43,264,0.75,2.5,5.75,14.2,1.0,0.5,1.0,1.0,yellow,5.0,0.0,26.45,1.7,14.43
547,2025-10-02 09:03:49,2025-10-02 09:23:35,161,163,0.75,2.5,0.0,17.0,1.0,0.5,2.0,2.0,yellow,0.0,0.0,21.75,1.5,19.77
548,2025-10-31 23:23:39,2025-10-31 23:35:25,107,229,0.75,2.5,4.25,12.8,1.0,0.5,1.0,1.0,yellow,4.65,0.0,23.2,1.9,11.77
549,2025-10-06 22:01:20,2025-10-06 23:11:42,50,77,0.0,0.0,0.0,52.5,0.0,0.5,1.0,1.0,yellow,0.0,0.0,53.0,12.6,70.37
550,2025-10-22 11:03:07,2025-10-22 11:38:06,236,170,0.75,2.5,0.0,28.9,1.0,0.5,1.0,1.0,yellow,6.73,0.0,40.38,2.43,34.98
551,2025-10-07 18:11:01,2025-10-07 18:24:04,142,236,0.0,2.5,5.0,13.5,1.0,0.5,2.0,1.0,yellow,4.0,0.0,24.0,1.7,13.05
552,2025-10-23 23:34:25,2025-10-23 23:46:54,79,186,0.75,2.5,1.0,12.8,1.0,0.5,2.0,1.0,yellow,2.78,0.0,21.33,1.79,12.48
553,2025-10-14 19:10:09,2025-10-14 19:15:51,141,229,0.75,2.5,2.5,7.2,1.0,0.5,1.0,1.0,yellow,2.89,0.0,17.34,0.76,5.7
554,2025-10-27 09:04:02,2025-10-27 09:11:01,50,161,0.75,2.5,0.0,8.6,1.0,0.5,1.0,1.0,yellow,2.67,0.0,16.02,1.25,6.98
555,2025-10-04 12:53:24,2025-10-04 13:04:08,236,238,0.0,2.5,2.5,11.4,1.0,0.5,1.0,1.0,yellow,2.0,0.0,17.4,1.2,10.73
556,2025-10-22 15:07:50,2025-10-22 15:46:46,234,263,0.75,2.5,3.25,30.3,1.0,0.5,1.0,1.0,yellow,7.0,0.0,42.05,3.2,38.93
557,2025-10-29 13:44:17,2025-10-29 13:49:15,231,113,0.75,2.5,0.0,7.2,1.0,0.5,1.0,1.0,yellow,2.99,0.0,14.94,0.94,4.97
558,2025-10-15 22:16:04,2025-10-15 22:22:26,229,137,0.75,2.5,1.0,7.9,1.0,0.5,1.0,1.0,yellow,1.0,0.0,14.65,0.88,6.37
559,2025-10-29 13:52:11,2025-10-29 14:07:59,261,113,0.75,2.5,0.0,15.6,1.0,0.5,2.0,1.0,yellow,5.09,0.0,25.44,2.06,15.8
560,2025-10-12 01:04:46,2025-10-12 01:15:39,114,13,0.75,2.5,1.0,12.1,1.0,0.5,1.0,1.0,yellow,3.57,0.0,21.42,2.06,10.88
561,2025-10-22 22:51:43,2025-10-22 23:00:29,234,144,0.75,2.5,1.0,10.7,1.0,0.5,2.0,1.0,yellow,4.11,0.0,20.56,1.74,8.77
562,2025-10-12 09:48:24,2025-10-12 09:52:04,234,79,0.75,2.5,0.0,6.5,1.0,0.5,1.0,1.0,yellow,2.25,0.0,13.5,0.78,3.67
563,2025-10-11 19:23:09,2025-10-11 19:32:15,239,142,0.0,2.5,0.0,10.0,1.0,0.5,1.0,1.0,yellow,2.0,0.0,16.0,1.17,9.1
564,2025-10-14 04:12:56,2025-10-14 04:36:12,39,35,0.0,0.0,0.0,20.5,0.0,0.5,1.0,1.0,yellow,0.0,0.0,21.0,2.5,23.27
565,2025-10-07 14:48:30,2025-10-07 15:08:50,246,161,0.75,2.5,3.25,19.1,1.0,0.5,1.0,1.0,yellow,4.75,0.0,28.6,2.9,20.33
566,2025-10-19 12:58:46,2025-10-19 13:02:42,249,125,0.75,2.5,0.0,6.5,1.0,0.5,1.0,1.0,yellow,2.25,0.0,13.5,0.95,3.93
567,2025-10-02 21:26:38,2025-10-02 21:37:19,161,107,0.75,2.5,1.0,12.1,1.0,0.5,1.0,1.0,yellow,3.57,0.0,21.42,1.99,10.68
568,2025-10-02 14:17:33,2025-10-02 14:52:24,50,42,0.0,0.0,0.0,32.5,0.0,0.5,1.0,1.0,yellow,0.0,0.0,33.0,8.0,34.85
569,2025-10-08 17:52:16,2025-10-08 18:00:57,237,229,0.75,2.5,2.5,9.3,1.0,0.5,1.0,1.0,yellow,4.96,0.0,21.51,1.03,8.68
570,2025-07-26 23:30:12,2025-07-27 00:03:02,97,93,0.0,0.0,1.0,31.0,1.0,0.5,1.0,1.0,green,10.05,0.0,43.55,6.44,32.83
571,2025-07-01 06:56:54,2025-07-01 07:10:48,74,75,0.0,0.0,0.0,14.9,1.0,0.5,1.0,1.0,green,3.28,0.0,19.68,1.82,13.9
572,2025-07-18 18:41:16,2025-07-18 18:52:02,75,74,0.0,0.0,2.5,11.4,1.0,0.5,1.0,1.0,green,0.08,0.0,15.48,1.35,10.77
573,2025-07-26 20:51:08,2025-07-26 21:00:39,41,141,0.0,2.75,3.75,14.2,1.0,1.5,1.0,1.0,green,3.85,0.0,23.3,2.9,9.52
574,2025-07-09 11:33:39,2025-07-09 11:41:50,75,74,0.0,0.0,0.0,10.0,1.0,0.5,1.0,2.0,green,0.0,0.0,11.5,1.46,8.18
575,2025-07-12 17:04:32,2025-07-12 17:08:39,236,43,0.0,0.0,0.0,6.5,1.0,1.5,1.0,2.0,green,0.0,0.0,8.0,0.8,4.12
576,2025-07-04 17:01:56,2025-07-04 17:24:04,95,258,0.0,0.0,0.0,22.6,1.0,0.5,1.0,2.0,green,0.0,0.0,24.1,3.57,22.13
577,2025-07-23 15:18:32,2025-07-23 15:23:01,166,152,0.0,0.0,0.0,6.5,1.0,0.5,1.0,2.0,green,0.0,0.0,8.0,0.67,4.48
578,2025-07-23 12:47:07,2025-07-23 12:57:20,74,140,0.0,2.75,0.0,14.9,1.0,0.5,1.0,1.0,green,3.83,0.0,22.98,3.14,10.22
579,2025-07-12 12:10:23,2025-07-12 12:19:44,97,61,0.0,0.0,0.0,12.1,1.0,0.5,1.0,1.0,green,2.72,0.0,16.32,2.01,9.35
580,2025-07-26 22:56:19,2025-07-26 23:12:22,260,179,0.0,0.0,1.0,17.0,1.0,0.5,1.0,1.0,green,3.9,0.0,23.4,2.46,16.05
581,2025-07-04 15:50:44,2025-07-04 16:09:04,41,50,0.75,2.75,0.0,24.0,0.3,0.5,1.0,1.0,green,2.5,0.0,30.8,4.88,18.33
582,2025-07-10 22:31:44,2025-07-10 22:36:04,75,74,0.0,0.0,1.0,6.5,1.0,0.5,1.0,1.0,green,0.0,0.0,9.0,0.89,4.33
583,2025-07-14 14:12:34,2025-07-14 14:19:28,75,238,0.0,0.0,0.0,9.3,1.0,0.5,1.0,1.0,green,2.16,0.0,12.96,1.15,6.9
584,2025-07-17 17:07:05,2025-07-17 17:23:32,75,239,0.0,2.75,2.5,16.3,1.0,0.5,1.0,1.0,green,1.61,0.0,24.66,2.19,16.45
585,2025-07-09 22:55:43,2025-07-09 23:18:40,247,79,0.75,2.75,0.0,45.0,1.0,0.0,4.0,1.0,green,9.9,0.0,59.4,10.49,22.95
586,2025-07-03 22:59:15,2025-07-03 23:09:55,74,42,0.0,0.0,1.0,12.1,1.0,0.5,1.0,1.0,green,3.65,0.0,18.25,1.79,10.67
587,2025-07-24 16:17:45,2025-07-24 16:29:03,43,24,0.0,0.0,2.5,12.8,1.0,0.5,1.0,1.0,green,3.36,0.0,20.16,1.82,11.3
588,2025-07-25 10:13:49,2025-07-25 10:17:37,166,151,0.0,0.0,0.0,5.8,1.0,0.5,5.0,2.0,green,0.0,0.0,7.3,0.48,3.8
589,2025-07-15 08:38:48,2025-07-15 08:55:10,74,238,0.0,2.75,0.0,17.7,1.0,0.5,2.0,1.0,green,4.39,0.0,26.34,2.95,16.37
590,2025-07-22 11:05:19,2025-07-22 11:15:20,95,121,0.0,0.0,0.0,14.2,1.0,0.5,1.0,2.0,green,0.0,0.0,15.7,2.83,10.02
591,2025-07-28 16:15:26,2025-07-28 16:30:42,43,163,0.75,2.75,2.5,15.6,1.0,0.5,1.0,1.0,green,3.46,0.0,26.56,2.14,15.27
592,2025-07-29 10:07:09,2025-07-29 10:19:04,75,142,0.0,2.75,0.0,14.9,1.0,0.5,1.0,1.0,green,1.5,0.0,20.65,2.36,11.92
593,2025-07-15 19:20:14,2025-07-15 19:35:05,260,260,0.0,0.0,2.5,13.5,1.0,0.5,1.0,2.0,green,0.0,0.0,17.5,0.94,14.85
594,2025-07-20 14:51:07,2025-07-20 14:59:02,134,130,0.0,0.0,0.0,10.7,1.0,0.5,1.0,1.0,green,1.0,0.0,13.2,1.8,7.92
595,2025-07-07 12:50:24,2025-07-07 13:15:12,74,239,0.0,2.75,0.0,24.0,1.0,0.5,1.0,2.0,green,0.0,0.0,28.25,3.66,24.8
596,2025-07-22 11:26:29,2025-07-22 11:52:55,74,140,0.0,2.75,0.0,24.0,1.0,0.5,1.0,1.0,green,5.65,0.0,33.9,3.57,26.43
597,2025-07-29 07:35:40,2025-07-29 07:45:22,166,75,0.0,0.0,0.0,13.5,1.0,1.5,1.0,1.0,green,3.0,0.0,18.0,2.4,9.7
598,2025-07-17 08:33:17,2025-07-17 08:44:50,74,263,0.0,2.75,0.0,12.1,1.0,0.5,1.0,1.0,green,1.64,0.0,17.99,1.76,11.55
599,2025-07-31 07:41:09,2025-07-31 07:49:38,74,41,0.0,0.0,0.0,8.6,1.0,0.5,1.0,2.0,green,0.0,0.0,10.1,0.61,8.48
600,2025-07-09 09:43:58,2025-07-09 10:33:08,193,231,0.75,2.75,0.0,50.6,1.0,0.5,1.0,1.0,green,0.0,0.0,55.6,8.62,49.17
601,2025-07-02 17:54:35,2025-07-02 18:15:43,43,162,0.75,2.75,2.5,19.8,1.0,0.5,1.0,1.0,green,4.1,0.0,31.4,2.84,21.13
602,2025-07-14 08:52:29,2025-07-14 09:10:38,75,48,0.75,2.75,0.0,20.5,1.0,0.5,1.0,1.0,green,5.1,0.0,30.6,3.95,18.15
603,2025-07-27 04:47:39,2025-07-27 05:00:30,127,78,0.0,0.0,1.0,25.4,1.0,0.5,2.0,2.0,green,0.0,0.0,27.9,5.87,12.85
604,2025-07-12 16:53:57,2025-07-12 17:13:37,82,92,0.0,0.0,0.0,26.8,1.0,0.5,2.0,1.0,green,0.0,0.0,28.3,5.63,19.67
605,2025-07-07 02:04:16,2025-07-07 02:12:15,95,56,0.0,0.0,1.0,10.7,1.0,0.5,1.0,1.0,green,2.64,0.0,15.84,1.63,7.98
606,2025-07-17 15:49:19,2025-07-17 15:56:01,43,75,0.0,0.0,0.0,7.9,1.0,0.5,6.0,2.0,green,0.0,0.0,9.4,0.48,6.7
607,2025-07-02 23:01:55,2025-07-02 23:15:00,42,236,0.0,2.75,1.0,16.3,1.0,0.5,1.0,1.0,green,2.0,0.0,23.55,2.94,13.08
608,2025-07-03 15:38:08,2025-07-03 15:52:50,74,41,0.0,0.0,0.0,12.8,1.0,1.5,1.0,1.0,green,2.85,0.0,17.15,1.8,14.7
609,2025-07-23 17:05:20,2025-07-23 17:34:59,243,265,0.0,0.0,2.5,52.7,1.0,0.5,1.0,1.0,green,11.98,3.18,71.86,13.17,29.65
610,2025-07-21 16:05:32,2025-07-21 16:16:50,43,43,0.0,2.75,2.5,12.8,1.0,0.5,1.0,1.0,green,5.86,0.0,25.41,1.83,11.3
611,2025-07-06 00:37:50,2025-07-06 00:42:38,166,116,0.0,0.0,1.0,7.2,1.0,0.5,1.0,1.0,green,1.94,0.0,11.64,1.06,4.8
612,2025-07-01 18:20:59,2025-07-01 18:29:36,75,74,0.0,0.0,2.5,10.0,1.0,1.5,1.0,1.0,green,3.5,0.0,17.5,1.3,8.62
613,2025-07-29 23:50:42,2025-07-30 00:00:38,66,33,0.0,0.0,1.0,9.3,1.0,0.5,1.0,1.0,green,0.0,0.0,11.8,0.72,9.93
614,2025-07-01 09:37:20,2025-07-01 09:53:04,74,166,0.0,0.0,0.0,15.6,1.0,0.5,1.0,1.0,green,4.28,0.0,21.38,1.99,15.73
615,2025-07-18 23:29:24,2025-07-18 23:33:35,130,197,0.0,0.0,1.0,6.5,1.0,0.5,2.0,1.0,green,0.0,0.0,9.0,0.77,4.18
616,2025-07-16 20:42:06,2025-07-16 20:59:28,74,152,0.0,0.0,1.0,15.6,1.0,0.5,1.0,1.0,green,1.22,0.0,19.32,2.18,17.37
617,2025-07-29 15:32:53,2025-07-29 15:47:10,75,166,0.0,0.0,0.0,15.6,1.0,0.5,1.0,1.0,green,3.42,0.0,20.52,2.34,14.28
618,2025-07-30 19:17:33,2025-07-30 19:24:45,74,75,0.0,0.0,2.5,9.3,1.0,0.5,1.0,1.0,green,3.32,0.0,16.62,1.25,7.2
619,2025-07-14 17:32:28,2025-07-14 17:44:10,82,129,0.0,0.0,2.5,9.3,1.0,1.5,1.0,1.0,green,2.0,0.0,15.3,1.1,11.7
620,2025-07-20 03:28:20,2025-07-20 03:29:20,80,36,0.0,0.0,0.0,70.0,1.0,0.0,2.0,1.0,green,14.2,0.0,85.2,0.17,1.0
621,2025-07-07 18:54:33,2025-07-07 19:01:26,74,75,0.0,0.0,2.5,8.6,1.0,0.5,1.0,2.0,green,0.0,0.0,12.6,1.02,6.88
622,2025-07-24 11:51:42,2025-07-24 12:26:12,75,186,0.75,2.75,0.0,37.3,1.0,0.5,1.0,1.0,green,8.46,0.0,50.76,6.23,34.5
623,2025-07-07 18:42:47,2025-07-07 18:53:52,41,75,0.0,0.0,2.5,13.5,1.0,0.5,1.0,1.0,green,4.38,0.0,21.88,2.15,11.08
624,2025-07-11 15:17:20,2025-07-11 15:37:25,74,238,0.0,0.0,0.0,19.1,1.0,0.5,1.0,2.0,green,0.0,0.0,20.6,2.61,20.08
625,2025-07-09 08:37:24,2025-07-09 08:47:45,260,7,0.0,0.0,0.0,15.0,1.0,0.0,1.0,1.0,green,0.0,0.0,16.0,1.39,10.35
626,2025-07-12 13:47:54,2025-07-12 14:15:15,41,68,0.75,2.75,0.0,35.2,1.0,0.5,1.0,1.0,green,8.04,0.0,48.24,7.19,27.35
627,2025-07-10 12:22:15,2025-07-10 13:04:53,116,140,0.0,2.75,0.0,38.0,1.0,0.5,1.0,2.0,green,0.0,0.0,42.25,5.06,42.63
628,2025-07-29 17:22:16,2025-07-29 17:47:47,66,249,0.75,2.75,2.5,27.5,1.0,0.5,1.0,1.0,green,0.0,0.0,35.0,5.2,25.52
629,2025-07-22 18:41:44,2025-07-22 18:53:10,82,56,0.0,0.0,2.5,11.4,1.0,0.5,6.0,2.0,green,0.0,0.0,15.4,1.14,11.43
630,2025-07-19 17:33:48,2025-07-19 17:47:45,74,151,0.0,0.0,2.5,15.6,1.0,1.5,0.0,1.0,green,3.9,0.0,23.5,2.5,13.95
631,2025-07-09 11:49:40,2025-07-09 12:03:16,75,262,0.0,2.75,0.0,13.5,1.0,0.5,6.0,2.0,green,0.0,0.0,17.75,1.49,13.6
632,2025-07-01 18:12:19,2025-07-01 18:32:50,75,230,0.75,2.75,2.5,21.2,1.0,0.5,1.0,1.0,green,0.0,0.0,28.7,3.63,20.52
633,2025-07-18 09:23:50,2025-07-18 09:32:49,42,116,0.0,0.0,0.0,9.3,1.0,0.5,1.0,1.0,green,2.16,0.0,12.96,1.04,8.98
634,2025-07-18 11:16:53,2025-07-18 11:25:44,75,238,0.0,2.75,0.0,10.0,1.0,0.5,1.0,1.0,green,1.0,0.0,15.25,1.39,8.85
635,2025-07-29 17:40:11,2025-07-29 17:55:41,74,24,0.0,0.0,2.5,15.6,1.0,0.5,1.0,1.0,green,8.0,0.0,27.6,2.25,15.5
636,2025-07-23 21:04:24,2025-07-23 21:12:32,75,74,0.0,0.0,1.0,9.3,1.0,0.5,1.0,1.0,green,5.0,0.0,16.8,1.32,8.13
637,2025-07-22 16:09:20,2025-07-22 16:33:39,43,48,0.0,2.75,2.5,24.0,1.0,0.5,1.0,1.0,green,3.0,0.0,33.75,3.63,24.32
638,2025-07-20 16:35:04,2025-07-20 16:48:15,74,141,0.0,2.75,0.0,17.0,1.0,0.5,1.0,1.0,green,4.25,0.0,25.5,3.37,13.18
639,2025-07-13 13:10:11,2025-07-13 13:20:19,82,138,0.0,0.0,5.0,10.0,1.0,0.5,1.0,1.0,green,3.3,0.0,19.8,0.0,10.13
640,2025-07-11 09:31:13,2025-07-11 09:51:06,95,73,0.0,0.0,0.0,25.4,1.0,0.5,1.0,1.0,green,0.0,0.0,26.9,4.98,19.88
641,2025-07-12 16:03:38,2025-07-12 16:21:38,74,140,0.0,2.75,0.0,19.8,1.0,0.5,1.0,1.0,green,6.01,0.0,30.06,3.35,18.0
642,2025-07-02 10:17:59,2025-07-02 11:03:19,75,42,0.0,0.0,0.0,21.9,1.0,0.5,1.0,1.0,green,4.68,0.0,28.08,2.77,45.33
643,2025-07-12 17:11:20,2025-07-12 17:22:03,41,42,0.0,0.0,0.0,13.5,1.0,0.5,1.0,2.0,green,0.0,0.0,15.0,1.95,10.72
644,2025-07-01 00:41:43,2025-07-01 01:14:55,129,130,0.0,0.0,1.0,39.4,1.0,0.5,1.0,2.0,green,0.0,0.0,41.9,7.33,33.2
645,2025-07-17 17:20:00,2025-07-17 17:57:47,166,138,0.0,0.0,7.5,38.7,1.0,1.5,1.0,1.0,green,10.9,6.94,65.54,9.2,37.78
646,2025-07-12 22:35:22,2025-07-12 22:35:30,62,62,0.0,0.0,0.0,60.0,1.0,0.0,4.0,1.0,green,0.0,0.0,61.0,0.0,0.13
647,2025-07-13 10:25:58,2025-07-13 10:46:50,65,90,0.75,2.75,0.0,40.0,1.0,0.0,1.0,1.0,green,8.9,0.0,53.4,4.74,20.87
648,2025-07-18 19:34:29,2025-07-18 19:39:26,260,83,0.0,0.0,2.5,6.5,1.0,0.5,1.0,1.0,green,2.1,0.0,12.6,0.5,4.95
649,2025-07-19 23:16:02,2025-07-19 23:20:15,75,74,0.0,0.0,1.0,7.2,1.0,0.5,1.0,2.0,green,0.0,0.0,9.7,1.06,4.22
650,2025-07-25 08:48:23,2025-07-25 08:58:14,42,69,0.0,0.0,0.0,10.7,1.0,0.5,1.0,1.0,green,1.0,0.0,13.2,1.36,9.85
651,2025-07-25 00:59:13,2025-07-25 01:20:38,210,265,0.0,0.0,1.0,60.4,1.0,0.5,1.0,2.0,green,0.0,0.0,62.9,16.12,21.42
652,2025-07-04 18:10:12,2025-07-04 18:10:23,41,41,0.0,0.0,0.0,3.0,1.0,0.5,1.0,2.0,green,0.0,0.0,4.5,0.04,0.18
653,2025-07-15 21:54:48,2025-07-15 21:58:20,74,42,0.0,0.0,1.0,5.1,1.0,0.5,1.0,1.0,green,1.52,0.0,9.12,0.23,3.53
654,2025-07-30 14:10:11,2025-07-30 14:23:25,166,74,0.0,0.0,0.0,12.1,1.0,1.5,1.0,1.0,green,3.0,0.0,16.6,1.9,13.23
655,2025-07-16 14:05:15,2025-07-16 14:24:28,166,238,0.0,2.75,0.0,19.1,1.0,0.5,1.0,1.0,green,2.65,0.0,26.0,2.63,19.22
656,2025-07-29 20:50:49,2025-07-29 21:14:27,223,45,0.75,2.75,1.0,45.0,1.0,0.5,1.0,2.0,green,0.0,0.0,51.0,11.08,23.63
657,2025-07-10 17:55:00,2025-07-10 18:52:30,33,263,0.0,2.75,2.5,51.3,1.0,0.5,1.0,1.0,green,11.61,0.0,69.66,9.5,57.5
658,2025-07-16 16:50:09,2025-07-16 17:34:24,97,29,0.0,0.0,2.5,50.6,1.0,0.5,1.0,1.0,green,10.92,0.0,65.52,10.26,44.25
659,2025-07-27 17:09:17,2025-07-27 17:17:56,74,41,0.0,0.0,0.0,10.7,1.0,0.5,1.0,1.0,green,2.44,0.0,14.64,1.52,8.65
660,2025-07-20 23:37:07,2025-07-20 23:42:40,210,108,0.0,0.0,1.0,7.9,1.0,1.5,1.0,1.0,green,1.0,0.0,11.4,1.2,5.55
661,2025-07-02 22:28:32,2025-07-02 22:37:06,75,238,0.0,2.75,1.0,10.7,1.0,0.5,1.0,1.0,green,3.99,0.0,19.94,1.76,8.57
662,2025-07-01 16:02:34,2025-07-01 16:08:59,43,238,0.0,0.0,2.5,8.6,1.0,0.5,1.0,1.0,green,2.52,0.0,15.12,1.11,6.42
663,2025-07-16 13:36:33,2025-07-16 13:51:13,95,258,0.0,0.0,0.0,15.6,1.0,0.5,1.0,2.0,green,0.0,0.0,17.1,2.17,14.67
664,2025-07-25 23:58:41,2025-07-26 00:09:25,82,56,0.0,0.0,1.0,10.0,1.0,0.5,1.0,2.0,green,0.0,0.0,12.5,0.0,10.73
665,2025-07-22 09:13:51,2025-07-22 09:37:48,74,263,0.0,2.75,2.75,18.4,1.0,1.5,1.0,1.0,green,1.0,0.0,23.65,2.6,23.95
666,2025-07-12 11:10:25,2025-07-12 11:31:49,74,142,0.0,2.75,0.0,24.0,1.0,0.5,1.0,1.0,green,7.06,0.0,35.31,4.43,21.4
667,2025-07-12 02:13:36,2025-07-12 02:38:06,157,79,0.75,2.75,1.0,29.6,1.0,0.5,1.0,1.0,green,7.12,0.0,42.72,5.63,24.5
668,2025-07-06 16:54:53,2025-07-06 16:59:34,75,238,0.0,0.0,0.0,7.2,1.0,0.5,1.0,1.0,green,1.74,0.0,10.44,0.87,4.68
669,2025-07-30 11:30:47,2025-07-30 12:09:42,97,25,0.0,0.0,0.0,32.4,1.0,0.5,1.0,1.0,green,0.0,0.0,33.9,4.04,38.92
670,2025-07-27 12:43:58,2025-07-27 13:04:57,74,239,0.0,2.75,0.0,21.2,1.0,0.5,1.0,1.0,green,5.09,0.0,30.54,3.47,20.98
671,2025-07-13 16:53:29,2025-07-13 17:04:26,74,262,0.0,2.75,0.0,13.5,1.0,0.5,1.0,1.0,green,4.44,0.0,22.19,2.43,10.95
672,2025-07-21 09:48:56,2025-07-21 09:58:04,33,40,0.0,0.0,0.0,10.0,1.0,0.5,1.0,1.0,green,2.3,0.0,13.8,1.4,9.13
673,2025-07-30 10:29:18,2025-07-30 10:44:47,74,236,0.0,2.75,0.0,14.9,1.0,0.5,1.0,1.0,green,2.8,0.0,21.95,2.21,15.48
674,2025-07-07 08:37:14,2025-07-07 09:14:35,74,162,0.75,2.75,0.0,33.1,1.0,0.5,1.0,1.0,green,0.0,0.0,38.1,4.55,37.35
675,2025-07-21 18:08:22,2025-07-21 18:18:21,82,260,0.0,0.0,2.5,10.7,1.0,0.5,1.0,2.0,green,0.0,0.0,14.7,1.19,9.98
676,2025-07-05 22:11:09,2025-07-05 22:18:48,97,189,0.0,0.0,1.0,7.9,1.0,0.5,1.0,1.0,green,2.08,0.0,12.48,0.57,7.65
677,2025-07-15 14:10:32,2025-07-15 14:22:35,74,75,0.0,0.0,0.0,12.8,1.0,0.5,1.0,1.0,green,2.86,0.0,17.16,1.51,12.05
678,2025-07-03 15:44:22,2025-07-03 15:57:01,75,24,0.0,0.0,0.0,13.5,1.0,0.5,1.0,1.0,green,3.0,0.0,18.0,1.83,12.65
679,2025-07-21 10:43:54,2025-07-21 11:09:27,74,238,0.0,2.75,0.0,24.0,1.0,0.5,1.0,1.0,green,5.65,0.0,33.9,3.22,25.55
680,2025-07-30 15:06:46,2025-07-30 15:17:41,74,263,0.0,2.75,0.0,13.5,1.0,0.5,1.0,1.0,green,4.44,0.0,22.19,2.35,10.92
681,2025-07-07 09:41:54,2025-07-07 09:57:32,74,141,0.0,2.75,0.0,18.4,1.0,0.5,1.0,1.0,green,2.08,0.0,24.73,3.32,15.63
682,2025-07-29 13:51:11,2025-07-29 14:12:31,75,140,0.0,2.75,0.0,20.5,1.0,0.5,1.0,1.0,green,6.19,0.0,30.94,3.03,21.33
683,2025-07-27 07:10:00,2025-07-27 07:30:19,244,43,0.0,0.0,0.0,23.3,1.0,0.5,1.0,1.0,green,6.2,0.0,31.0,4.0,20.32
684,2025-07-05 17:31:22,2025-07-05 17:45:54,74,239,0.0,2.75,0.0,17.0,1.0,0.5,2.0,1.0,green,4.25,0.0,25.5,3.04,14.53
685,2025-07-03 22:28:49,2025-07-03 22:29:30,93,93,0.0,0.0,1.0,3.0,1.0,0.5,1.0,2.0,green,0.0,0.0,5.5,0.13,0.68
686,2025-07-11 17:00:29,2025-07-11 17:15:41,75,42,0.0,0.0,2.5,15.6,1.0,0.5,1.0,1.0,green,0.0,0.0,19.6,2.45,15.2
687,2025-07-30 18:49:23,2025-07-30 19:05:21,121,130,0.0,0.0,2.5,14.9,1.0,0.5,1.0,2.0,green,0.0,0.0,18.9,1.72,15.97
688,2025-07-22 17:53:05,2025-07-22 18:07:02,82,70,0.0,0.0,2.5,17.0,1.0,0.5,1.0,1.0,green,5.25,0.0,26.25,2.96,13.95
689,2025-07-04 12:49:46,2025-07-04 13:06:15,75,229,0.75,2.75,0.0,18.4,1.0,0.5,1.0,1.0,green,4.68,0.0,28.08,2.92,16.48
690,2025-07-19 11:33:28,2025-07-19 11:39:19,74,75,0.0,0.0,0.0,8.6,1.0,0.5,1.0,1.0,green,2.02,0.0,12.12,1.38,5.85
691,2025-07-05 15:28:02,2025-07-05 15:33:49,130,215,0.0,0.0,0.0,7.2,1.0,0.5,1.0,1.0,green,2.18,0.0,10.88,0.8,5.78
692,2025-07-31 18:16:51,2025-07-31 18:32:41,95,102,0.0,0.0,2.5,15.6,1.0,0.5,5.0,1.0,green,3.92,0.0,23.52,2.24,15.83
693,2025-07-28 10:57:11,2025-07-28 11:09:01,92,92,0.0,0.0,0.0,13.5,1.0,0.5,1.0,1.0,green,3.0,0.0,18.0,2.06,11.83
694,2025-07-13 23:53:58,2025-07-14 00:06:13,93,70,0.0,0.0,0.0,30.0,1.0,0.0,1.0,1.0,green,7.75,0.0,38.75,3.23,12.25
695,2025-07-02 17:06:41,2025-07-02 17:14:06,75,263,0.0,2.75,2.5,8.6,1.0,0.5,1.0,1.0,green,3.07,0.0,18.42,0.73,7.42
696,2025-07-14 19:08:53,2025-07-14 19:25:27,74,262,0.0,2.75,2.5,16.3,1.0,0.5,1.0,1.0,green,3.5,0.0,26.55,2.56,16.57
697,2025-07-11 17:45:07,2025-07-11 18:01:06,65,66,0.0,0.0,2.5,14.9,1.0,0.5,2.0,1.0,green,3.78,0.0,22.68,1.76,15.98
698,2025-07-28 09:27:25,2025-07-28 09:43:45,74,151,0.0,0.0,0.0,14.9,1.0,0.5,1.0,1.0,green,1.5,0.0,17.9,1.89,16.33
699,2025-07-26 14:46:00,2025-07-26 14:56:57,74,75,0.0,0.0,0.0,12.1,1.0,0.5,1.0,2.0,green,0.0,0.0,13.6,1.6,10.95
700,2025-07-23 06:58:07,2025-07-23 07:08:07,74,41,0.0,0.0,0.0,10.7,1.0,0.5,1.0,1.0,green,2.44,0.0,14.64,1.18,10.0
701,2025-07-30 00:51:53,2025-07-30 01:02:18,74,69,0.0,0.0,1.0,13.5,1.0,0.5,1.0,1.0,green,0.0,0.0,16.0,2.2,10.42
702,2025-07-24 19:06:35,2025-07-24 19:20:51,75,166,0.0,0.0,2.5,14.2,1.0,0.5,1.0,1.0,green,3.64,0.0,21.84,2.01,14.27
703,2025-07-02 18:02:00,2025-07-02 20:17:08,226,7,0.0,0.0,2.5,122.0,1.0,0.5,1.0,2.0,green,0.0,0.0,126.0,18.64,135.13
704,2025-07-28 09:29:00,2025-07-28 09:41:39,74,75,0.0,0.0,0.0,12.8,1.0,0.5,2.0,1.0,green,0.0,0.0,14.3,1.68,12.65
705,2025-07-10 09:35:48,2025-07-10 09:49:09,130,130,0.0,0.0,0.0,12.8,1.0,1.5,0.0,2.0,green,0.0,0.0,14.3,1.6,13.35
706,2025-07-05 07:16:30,2025-07-05 07:28:04,129,138,0.0,0.0,5.0,17.7,1.0,1.5,2.0,1.0,green,2.0,0.0,26.2,3.3,11.57
707,2025-07-03 21:34:49,2025-07-03 21:40:38,74,42,0.0,0.0,1.0,7.9,1.0,0.5,1.0,1.0,green,2.08,0.0,12.48,1.18,5.82
708,2025-07-02 09:07:44,2025-07-02 09:16:27,74,75,0.0,0.0,0.0,10.0,1.0,0.5,1.0,1.0,green,2.0,0.0,13.5,1.25,8.72
709,2025-07-17 15:26:23,2025-07-17 15:34:56,166,238,0.0,0.0,0.0,9.3,1.0,0.5,1.0,2.0,green,0.0,0.0,10.8,0.98,8.55
710,2025-07-28 09:06:51,2025-07-28 09:22:19,74,237,0.0,2.75,0.0,16.3,1.0,0.5,1.0,1.0,green,2.0,0.0,22.55,2.67,15.47
711,2025-07-31 08:41:01,2025-07-31 08:46:31,41,41,0.0,0.0,0.0,7.2,1.0,0.5,1.0,1.0,green,1.74,0.0,10.44,0.65,5.5
712,2025-07-25 07:45:03,2025-07-25 07:55:11,166,75,0.0,0.0,0.0,13.5,1.0,1.5,1.0,1.0,green,3.0,0.0,18.0,2.4,10.13
713,2025-07-16 23:02:56,2025-07-16 23:13:05,95,197,0.0,0.0,1.0,12.1,1.0,0.5,1.0,2.0,green,0.0,0.0,14.6,1.99,10.15
714,2025-07-24 22:41:30,2025-07-24 23:01:36,75,260,0.0,0.0,1.0,29.6,1.0,0.5,1.0,1.0,green,7.81,6.94,46.85,6.69,20.1
715,2025-07-16 07:36:07,2025-07-16 07:47:29,74,263,0.0,2.75,0.0,12.8,1.0,0.5,1.0,1.0,green,3.0,0.0,20.05,2.09,11.37
716,2025-07-31 07:35:37,2025-07-31 07:47:58,74,75,0.0,0.0,0.0,12.8,1.0,0.5,1.0,1.0,green,3.58,0.0,17.88,1.67,12.35
717,2025-07-02 17:58:33,2025-07-02 18:11:28,97,228,0.0,0.0,2.5,14.9,1.0,0.5,1.0,1.0,green,5.67,0.0,24.57,2.45,12.92
718,2025-07-30 22:47:34,2025-07-30 23:10:03,130,37,0.0,0.0,1.0,34.5,1.0,0.5,1.0,1.0,green,7.4,0.0,44.4,8.05,22.48
719,2025-07-19 21:58:39,2025-07-19 22:04:54,112,112,0.0,0.0,0.0,30.0,1.0,0.0,2.0,1.0,green,0.0,0.0,31.0,0.97,6.25
720,2025-07-10 14:21:34,2025-07-10 14:49:24,74,162,0.75,2.75,0.0,26.1,1.0,0.5,1.0,1.0,green,0.0,0.0,31.1,3.63,27.83
721,2025-07-08 16:27:23,2025-07-08 16:45:18,74,166,0.0,0.0,2.5,17.7,1.0,0.5,1.0,1.0,green,4.34,0.0,26.04,2.18,17.92
722,2025-07-29 08:51:59,2025-07-29 09:03:47,74,263,0.0,2.75,0.0,13.5,1.0,0.5,1.0,1.0,green,4.0,0.0,21.75,2.52,11.8
723,2025-07-14 20:40:03,2025-07-14 20:45:40,95,95,0.0,0.0,1.0,7.2,1.0,0.5,1.0,2.0,green,0.0,0.0,9.7,0.79,5.62
724,2025-07-12 16:25:59,2025-07-12 16:35:15,166,238,0.0,2.75,2.75,10.0,1.0,1.5,1.0,1.0,green,2.3,0.0,16.55,1.5,9.27
725,2025-07-09 15:15:12,2025-07-09 15:31:04,74,41,0.0,0.0,0.0,14.9,1.0,0.5,1.0,1.0,green,2.0,0.0,18.4,1.49,15.87
726,2025-07-12 11:53:14,2025-07-12 12:04:35,74,41,0.0,0.0,0.0,10.7,1.0,0.5,1.0,2.0,green,0.0,0.0,12.2,0.83,11.35
727,2025-07-16 14:27:52,2025-07-16 14:57:18,74,239,0.0,2.75,0.0,27.5,1.0,0.5,1.0,1.0,green,6.35,0.0,38.1,3.32,29.43
728,2025-07-24 13:41:28,2025-07-24 13:54:14,66,148,0.75,2.75,0.0,16.3,1.0,0.5,1.0,1.0,green,4.26,0.0,25.56,2.72,12.77
729,2025-07-03 15:52:11,2025-07-03 16:04:09,95,134,0.0,0.0,0.0,11.4,1.0,0.5,1.0,1.0,green,3.22,0.0,16.12,1.28,11.97
730,2025-07-22 11:14:08,2025-07-22 11:36:55,74,151,0.0,0.0,0.0,18.4,1.0,1.5,1.0,1.0,green,3.95,0.0,23.85,2.8,22.78
731,2025-07-17 19:03:32,2025-07-17 19:16:34,82,56,0.0,0.0,2.5,11.4,1.0,0.5,6.0,2.0,green,0.0,0.0,15.4,1.39,13.03
732,2025-07-08 14:32:18,2025-07-08 14:50:48,74,120,0.0,0.0,0.0,19.1,1.0,0.5,1.0,1.0,green,4.12,0.0,24.72,3.35,18.5
733,2025-07-08 07:24:00,2025-07-08 07:35:56,74,75,0.0,0.0,0.0,12.8,1.0,0.5,1.0,1.0,green,3.58,0.0,17.88,1.65,11.93
734,2025-07-20 10:41:03,2025-07-20 10:49:17,42,116,0.0,0.0,0.0,9.3,1.0,0.5,1.0,1.0,green,11.0,0.0,21.8,1.49,8.23
735,2025-07-27 22:36:39,2025-07-27 22:41:26,66,65,0.0,0.0,1.0,7.2,1.0,0.5,1.0,2.0,green,0.0,0.0,9.7,0.93,4.78
736,2025-07-29 10:24:31,2025-07-29 10:38:00,95,83,0.0,0.0,0.0,17.7,1.0,0.5,1.0,2.0,green,0.0,0.0,19.2,3.26,13.48
737,2025-07-30 22:23:32,2025-07-30 22:37:27,76,203,0.0,0.0,1.0,31.0,1.0,0.5,1.0,2.0,green,0.0,0.0,33.5,7.69,13.92
738,2025-07-27 20:35:56,2025-07-27 20:48:37,41,116,0.0,0.0,1.0,14.2,1.0,0.5,1.0,1.0,green,0.0,0.0,16.7,2.09,12.68
739,2025-07-27 09:44:33,2025-07-27 09:54:29,41,151,0.0,0.0,0.0,12.8,1.0,0.5,1.0,1.0,green,1.8,0.0,16.1,2.12,9.93
740,2025-07-09 09:24:51,2025-07-09 09:57:08,75,170,0.75,2.75,0.0,33.8,1.0,0.5,1.0,1.0,green,9.7,0.0,48.5,7.37,32.28
741,2025-07-21 17:54:57,2025-07-21 18:03:20,74,263,0.0,2.75,2.5,11.4,1.0,0.5,1.0,1.0,green,4.54,0.0,22.69,1.97,8.38
742,2025-07-23 18:56:35,2025-07-23 19:14:14,130,205,0.0,0.0,2.5,17.7,1.0,0.5,1.0,1.0,green,4.34,0.0,26.04,3.05,17.65
743,2025-07-04 16:00:45,2025-07-04 16:05:47,74,75,0.0,0.0,0.0,7.9,1.0,1.5,1.0,2.0,green,0.0,0.0,9.4,1.3,5.03
744,2025-07-03 23:40:56,2025-07-04 00:00:39,95,19,0.0,0.0,1.0,33.8,1.0,0.5,1.0,1.0,green,7.26,0.0,43.56,8.3,19.72
745,2025-08-15 15:28:39,2025-08-15 15:48:05,42,229,0.75,2.75,0.0,24.7,1.0,0.5,1.0,2.0,green,0.0,0.0,29.7,5.12,19.43
746,2025-08-05 14:11:57,2025-08-05 14:27:49,74,43,0.0,0.0,0.0,14.9,1.0,0.5,2.0,1.0,green,3.28,0.0,19.68,1.61,15.87
747,2025-08-27 16:02:01,2025-08-27 16:09:29,24,41,0.0,0.0,2.5,8.6,1.0,0.5,1.0,2.0,green,0.0,0.0,12.6,0.88,7.47
748,2025-08-07 17:03:08,2025-08-07 17:31:28,75,48,0.75,2.75,6.0,22.6,1.0,1.5,1.0,1.0,green,6.0,0.0,36.1,3.7,28.33
749,2025-08-30 15:46:13,2025-08-30 16:24:47,166,255,0.75,2.75,0.0,40.8,1.0,0.5,2.0,1.0,green,9.16,0.0,54.96,8.13,38.57
750,2025-08-01 17:28:15,2025-08-01 17:43:36,41,152,0.0,0.0,2.5,15.6,1.0,0.5,1.0,2.0,green,0.0,0.0,19.6,1.87,15.35
751,2025-08-10 18:31:50,2025-08-10 18:40:32,74,75,0.0,0.0,0.0,10.7,1.0,0.5,2.0,1.0,green,2.44,0.0,14.64,1.69,8.7
752,2025-08-29 00:31:48,2025-08-29 00:31:55,157,157,0.0,0.0,0.0,11.0,1.0,0.0,1.0,1.0,green,0.0,0.0,12.0,0.0,0.12
753,2025-08-07 17:41:02,2025-08-07 18:10:52,244,263,0.0,2.75,2.5,31.0,1.0,0.5,1.0,1.0,green,7.55,0.0,45.3,5.83,29.83
754,2025-08-02 16:51:22,2025-08-02 16:51:37,129,129,0.0,0.0,0.0,20.0,0.0,0.0,1.0,1.0,green,2.0,0.0,22.0,4.8,0.25
755,2025-08-26 01:44:45,2025-08-26 01:54:52,83,129,0.0,0.0,0.0,14.09,1.0,0.0,1.0,1.0,green,0.0,0.0,15.09,1.46,10.12
756,2025-08-25 21:26:34,2025-08-25 21:43:08,74,264,0.0,0.0,1.0,14.9,1.0,0.5,1.0,1.0,green,2.5,0.0,19.9,2.21,16.57
757,2025-08-14 17:36:02,2025-08-14 17:50:33,74,237,0.0,2.75,2.5,16.3,1.0,0.5,1.0,1.0,green,4.61,0.0,27.66,2.56,14.52
758,2025-08-04 17:58:31,2025-08-04 18:04:09,95,95,0.0,0.0,2.5,7.2,1.0,0.5,3.0,1.0,green,2.24,0.0,13.44,0.86,5.63
759,2025-08-02 13:57:15,2025-08-02 14:12:05,75,142,0.0,2.75,0.0,15.6,1.0,0.5,2.0,2.0,green,0.0,0.0,19.85,2.57,14.83
760,2025-08-21 22:39:55,2025-08-21 23:33:19,119,193,0.75,2.75,0.0,85.0,1.0,0.0,1.0,1.0,green,100.0,0.0,189.5,11.34,53.4
761,2025-08-26 19:03:37,2025-08-26 19:21:56,93,170,0.75,2.75,2.5,34.5,1.0,0.5,1.0,1.0,green,5.0,6.94,53.94,8.72,18.32
762,2025-08-05 19:17:37,2025-08-05 19:31:09,74,243,0.0,0.0,2.5,24.0,1.0,0.5,2.0,1.0,green,7.0,0.0,35.0,5.33,13.53
763,2025-08-09 17:44:58,2025-08-09 18:01:42,74,140,0.0,2.75,5.25,18.4,1.0,1.5,0.0,1.0,green,5.0,0.0,30.15,3.2,16.73
764,2025-08-13 18:30:52,2025-08-13 18:43:30,74,75,0.0,0.0,2.5,13.5,1.0,0.5,1.0,1.0,green,2.0,0.0,19.5,1.67,12.63
765,2025-08-07 09:49:16,2025-08-07 10:06:25,116,48,0.75,2.75,0.0,25.4,1.0,0.5,1.0,2.0,green,0.0,0.0,30.4,5.52,17.15
766,2025-08-02 11:36:17,2025-08-02 11:47:07,65,61,0.0,0.0,0.0,12.8,1.0,0.5,1.0,1.0,green,2.5,0.0,16.8,1.97,10.83
767,2025-08-07 11:16:10,2025-08-07 11:39:10,75,170,0.75,2.75,0.0,21.9,1.0,0.5,2.0,1.0,green,1.0,0.0,27.9,3.08,23.0
768,2025-08-11 15:44:44,2025-08-11 15:51:01,75,74,0.0,0.0,0.0,9.3,1.0,1.5,1.0,1.0,green,2.16,0.0,12.96,1.3,6.28
769,2025-08-29 13:03:24,2025-08-29 13:16:30,95,131,0.0,0.0,0.0,19.1,1.0,0.5,3.0,2.0,green,0.0,0.0,20.6,3.88,13.1
770,2025-08-31 20:14:04,2025-08-31 20:19:14,112,112,0.0,0.0,1.0,7.2,1.0,0.5,1.0,1.0,green,1.94,0.0,11.64,0.81,5.17
771,2025-08-18 19:36:14,2025-08-18 19:43:49,74,236,0.0,2.75,2.5,10.0,1.0,0.5,1.0,1.0,green,1.68,0.0,18.43,1.75,7.58
772,2025-08-27 15:23:36,2025-08-27 16:01:53,93,132,0.0,0.0,0.0,80.0,1.0,0.0,2.0,1.0,green,8.0,0.0,89.0,10.38,38.28
773,2025-08-18 05:35:55,2025-08-18 05:46:27,74,151,0.0,0.0,1.0,12.8,1.0,0.5,1.0,1.0,green,2.0,0.0,17.3,1.99,10.53
774,2025-08-15 10:05:19,2025-08-15 10:23:24,130,9,0.0,0.0,0.0,29.6,1.0,0.5,1.0,1.0,green,0.0,0.0,31.1,6.68,18.08
775,2025-08-24 16:05:39,2025-08-24 16:15:53,74,236,0.0,2.75,0.0,12.1,1.0,0.5,1.0,1.0,green,3.27,0.0,19.62,2.0,10.23
776,2025-08-25 21:25:45,2025-08-25 21:32:48,75,74,0.0,0.0,1.0,9.3,1.0,0.5,1.0,1.0,green,0.0,0.0,11.8,1.26,7.05
777,2025-08-12 13:38:08,2025-08-12 13:51:03,33,181,0.0,0.0,0.0,13.5,1.0,1.5,1.0,1.0,green,3.0,0.0,18.0,1.9,12.92
778,2025-08-20 06:26:20,2025-08-20 06:50:56,74,237,0.0,2.75,0.0,23.3,1.0,0.5,1.0,1.0,green,5.51,0.0,33.06,3.27,24.6
779,2025-08-19 15:52:10,2025-08-19 16:03:06,74,236,0.0,2.75,0.0,12.8,1.0,0.5,6.0,1.0,green,2.56,0.0,19.61,1.97,10.93
780,2025-08-07 13:31:44,2025-08-07 13:49:59,83,56,0.0,0.0,0.0,17.7,1.0,0.5,2.0,1.0,green,3.84,0.0,23.04,2.23,18.25
781,2025-08-08 20:15:26,2025-08-08 20:32:13,33,13,0.75,2.75,1.0,17.7,1.0,0.5,1.0,1.0,green,4.74,0.0,28.44,2.49,16.78
782,2025-08-01 13:35:54,2025-08-01 14:22:46,260,196,0.0,0.0,0.0,38.0,1.0,0.5,1.0,2.0,green,0.0,0.0,39.5,2.86,46.87
783,2025-08-31 22:31:04,2025-08-31 22:39:13,93,138,0.0,0.0,6.0,17.0,1.0,0.5,1.0,2.0,green,0.0,0.0,24.5,4.06,8.15
784,2025-08-12 12:45:22,2025-08-12 13:08:49,97,37,0.0,0.0,0.0,33.8,1.0,0.5,1.0,2.0,green,0.0,0.0,35.3,6.84,23.45
785,2025-08-23 08:51:35,2025-08-23 09:00:41,74,75,0.0,0.0,0.0,9.3,1.0,1.5,1.0,1.0,green,1.0,0.0,11.8,1.3,9.1
786,2025-08-30 09:38:27,2025-08-30 09:48:10,116,247,0.0,0.0,0.0,11.4,1.0,0.5,1.0,2.0,green,0.0,0.0,12.9,1.39,9.72
787,2025-08-17 02:02:39,2025-08-17 02:19:15,157,37,0.0,0.0,1.0,17.7,1.0,0.5,2.0,1.0,green,5.05,0.0,25.25,3.03,16.6
788,2025-08-22 18:09:53,2025-08-22 18:17:21,41,42,0.0,0.0,2.5,9.3,1.0,0.5,1.0,1.0,green,2.66,0.0,15.96,1.32,7.47
789,2025-08-23 18:57:54,2025-08-23 19:13:21,74,238,0.0,0.0,0.0,16.3,1.0,0.5,1.0,1.0,green,2.67,0.0,20.47,2.71,15.45
790,2025-08-31 11:57:51,2025-08-31 12:30:31,33,36,0.0,0.0,0.0,36.6,1.0,0.5,1.0,1.0,green,7.62,0.0,45.72,6.9,32.67
791,2025-08-28 10:04:31,2025-08-28 10:23:28,41,141,0.0,2.75,0.0,19.8,1.0,0.5,1.0,1.0,green,4.81,0.0,28.86,3.17,18.95
792,2025-08-11 01:30:11,2025-08-11 01:33:45,95,95,0.0,0.0,1.0,5.8,1.0,0.5,1.0,1.0,green,2.49,0.0,10.79,0.61,3.57
793,2025-08-28 07:45:17,2025-08-28 08:05:36,74,140,0.0,2.75,0.0,20.5,1.0,0.5,2.0,1.0,green,0.0,0.0,24.75,3.44,20.32
794,2025-08-25 15:45:54,2025-08-25 15:53:49,93,70,0.0,0.0,0.0,12.1,1.0,0.5,1.0,1.0,green,2.0,0.0,15.6,2.03,7.92
795,2025-08-10 08:42:05,2025-08-10 08:48:37,41,75,0.0,0.0,0.0,8.6,1.0,0.5,1.0,1.0,green,2.02,0.0,12.12,1.21,6.53
796,2025-08-02 14:17:13,2025-08-02 14:39:26,65,228,0.0,0.0,0.0,21.9,1.0,0.5,1.0,1.0,green,2.5,0.0,25.9,3.02,22.22
797,2025-08-29 18:25:56,2025-08-29 18:44:49,33,188,0.0,0.0,2.5,19.1,1.0,0.5,1.0,2.0,green,0.0,0.0,23.1,3.07,18.88
798,2025-08-29 09:39:06,2025-08-29 09:53:18,74,236,0.0,2.75,0.0,13.5,1.0,0.5,1.0,1.0,green,3.55,0.0,21.3,1.75,14.2
799,2025-08-10 16:08:56,2025-08-10 16:16:00,82,95,0.0,0.0,0.0,10.0,1.0,0.5,1.0,2.0,green,0.0,0.0,11.5,1.67,7.07
800,2025-08-17 01:33:41,2025-08-17 01:33:53,82,82,0.0,0.0,1.0,3.0,1.0,0.5,1.0,1.0,green,40.0,0.0,45.5,0.0,0.2
801,2025-08-27 08:10:58,2025-08-27 08:20:26,74,75,0.0,0.0,0.0,10.7,1.0,0.5,1.0,1.0,green,2.44,0.0,14.64,1.59,9.47
802,2025-08-13 21:50:49,2025-08-13 21:57:18,75,263,0.0,2.75,1.0,8.6,1.0,0.5,1.0,1.0,green,2.77,0.0,16.62,1.54,6.48
803,2025-08-18 16:34:01,2025-08-18 16:44:00,74,236,0.0,2.75,2.5,12.1,1.0,0.5,1.0,1.0,green,3.77,0.0,22.62,1.89,9.98
804,2025-08-25 10:00:54,2025-08-25 10:37:14,97,178,0.0,0.0,0.0,42.2,1.0,0.5,2.0,1.0,green,0.0,0.0,43.7,7.64,36.33
805,2025-08-20 09:26:36,2025-08-20 09:52:15,166,140,0.0,2.75,2.75,21.9,1.0,1.5,1.0,1.0,green,3.0,0.0,29.15,3.9,25.65
806,2025-08-16 10:03:12,2025-08-16 10:07:40,75,75,0.0,0.0,0.0,6.5,1.0,0.5,1.0,1.0,green,1.6,0.0,9.6,0.87,4.47
807,2025-08-18 21:18:13,2025-08-18 21:27:54,83,95,0.0,0.0,1.0,13.5,1.0,0.5,1.0,2.0,green,0.0,0.0,16.0,2.39,9.68
808,2025-08-29 16:25:05,2025-08-29 16:52:09,166,211,0.75,2.75,2.5,35.9,1.0,0.5,1.0,1.0,green,10.85,0.0,54.25,7.78,27.07
809,2025-08-19 17:51:56,2025-08-19 18:01:38,75,263,0.0,2.75,2.5,10.7,1.0,0.5,6.0,1.0,green,4.36,0.0,21.81,1.12,9.7
810,2025-08-01 11:51:15,2025-08-01 11:59:19,166,41,0.0,0.0,0.0,9.3,1.0,0.5,1.0,1.0,green,1.0,0.0,11.8,1.13,8.07
811,2025-08-18 11:36:09,2025-08-18 11:38:00,197,197,0.0,0.0,0.0,3.0,1.0,0.5,1.0,2.0,green,0.0,0.0,4.5,0.0,1.85
812,2025-08-14 20:11:32,2025-08-14 21:05:17,196,93,0.0,0.0,1.0,49.9,1.0,0.5,1.0,2.0,green,0.0,0.0,52.4,5.4,53.75
813,2025-08-18 06:18:30,2025-08-18 06:44:41,196,230,0.75,2.75,0.0,33.1,1.0,0.5,1.0,2.0,green,0.0,0.0,38.1,7.48,26.18
814,2025-08-23 08:45:30,2025-08-23 08:52:09,82,82,0.0,0.0,0.0,8.6,1.0,0.5,1.0,2.0,green,0.0,0.0,10.1,1.0,6.65
815,2025-08-22 01:46:00,2025-08-22 02:07:26,255,223,0.0,0.0,1.0,33.8,1.0,0.5,1.0,1.0,green,7.26,0.0,43.56,7.72,21.43
816,2025-08-13 10:48:58,2025-08-13 11:02:18,74,237,0.0,2.75,0.0,15.6,1.0,0.5,2.0,1.0,green,3.97,0.0,23.82,2.84,13.33
817,2025-08-17 22:48:36,2025-08-17 23:12:52,130,36,0.0,0.0,1.0,40.8,1.0,0.5,1.0,1.0,green,6.0,0.0,49.3,10.04,24.27
818,2025-08-23 13:08:44,2025-08-23 13:22:14,74,239,0.0,2.75,0.0,17.0,1.0,0.5,1.0,1.0,green,6.38,0.0,27.63,3.18,13.5
819,2025-08-14 10:55:34,2025-08-14 11:05:54,41,166,0.0,0.0,0.0,11.4,1.0,0.5,1.0,2.0,green,0.0,0.0,12.9,1.66,10.33
820,2025-08-09 12:57:36,2025-08-09 13:47:50,223,216,0.0,0.0,0.0,59.0,1.0,0.5,1.0,2.0,green,0.0,0.0,60.5,12.73,50.23
821,2025-08-07 14:24:49,2025-08-07 14:40:50,43,143,0.0,2.75,0.0,17.0,1.0,0.5,2.0,1.0,green,5.31,0.0,26.56,2.41,16.02
822,2025-08-09 01:03:12,2025-08-09 01:10:31,95,196,0.0,0.0,1.0,10.0,1.0,0.5,1.0,1.0,green,5.0,0.0,17.5,1.56,7.32
823,2025-08-07 08:44:53,2025-08-07 08:58:41,74,236,0.0,2.75,0.0,14.9,1.0,0.5,1.0,1.0,green,3.83,0.0,22.98,2.39,13.8
824,2025-08-22 18:38:04,2025-08-22 19:29:13,130,90,0.75,2.75,0.0,65.0,1.0,0.0,2.0,1.0,green,15.29,6.94,91.73,12.9,51.15
825,2025-08-06 09:20:51,2025-08-06 09:33:27,74,41,0.0,0.0,0.0,12.8,1.0,0.5,1.0,2.0,green,0.0,0.0,14.3,1.31,12.6
826,2025-08-22 20:11:46,2025-08-22 20:30:26,52,14,0.0,0.0,1.0,24.0,1.0,0.5,1.0,1.0,green,5.3,0.0,31.8,4.88,18.67
827,2025-08-30 17:42:47,2025-08-30 18:19:33,93,234,0.75,2.75,0.0,110.0,1.0,0.0,2.0,1.0,green,0.0,0.0,114.5,11.15,36.77
828,2025-08-02 16:16:41,2025-08-02 16:56:48,82,238,0.75,2.75,0.0,42.2,1.0,0.5,1.0,1.0,green,9.44,0.0,56.64,7.82,40.12
829,2025-08-18 16:07:57,2025-08-18 16:21:58,74,69,0.0,0.0,2.5,14.2,1.0,0.5,1.0,1.0,green,4.55,0.0,22.75,1.74,14.02
830,2025-08-11 22:32:21,2025-08-11 22:39:37,74,43,0.0,0.0,1.0,10.0,1.0,0.5,1.0,1.0,green,0.0,0.0,12.5,1.68,7.27
831,2025-08-03 21:04:01,2025-08-03 21:22:04,74,238,0.0,2.75,1.0,19.1,1.0,0.5,1.0,1.0,green,4.87,0.0,29.22,3.01,18.05
832,2025-08-24 13:34:13,2025-08-24 13:52:02,74,151,0.0,0.0,0.0,18.4,1.0,0.5,1.0,1.0,green,4.98,0.0,24.88,2.73,17.82
833,2025-08-25 10:29:28,2025-08-25 10:33:43,92,93,0.0,0.0,0.0,5.8,1.0,0.5,1.0,1.0,green,2.0,0.0,9.3,0.0,4.25
834,2025-08-03 17:40:52,2025-08-03 17:41:05,93,93,0.0,0.0,0.0,0.0,0.0,0.0,1.0,3.0,green,0.0,0.0,0.0,9.3,0.22
835,2025-08-23 06:13:05,2025-08-23 06:28:37,95,132,0.0,0.0,0.0,29.6,1.0,0.5,1.0,1.0,green,6.22,0.0,37.32,7.16,15.53
836,2025-08-10 20:10:58,2025-08-10 20:20:19,43,239,0.0,2.75,1.0,12.1,1.0,0.5,1.0,1.0,green,1.21,0.0,18.56,2.09,9.35
837,2025-08-20 09:22:21,2025-08-20 09:40:46,74,151,0.0,0.0,0.0,17.7,1.0,0.5,1.0,1.0,green,4.8,0.0,24.0,2.48,18.42
838,2025-08-05 22:03:34,2025-08-05 22:35:59,93,33,0.0,0.0,0.0,80.0,0.0,0.0,1.0,1.0,green,16.0,0.0,96.0,10.9,32.42
839,2025-08-30 21:29:46,2025-08-30 21:42:14,74,166,0.0,0.0,1.0,13.5,1.0,0.5,1.0,1.0,green,3.0,0.0,19.0,1.94,12.47
840,2025-08-28 15:14:56,2025-08-28 15:20:25,43,74,0.0,0.0,0.0,7.2,1.0,0.5,1.0,2.0,green,0.0,0.0,8.7,0.95,5.48
841,2025-08-08 18:49:11,2025-08-08 18:59:08,74,75,0.0,0.0,2.5,12.1,1.0,0.5,1.0,1.0,green,3.0,0.0,19.1,1.79,9.95
842,2025-08-11 14:40:33,2025-08-11 14:42:37,75,75,0.0,0.0,0.0,4.4,1.0,0.5,1.0,2.0,green,0.0,0.0,5.9,0.3,2.07
843,2025-08-26 11:41:32,2025-08-26 11:50:14,74,41,0.0,0.0,0.0,9.3,1.0,1.5,0.0,1.0,green,2.15,0.0,12.95,1.1,8.7
844,2025-08-12 13:19:33,2025-08-12 13:19:45,191,191,0.0,0.0,0.0,20.0,1.0,0.0,1.0,1.0,green,4.2,0.0,25.2,0.0,0.2
845,2025-08-15 00:10:32,2025-08-15 00:15:39,210,150,0.0,0.0,1.0,7.9,1.0,0.5,1.0,1.0,green,3.0,0.0,13.4,1.23,5.12
846,2025-08-08 11:07:09,2025-08-08 11:21:12,74,236,0.0,2.75,0.0,14.9,1.0,0.5,1.0,1.0,green,2.0,0.0,21.15,2.21,14.05
847,2025-08-09 19:15:08,2025-08-09 20:57:34,129,56,0.0,0.0,0.0,76.5,1.0,0.5,1.0,2.0,green,0.0,0.0,78.0,3.94,102.43
848,2025-08-30 13:31:09,2025-08-30 13:46:45,74,151,0.0,0.0,0.0,15.6,1.0,0.5,1.0,2.0,green,0.0,0.0,17.1,2.44,15.6
849,2025-08-04 12:05:20,2025-08-04 12:20:19,74,151,0.0,0.0,0.0,15.6,1.0,0.5,1.0,2.0,green,0.0,0.0,17.1,2.59,14.98
850,2025-08-19 10:31:45,2025-08-19 10:43:29,75,263,0.0,2.75,0.0,12.1,1.0,0.5,1.0,1.0,green,2.0,0.0,18.35,1.35,11.73
851,2025-08-20 12:03:49,2025-08-20 12:09:22,97,49,0.0,0.0,0.0,7.2,1.0,1.5,1.0,1.0,green,1.7,0.0,10.4,0.8,5.55
852,2025-08-21 09:49:50,2025-08-21 10:11:53,166,161,0.75,2.75,0.0,24.0,1.0,0.5,1.0,2.0,green,0.0,0.0,29.0,4.13,22.05
853,2025-08-28 07:45:05,2025-08-28 07:56:59,74,75,0.0,0.0,0.0,12.1,1.0,0.5,1.0,2.0,green,0.0,0.0,13.6,1.74,11.9
854,2025-08-17 08:46:19,2025-08-17 08:48:03,37,264,0.0,0.0,0.0,135.0,1.0,0.0,1.0,1.0,green,5.0,0.0,141.0,0.0,1.73
855,2025-08-08 17:53:48,2025-08-08 18:03:02,75,74,0.0,2.75,2.5,11.4,1.0,0.5,1.0,1.0,green,5.0,0.0,23.15,1.85,9.23
856,2025-08-15 16:14:26,2025-08-15 16:26:19,95,28,0.0,0.0,2.5,13.5,1.0,0.5,1.0,2.0,green,0.0,0.0,17.5,2.05,11.88
857,2025-08-23 21:13:35,2025-08-23 21:23:22,129,70,0.0,0.0,1.0,15.6,1.0,1.5,1.0,2.0,green,0.0,0.0,18.1,3.2,9.78
858,2025-08-22 14:41:33,2025-08-22 14:52:13,97,17,0.0,0.0,0.0,11.4,1.0,0.5,1.0,1.0,green,2.58,0.0,15.48,1.4,10.67
859,2025-08-02 18:09:28,2025-08-02 18:26:13,66,25,0.0,0.0,0.0,17.0,1.0,0.5,1.0,1.0,green,3.7,0.0,22.2,1.9,16.75
860,2025-08-20 20:53:54,2025-08-20 20:58:02,7,7,0.0,0.0,1.0,6.5,1.0,0.5,1.0,1.0,green,0.01,0.0,9.01,0.78,4.13
861,2025-08-20 17:45:58,2025-08-20 18:14:04,83,100,0.75,2.75,2.5,32.4,1.0,0.5,1.0,1.0,green,9.37,6.94,56.21,6.23,28.1
862,2025-08-24 18:25:34,2025-08-24 18:38:04,74,263,0.0,2.75,0.0,14.2,1.0,0.5,1.0,1.0,green,3.0,0.0,21.45,2.66,12.5
863,2025-08-26 19:09:48,2025-08-26 19:19:54,129,70,0.0,0.0,2.5,10.0,1.0,0.5,1.0,2.0,green,0.0,0.0,14.0,1.42,10.1
864,2025-08-18 13:02:12,2025-08-18 13:12:58,74,263,0.0,2.75,0.0,12.1,1.0,0.5,1.0,1.0,green,3.27,0.0,19.62,2.09,10.77
865,2025-08-10 19:11:24,2025-08-10 19:32:44,74,162,0.75,2.75,3.5,26.8,1.0,1.5,1.0,1.0,green,0.0,0.0,31.8,5.9,21.33
866,2025-08-12 19:29:31,2025-08-12 19:43:34,74,166,0.0,0.0,2.5,14.9,1.0,0.5,2.0,1.0,green,4.72,0.0,23.62,2.06,14.05
867,2025-08-29 15:44:23,2025-08-29 15:51:56,7,223,0.0,0.0,0.0,8.6,1.0,0.5,1.0,2.0,green,0.0,0.0,10.1,0.82,7.55
868,2025-08-25 21:45:19,2025-08-25 22:36:38,247,163,0.75,2.75,1.0,53.4,1.0,0.5,1.0,1.0,green,5.0,6.94,71.34,8.11,51.32
869,2025-08-05 16:09:07,2025-08-05 16:30:44,243,18,0.0,0.0,2.5,21.2,1.0,1.5,1.0,2.0,green,0.0,0.0,25.2,3.3,21.62
870,2025-08-25 17:23:00,2025-08-25 17:35:07,42,75,0.0,0.0,2.5,14.2,1.0,0.5,1.0,2.0,green,0.0,0.0,18.2,2.42,12.12
871,2025-08-22 14:27:52,2025-08-22 14:55:52,95,191,0.0,0.0,0.0,30.3,1.0,0.5,1.0,2.0,green,0.0,0.0,31.8,6.18,28.0
872,2025-08-28 06:03:56,2025-08-28 06:13:24,74,75,0.0,0.0,0.0,11.4,1.0,0.5,1.0,2.0,green,0.0,0.0,12.9,1.59,9.47
873,2025-08-11 12:25:21,2025-08-11 12:42:32,74,262,0.0,2.75,0.0,17.7,1.0,0.5,1.0,1.0,green,4.39,0.0,26.34,2.9,17.18
874,2025-08-09 15:59:20,2025-08-09 16:23:26,75,164,0.75,2.75,0.0,23.3,1.0,0.5,1.0,1.0,green,2.0,0.0,30.3,3.74,24.1
875,2025-08-20 21:37:07,2025-08-20 21:49:16,75,262,0.0,2.75,1.0,13.5,1.0,0.5,1.0,1.0,green,3.75,0.0,22.5,2.04,12.15
876,2025-08-20 19:43:16,2025-08-20 19:55:26,74,24,0.0,0.0,2.5,12.8,1.0,0.5,1.0,1.0,green,3.02,0.0,19.82,1.66,12.17
877,2025-08-29 00:29:24,2025-08-29 00:53:38,93,181,0.0,0.0,1.0,49.9,1.0,0.5,2.0,1.0,green,10.48,0.0,62.88,12.69,24.23
878,2025-08-20 05:35:28,2025-08-20 05:43:04,74,75,0.0,0.0,1.0,10.7,1.0,0.5,1.0,1.0,green,2.64,0.0,15.84,1.88,7.6
879,2025-08-27 17:24:31,2025-08-27 17:37:26,43,238,0.0,2.75,2.5,12.1,1.0,0.5,1.0,1.0,green,3.77,0.0,22.62,1.34,12.92
880,2025-08-21 18:16:38,2025-08-21 18:47:30,65,91,0.0,0.0,2.5,32.4,1.0,0.5,3.0,1.0,green,9.1,0.0,45.5,5.66,30.87
881,2025-08-20 15:38:17,2025-08-20 15:52:57,43,237,0.0,2.75,0.0,15.6,1.0,0.5,1.0,1.0,green,2.98,0.0,22.83,2.16,14.67
882,2025-08-03 18:54:56,2025-08-03 19:50:21,129,118,0.0,0.0,0.0,80.0,1.0,0.5,1.0,1.0,green,0.0,0.0,81.5,19.99,55.42
883,2025-08-03 13:44:17,2025-08-03 13:48:19,41,41,0.0,0.0,0.0,6.5,1.0,0.5,1.0,1.0,green,1.6,0.0,9.6,0.7,4.03
884,2025-08-05 07:31:18,2025-08-05 07:48:11,33,249,0.75,2.75,0.0,19.8,1.0,0.5,1.0,1.0,green,4.46,0.0,29.26,3.89,16.88
885,2025-08-24 09:40:14,2025-08-24 09:46:34,74,42,0.0,0.0,0.0,7.9,1.0,0.5,1.0,2.0,green,0.0,0.0,9.4,0.82,6.33
886,2025-08-23 12:23:15,2025-08-23 12:26:49,97,181,0.0,0.0,0.0,5.8,1.0,0.5,1.0,1.0,green,1.82,0.0,9.12,0.61,3.57
887,2025-08-06 10:56:12,2025-08-06 11:03:16,75,74,0.0,0.0,0.0,9.3,1.0,0.5,1.0,1.0,green,1.62,0.0,12.42,1.29,7.07
888,2025-08-21 09:04:33,2025-08-21 09:14:10,75,75,0.0,0.0,0.0,9.3,1.0,0.5,1.0,2.0,green,0.0,0.0,10.8,0.92,9.62
889,2025-08-20 16:01:02,2025-08-20 16:08:18,95,95,0.0,0.0,2.5,8.6,1.0,0.5,3.0,1.0,green,1.0,0.0,13.6,1.21,7.27
890,2025-08-23 18:57:23,2025-08-23 19:02:02,41,166,0.0,0.0,0.0,6.5,1.0,0.5,1.0,2.0,green,0.0,0.0,8.0,0.7,4.65
891,2025-08-31 23:52:00,2025-09-01 00:09:46,93,223,0.0,0.0,1.0,35.2,1.0,0.5,1.0,1.0,green,4.0,0.0,41.7,8.52,17.77
892,2025-08-13 13:41:54,2025-08-13 13:48:05,75,41,0.0,0.0,0.0,8.6,1.0,0.5,1.0,2.0,green,0.0,0.0,10.1,1.22,6.18
893,2025-08-14 06:03:33,2025-08-14 06:14:34,74,140,0.0,2.75,0.0,17.7,1.0,0.5,1.0,1.0,green,4.39,0.0,26.34,3.63,11.02
894,2025-08-16 15:35:24,2025-08-16 15:45:02,74,75,0.0,0.0,0.0,10.7,1.0,0.5,1.0,1.0,green,2.44,0.0,14.64,1.28,9.63
895,2025-08-21 18:16:51,2025-08-21 18:27:34,82,70,0.0,0.0,2.5,14.9,1.0,0.5,1.0,1.0,green,3.78,0.0,22.68,2.96,10.72
896,2025-08-26 23:47:05,2025-08-27 00:00:57,244,238,0.0,2.75,1.0,22.6,1.0,0.5,1.0,1.0,green,1.0,0.0,28.85,4.92,13.87
897,2025-08-18 01:25:15,2025-08-18 01:30:49,244,243,0.0,0.0,1.0,8.6,1.0,0.5,1.0,2.0,green,0.0,0.0,11.1,1.27,5.57
898,2025-08-23 00:45:15,2025-08-23 00:53:20,95,28,0.0,0.0,1.0,12.1,1.0,0.5,1.0,1.0,green,2.92,0.0,17.52,2.28,8.08
899,2025-08-31 12:24:22,2025-08-31 12:28:43,41,42,0.0,0.0,0.0,6.5,1.0,0.5,1.0,2.0,green,0.0,0.0,8.0,0.81,4.35
900,2025-08-17 01:43:29,2025-08-18 00:37:58,255,79,0.75,2.75,1.0,19.1,1.0,0.5,1.0,1.0,green,0.0,0.0,25.1,0.0,1374.48
901,2025-08-01 17:07:33,2025-08-01 17:26:17,74,24,0.0,0.0,2.5,17.7,1.0,0.5,3.0,1.0,green,4.34,0.0,26.04,1.98,18.73
902,2025-08-17 00:21:23,2025-08-17 00:37:58,255,17,0.0,0.0,1.0,14.2,1.0,0.5,1.0,1.0,green,3.34,0.0,20.04,0.0,16.58
903,2025-08-10 04:31:18,2025-08-10 04:31:23,129,129,0.0,0.0,0.0,19.0,1.0,0.0,2.0,3.0,green,0.0,0.0,20.0,0.0,0.08
904,2025-08-24 18:45:49,2025-08-24 19:05:50,82,9,0.0,0.0,0.0,29.6,1.0,0.5,6.0,2.0,green,0.0,0.0,31.1,6.54,20.02
905,2025-08-26 00:11:16,2025-08-26 00:18:24,74,75,0.0,0.0,1.0,9.3,1.0,0.5,1.0,1.0,green,0.59,0.0,12.39,1.53,7.13
906,2025-08-06 07:46:49,2025-08-06 07:46:51,166,264,0.0,0.0,0.0,15.0,1.0,0.0,1.0,1.0,green,0.0,0.0,16.0,0.0,0.03
907,2025-08-24 18:37:46,2025-08-24 18:51:37,74,236,0.0,2.75,0.0,14.9,1.0,0.5,1.0,2.0,green,0.0,0.0,19.15,2.38,13.85
908,2025-08-08 10:42:17,2025-08-08 11:10:42,41,243,0.0,0.0,0.0,31.7,1.0,0.5,1.0,1.0,green,4.5,0.0,37.7,5.83,28.42
909,2025-08-23 11:35:33,2025-08-23 11:43:12,97,189,0.0,0.0,0.0,9.3,1.0,0.5,1.0,1.0,green,2.16,0.0,12.96,0.97,7.65
910,2025-08-28 23:04:06,2025-08-28 23:13:19,25,181,0.0,0.0,1.0,10.0,1.0,0.5,2.0,2.0,green,0.0,0.0,12.5,1.24,9.22
911,2025-08-20 12:22:02,2025-08-20 12:24:49,75,236,0.0,2.75,0.0,5.8,1.0,0.5,1.0,1.0,green,2.01,0.0,12.06,0.76,2.78
912,2025-08-15 08:44:34,2025-08-15 09:00:26,74,166,0.0,0.0,0.0,15.6,1.0,1.5,0.0,1.0,green,3.4,0.0,20.5,2.1,15.87
913,2025-08-14 22:44:08,2025-08-14 22:58:39,74,141,0.0,2.75,1.0,17.0,1.0,0.5,1.0,1.0,green,3.34,0.0,25.59,3.05,14.52
914,2025-08-06 11:03:48,2025-08-06 11:09:52,75,74,0.0,0.0,0.0,7.9,1.0,0.5,6.0,1.0,green,2.35,0.0,11.75,1.2,6.07
915,2025-08-13 10:52:11,2025-08-13 10:58:56,244,244,0.0,0.0,0.0,7.2,1.0,0.5,3.0,1.0,green,1.74,0.0,10.44,0.47,6.75
916,2025-08-21 11:34:47,2025-08-21 11:44:57,95,95,0.0,0.0,0.0,10.0,1.0,0.5,1.0,2.0,green,0.0,0.0,11.5,0.58,10.17
917,2025-08-02 00:58:41,2025-08-02 01:04:59,74,41,0.0,0.0,1.0,7.9,1.0,0.5,1.0,1.0,green,0.0,0.0,10.4,0.86,6.3
918,2025-08-11 08:46:03,2025-08-11 08:49:49,75,75,0.0,0.0,0.0,6.5,1.0,0.5,5.0,1.0,green,1.6,0.0,9.6,0.89,3.77
919,2025-08-10 19:34:49,2025-08-10 19:48:53,244,116,0.0,0.0,0.0,14.2,1.0,0.5,6.0,2.0,green,0.0,0.0,15.7,1.9,14.07
920,2025-08-02 20:37:11,2025-08-02 20:45:38,97,33,0.0,0.0,1.0,9.3,1.0,0.5,1.0,1.0,green,2.36,0.0,14.16,1.13,8.45
921,2025-08-08 21:08:02,2025-08-08 21:17:00,74,141,0.0,2.75,1.0,12.8,1.0,0.5,1.0,1.0,green,5.42,0.0,23.47,2.68,8.97
922,2025-09-20 20:06:51,2025-09-20 20:29:37,173,74,0.0,0.0,0.0,85.0,1.0,0.0,3.0,1.0,green,0.0,0.0,86.0,8.54,22.77
923,2025-09-10 16:34:23,2025-09-10 16:54:38,74,237,0.0,2.75,2.5,19.1,1.0,0.5,2.0,2.0,green,0.0,0.0,25.85,2.72,20.25
924,2025-09-27 14:15:14,2025-09-27 14:24:13,41,74,0.0,0.0,0.0,9.3,1.0,0.5,1.0,2.0,green,0.0,0.0,10.8,0.82,8.98
925,2025-09-15 14:31:53,2025-09-15 14:38:12,75,74,0.0,0.0,0.0,8.6,1.0,0.5,1.0,1.0,green,2.02,0.0,12.12,1.33,6.32
926,2025-09-17 21:02:06,2025-09-17 21:19:44,93,255,0.0,0.0,0.0,50.0,1.0,0.0,1.0,1.0,green,5.0,0.0,56.0,9.46,17.63
927,2025-09-19 18:28:51,2025-09-19 19:07:51,129,130,0.0,0.0,2.5,35.9,1.0,0.5,2.0,2.0,green,0.0,0.0,39.9,5.4,39.0
928,2025-09-04 20:45:13,2025-09-04 21:13:04,130,162,0.75,2.75,0.0,65.0,1.0,0.0,1.0,1.0,green,10.0,6.94,86.44,12.88,27.85
929,2025-09-28 13:35:28,2025-09-28 13:48:49,7,226,0.0,0.0,0.0,14.2,1.0,0.5,1.0,2.0,green,0.0,0.0,15.7,2.19,13.35
930,2025-09-22 17:45:18,2025-09-22 17:55:55,223,223,0.0,0.0,2.5,10.7,1.0,0.5,1.0,1.0,green,4.41,0.0,19.11,1.3,10.62
931,2025-09-05 00:33:14,2025-09-05 00:54:49,93,65,0.0,0.0,1.0,42.2,1.0,0.5,1.0,1.0,green,8.94,0.0,53.64,11.07,21.58
932,2025-09-25 11:23:42,2025-09-25 11:28:30,74,74,0.0,0.0,0.0,7.2,1.0,1.5,1.0,2.0,green,0.0,0.0,8.7,1.0,4.8
933,2025-09-02 18:33:38,2025-09-02 19:01:37,244,48,0.75,2.75,2.5,39.4,1.0,0.5,1.0,2.0,green,0.0,0.0,46.9,8.58,27.98
934,2025-09-29 15:38:22,2025-09-29 15:56:24,75,244,0.0,0.0,0.0,21.2,1.0,0.5,6.0,2.0,green,0.0,0.0,22.7,4.13,18.03
935,2025-09-06 07:53:34,2025-09-06 07:54:45,74,75,0.0,0.0,0.0,4.4,1.0,0.5,1.0,2.0,green,0.0,0.0,5.9,0.5,1.18
936,2025-09-12 06:43:13,2025-09-12 07:14:57,92,226,0.0,0.0,0.0,38.7,1.0,0.5,2.0,1.0,green,5.0,0.0,45.2,8.45,31.73
937,2025-09-22 17:32:02,2025-09-22 17:41:07,166,239,0.0,2.75,2.5,11.4,1.0,0.5,1.0,1.0,green,3.63,0.0,21.78,1.64,9.08
938,2025-09-09 21:41:29,2025-09-09 21:48:34,95,95,0.0,0.0,1.0,8.6,1.0,0.5,1.0,1.0,green,1.0,0.0,12.1,1.02,7.08
939,2025-09-23 15:03:45,2025-09-23 15:11:35,69,167,0.0,0.0,0.0,8.6,1.0,0.5,1.0,1.0,green,1.08,0.0,11.18,0.96,7.83
940,2025-09-27 12:20:40,2025-09-27 12:30:51,166,42,0.0,0.0,0.0,11.4,1.0,0.5,1.0,2.0,green,0.0,0.0,12.9,1.67,10.18
941,2025-09-16 10:20:36,2025-09-16 10:37:22,61,61,0.0,0.0,0.0,16.3,1.0,0.5,2.0,2.0,green,0.0,0.0,17.8,2.05,16.77
942,2025-09-26 17:42:36,2025-09-26 17:50:44,55,55,0.0,0.0,2.5,10.0,1.0,1.5,0.0,2.0,green,0.0,0.0,14.0,1.3,8.13
943,2025-09-03 10:40:19,2025-09-03 10:47:43,166,151,0.0,0.0,0.0,7.2,1.0,0.5,1.0,2.0,green,0.0,0.0,8.7,0.91,7.4
944,2025-09-20 22:17:08,2025-09-20 22:30:22,74,238,0.0,2.75,1.0,15.6,1.0,0.5,1.0,1.0,green,4.17,0.0,25.02,2.89,13.23
945,2025-09-04 08:40:17,2025-09-04 08:52:42,74,42,0.0,0.0,0.0,12.8,1.0,0.5,1.0,1.0,green,2.86,0.0,17.16,1.29,12.42
946,2025-09-04 18:50:20,2025-09-04 19:18:56,95,171,0.0,0.0,2.5,35.2,1.0,0.5,1.0,1.0,green,7.84,0.0,47.04,6.9,28.6
947,2025-09-09 16:35:49,2025-09-09 16:55:33,74,236,0.0,2.75,2.5,19.1,1.0,0.5,1.0,1.0,green,5.17,0.0,31.02,2.2,19.73
948,2025-09-01 16:35:16,2025-09-01 16:46:47,66,65,0.0,0.0,2.5,12.1,1.0,0.5,1.0,1.0,green,3.22,0.0,19.32,1.39,11.52
949,2025-09-22 17:59:36,2025-09-22 18:18:26,97,33,0.0,0.0,2.5,17.7,1.0,1.5,0.0,2.0,green,0.0,0.0,21.7,2.0,18.83
950,2025-09-27 02:43:06,2025-09-27 02:43:14,17,17,0.0,0.0,0.0,34.0,1.0,0.0,2.0,1.0,green,0.0,0.0,35.0,0.0,0.13
951,2025-09-28 08:59:02,2025-09-28 09:06:47,74,166,0.0,0.0,0.0,10.0,1.0,0.5,1.0,2.0,green,0.0,0.0,11.5,1.43,7.75
952,2025-09-21 17:33:34,2025-09-21 17:42:48,95,28,0.0,0.0,0.0,11.4,1.0,0.5,1.0,1.0,green,3.22,0.0,16.12,1.69,9.23
953,2025-09-01 14:57:43,2025-09-01 15:12:07,97,181,0.0,0.0,0.0,14.2,1.0,0.5,1.0,1.0,green,3.14,0.0,18.84,2.08,14.4
954,2025-09-29 16:32:28,2025-09-29 16:54:47,74,238,0.0,2.75,5.25,19.1,1.0,1.5,1.0,1.0,green,5.17,0.0,31.02,3.2,22.32
955,2025-09-26 10:54:31,2025-09-26 11:18:21,166,90,0.75,2.75,0.0,31.0,1.0,0.5,1.0,1.0,green,9.0,0.0,45.0,6.51,23.83
956,2025-09-19 01:05:57,2025-09-19 01:09:04,157,157,0.0,0.0,0.0,14.0,1.0,0.0,1.0,1.0,green,3.0,0.0,18.0,0.54,3.12
957,2025-09-01 17:11:56,2025-09-01 17:26:43,93,138,0.0,0.0,7.5,21.9,1.0,1.5,1.0,1.0,green,0.0,0.0,30.9,4.8,14.78
958,2025-09-18 10:26:52,2025-09-18 10:45:29,74,142,0.0,2.75,0.0,19.1,1.0,0.5,1.0,1.0,green,1.88,0.0,25.23,3.64,18.62
959,2025-09-01 22:03:59,2025-09-01 22:31:53,93,33,0.0,0.0,0.0,69.0,1.0,0.0,2.0,1.0,green,10.0,0.0,80.0,12.42,27.9
960,2025-09-26 23:34:51,2025-09-26 23:49:55,74,239,0.0,2.75,1.0,18.4,1.0,0.5,1.0,1.0,green,4.73,0.0,28.38,3.5,15.07
961,2025-09-23 16:35:51,2025-09-23 16:53:03,74,239,0.0,2.75,2.5,19.8,1.0,0.5,1.0,1.0,green,1.0,0.0,27.55,3.65,17.2
962,2025-09-30 07:52:13,2025-09-30 08:07:19,74,166,0.0,0.0,0.0,14.9,1.0,0.5,1.0,1.0,green,3.28,0.0,19.68,1.93,15.1
963,2025-09-27 15:46:21,2025-09-27 16:17:28,41,90,0.75,2.75,3.5,35.2,1.0,1.5,2.0,1.0,green,8.0,0.0,48.2,7.4,31.12
964,2025-09-07 00:29:50,2025-09-07 00:53:57,93,16,0.0,0.0,1.0,40.1,1.0,0.5,2.0,1.0,green,0.0,0.0,42.6,9.46,24.12
965,2025-09-12 09:32:42,2025-09-12 09:46:31,74,138,0.0,0.0,5.0,28.9,1.0,0.5,1.0,1.0,green,0.0,6.94,42.34,6.87,13.82
966,2025-09-25 11:23:52,2025-09-25 11:36:09,75,142,0.0,2.75,0.0,13.5,1.0,0.5,1.0,1.0,green,1.78,0.0,19.53,2.18,12.28
967,2025-09-14 14:04:40,2025-09-14 14:18:59,82,138,0.0,0.0,5.0,21.2,1.0,0.5,1.0,1.0,green,0.0,0.0,27.7,4.71,14.32
968,2025-09-19 23:35:01,2025-09-19 23:40:28,61,61,0.0,0.0,1.0,7.9,1.0,0.5,1.0,1.0,green,2.6,0.0,13.0,1.16,5.45
969,2025-09-30 22:04:20,2025-09-30 22:09:58,7,7,0.0,0.0,1.0,7.2,1.0,0.5,1.0,1.0,green,1.94,0.0,11.64,0.83,5.63
970,2025-09-13 21:17:37,2025-09-13 21:28:44,93,260,0.0,0.0,1.0,22.6,1.0,0.5,1.0,2.0,green,0.0,0.0,25.1,5.39,11.12
971,2025-09-07 10:43:59,2025-09-07 10:52:46,97,181,0.0,0.0,0.0,11.4,1.0,0.5,2.0,1.0,green,3.22,0.0,16.12,1.48,8.78
972,2025-09-23 16:27:22,2025-09-23 16:43:34,74,166,0.0,0.0,2.5,15.6,1.0,0.5,1.0,2.0,green,0.0,0.0,19.6,1.9,16.2
973,2025-09-11 16:06:50,2025-09-11 16:18:54,74,41,0.0,0.0,2.5,12.1,1.0,0.5,1.0,1.0,green,5.0,0.0,21.1,1.53,12.07
974,2025-09-23 07:13:44,2025-09-23 07:25:43,74,166,0.0,0.0,0.0,13.5,1.0,0.5,1.0,1.0,green,0.0,0.0,15.0,2.07,11.98
975,2025-09-11 17:19:33,2025-09-11 17:28:30,134,135,0.0,0.0,2.5,10.7,1.0,0.5,1.0,1.0,green,4.41,0.0,19.11,1.58,8.95
976,2025-09-15 14:35:48,2025-09-15 14:52:19,75,237,0.0,2.75,0.0,17.0,1.0,0.5,1.0,2.0,green,0.0,0.0,21.25,2.21,16.52
977,2025-09-08 17:17:13,2025-09-08 17:32:49,95,135,0.0,0.0,2.5,13.5,1.0,0.5,1.0,2.0,green,0.0,0.0,17.5,0.0,15.6
978,2025-09-29 18:23:49,2025-09-29 18:42:18,74,141,0.0,2.75,2.5,17.0,1.0,0.5,1.0,1.0,green,4.75,0.0,28.5,2.61,18.48
979,2025-09-10 17:02:21,2025-09-10 17:07:46,43,43,0.0,0.0,2.5,7.2,1.0,0.5,1.0,1.0,green,2.24,0.0,13.44,0.77,5.42
980,2025-09-03 15:31:02,2025-09-03 15:32:22,74,74,0.0,0.0,0.0,3.7,1.0,0.5,1.0,2.0,green,0.0,0.0,5.2,0.03,1.33
981,2025-09-26 17:12:56,2025-09-26 17:17:45,55,55,0.0,0.0,2.5,7.2,1.0,1.5,0.0,2.0,green,0.0,0.0,11.2,0.9,4.82
982,2025-09-25 09:40:04,2025-09-25 09:57:34,74,75,0.0,0.0,0.0,16.3,1.0,0.5,6.0,1.0,green,3.56,0.0,21.36,1.69,17.5
983,2025-09-11 09:48:26,2025-09-11 10:12:16,42,48,0.75,2.75,0.0,31.7,1.0,0.5,1.0,1.0,green,7.34,0.0,44.04,6.19,23.83
984,2025-09-06 23:05:52,2025-09-06 23:16:15,25,45,0.75,2.75,1.0,13.5,1.0,0.5,2.0,1.0,green,0.0,0.0,19.5,2.25,10.38
985,2025-09-03 17:59:22,2025-09-03 18:12:43,7,193,0.0,0.0,2.5,13.5,1.0,0.5,1.0,1.0,green,3.5,0.0,21.0,2.05,13.35
986,2025-09-17 16:28:36,2025-09-17 16:44:59,97,181,0.0,0.0,2.5,14.9,1.0,0.5,1.0,1.0,green,4.72,0.0,23.62,1.16,16.38
987,2025-09-13 18:28:44,2025-09-13 18:57:19,97,237,0.0,2.75,0.0,36.6,1.0,0.5,1.0,1.0,green,5.0,0.0,45.85,8.56,28.58
988,2025-09-10 22:14:18,2025-09-11 00:00:00,247,256,0.75,2.75,1.0,49.2,1.0,0.5,1.0,2.0,green,0.0,0.0,55.2,12.18,105.7
989,2025-09-23 18:25:26,2025-09-23 18:36:54,95,135,0.0,0.0,2.5,14.2,1.0,0.5,1.0,1.0,green,2.0,0.0,20.2,2.6,11.47
990,2025-09-04 15:34:55,2025-09-04 15:40:25,7,7,0.0,0.0,0.0,7.2,1.0,0.5,1.0,2.0,green,0.0,0.0,8.7,0.85,5.5
991,2025-09-20 20:09:12,2025-09-20 20:15:39,226,226,0.0,0.0,1.0,7.2,1.0,0.5,1.0,2.0,green,0.0,0.0,9.7,0.76,6.45
992,2025-09-01 09:11:52,2025-09-01 09:18:02,70,92,0.0,0.0,0.0,10.7,1.0,0.5,1.0,2.0,green,0.0,0.0,12.2,2.01,6.17
993,2025-09-07 15:32:45,2025-09-07 15:52:31,74,142,0.0,2.75,0.0,21.9,1.0,0.5,1.0,1.0,green,5.23,0.0,31.38,3.6,19.77
994,2025-09-07 13:54:27,2025-09-07 14:12:29,166,142,0.0,2.75,0.0,18.4,1.0,0.5,1.0,1.0,green,4.53,0.0,27.18,2.42,18.03
995,2025-09-23 08:17:15,2025-09-23 08:30:15,74,166,0.0,0.0,0.0,13.5,1.0,0.5,1.0,1.0,green,3.0,0.0,18.0,1.7,13.0
996,2025-09-21 21:27:16,2025-09-21 21:43:06,74,239,0.0,2.75,1.0,19.1,1.0,0.5,1.0,1.0,green,3.0,0.0,27.35,3.32,15.83
997,2025-09-29 17:14:45,2025-09-29 17:21:12,210,29,0.0,0.0,2.5,7.9,1.0,0.5,1.0,1.0,green,2.0,0.0,13.9,0.97,6.45
998,2025-09-19 18:19:38,2025-09-19 18:35:03,43,237,0.0,2.75,2.5,14.9,1.0,0.5,1.0,1.0,green,5.41,0.0,27.06,1.74,15.42
999,2025-09-30 06:57:27,2025-09-30 06:57:38,74,74,0.0,0.0,0.0,3.0,1.0,0.5,1.0,2.0,green,0.0,0.0,4.5,0.0,0.18
1000,2025-09-18 16:36:28,2025-09-18 16:51:17,82,138,0.0,0.0,7.5,18.4,1.0,0.5,1.0,1.0,green,0.0,0.0,27.4,3.76,14.82
1001,2025-09-16 12:57:53,2025-09-16 13:02:51,244,244,0.0,0.0,0.0,6.5,1.0,0.5,1.0,1.0,green,1.2,0.0,9.2,0.63,4.97
1002,2025-09-19 20:10:58,2025-09-19 20:23:27,97,61,0.0,0.0,1.0,14.2,1.0,0.5,1.0,1.0,green,3.34,0.0,20.04,2.35,12.48
1003,2025-09-23 16:08:41,2025-09-23 16:37:49,74,237,0.75,2.75,2.5,26.8,1.0,0.5,2.0,1.0,green,6.86,0.0,41.16,3.45,29.13
1004,2025-09-21 14:38:18,2025-09-21 14:54:52,74,138,0.0,0.0,5.0,28.2,1.0,0.5,1.0,4.0,green,0.0,6.94,41.64,6.55,16.57
1005,2025-09-04 18:00:56,2025-09-04 18:05:07,75,74,0.0,0.0,2.5,7.9,1.0,0.5,1.0,1.0,green,2.38,0.0,14.28,1.39,4.18
1006,2025-09-26 17:23:26,2025-09-26 17:37:27,83,138,0.0,0.0,7.5,21.2,1.0,0.5,1.0,1.0,green,7.55,0.0,37.75,4.85,14.02
1007,2025-09-15 18:39:47,2025-09-15 18:47:30,75,263,0.0,2.75,2.5,8.6,1.0,0.5,1.0,1.0,green,1.65,0.0,17.0,0.89,7.72
1008,2025-09-18 16:41:21,2025-09-18 17:12:01,223,237,0.0,2.75,2.5,26.1,1.0,0.5,1.0,2.0,green,0.0,0.0,32.85,3.76,30.67
1009,2025-09-08 16:36:59,2025-09-08 16:59:18,74,237,0.0,2.75,2.5,21.2,1.0,0.5,1.0,1.0,green,5.59,0.0,33.54,3.01,22.32
1010,2025-09-02 19:28:54,2025-09-02 19:48:23,95,28,0.0,0.0,2.5,20.5,1.0,0.5,1.0,1.0,green,5.0,0.0,29.5,3.04,19.48
1011,2025-09-09 16:36:24,2025-09-09 17:21:54,65,72,0.0,0.0,2.5,34.5,1.0,0.5,2.0,2.0,green,0.0,0.0,38.5,4.52,45.5
1012,2025-09-04 11:45:58,2025-09-04 12:08:53,130,205,0.0,0.0,0.0,23.3,1.0,0.5,1.0,1.0,green,0.0,0.0,24.8,3.58,22.92
1013,2025-09-21 15:41:57,2025-09-21 16:09:38,74,151,0.0,0.0,0.0,25.4,1.0,0.5,1.0,1.0,green,5.38,0.0,32.28,2.94,27.68
1014,2025-09-26 06:03:34,2025-09-26 06:49:10,260,226,0.0,0.0,0.0,49.2,1.0,0.5,1.0,2.0,green,0.0,0.0,50.7,8.66,45.6
1015,2025-09-21 13:50:14,2025-09-21 14:06:00,130,132,0.0,0.0,0.0,24.0,1.0,0.5,1.0,1.0,green,4.5,0.0,30.0,5.22,15.77
1016,2025-09-12 12:23:58,2025-09-12 12:38:32,97,17,0.0,0.0,0.0,14.2,1.0,1.5,0.0,1.0,green,4.0,0.0,19.7,2.1,14.57
1017,2025-09-12 19:34:48,2025-09-12 19:54:37,74,152,0.0,0.0,2.5,17.7,1.0,0.5,1.0,1.0,green,1.0,0.0,22.7,2.08,19.82
1018,2025-09-11 09:03:09,2025-09-11 09:15:18,197,134,0.0,0.0,0.0,12.8,1.0,0.5,1.0,1.0,green,5.0,0.0,19.3,1.87,12.15
1019,2025-09-28 10:43:28,2025-09-28 10:57:04,92,192,0.0,0.0,0.0,14.9,1.0,0.5,1.0,1.0,green,3.28,0.0,19.68,2.4,13.6
1020,2025-09-22 21:16:16,2025-09-22 21:22:55,42,42,0.0,0.0,1.0,8.6,1.0,0.5,1.0,1.0,green,3.33,0.0,14.43,1.14,6.65
1021,2025-09-08 09:59:22,2025-09-08 10:01:38,166,166,0.0,0.0,0.0,5.1,1.0,0.5,1.0,1.0,green,1.65,0.0,8.25,0.53,2.27
1022,2025-09-04 10:22:58,2025-09-04 10:27:30,75,236,0.0,2.75,0.0,6.5,1.0,0.5,1.0,1.0,green,2.69,0.0,13.44,0.68,4.53
1023,2025-09-17 16:28:41,2025-09-17 16:38:48,168,159,0.0,0.0,2.5,10.0,1.0,0.5,1.0,2.0,green,0.0,0.0,14.0,1.04,10.12
1024,2025-09-20 22:07:23,2025-09-21 21:19:51,82,129,0.0,0.0,1.0,12.8,1.0,0.5,1.0,1.0,green,3.06,0.0,18.36,1.57,1392.47
1025,2025-09-06 06:11:56,2025-09-06 06:24:31,82,70,0.0,0.0,0.0,20.0,1.0,0.0,1.0,1.0,green,4.2,0.0,25.2,3.41,12.58
1026,2025-09-30 11:38:37,2025-09-30 12:05:04,74,262,0.0,2.75,0.0,24.0,1.0,0.5,1.0,1.0,green,5.65,0.0,33.9,2.99,26.45
1027,2025-09-22 18:28:29,2025-09-22 18:41:55,66,45,0.75,2.75,2.5,17.7,1.0,0.5,1.0,1.0,green,3.0,0.0,28.2,3.52,13.43
1028,2025-09-04 09:29:28,2025-09-04 09:55:39,33,68,0.75,2.75,0.0,28.2,1.0,0.5,1.0,1.0,green,8.3,0.0,41.5,5.17,26.18
1029,2025-09-23 21:51:41,2025-09-23 22:02:34,95,95,0.0,0.0,1.0,11.4,1.0,0.5,1.0,1.0,green,2.0,0.0,15.9,1.72,10.88
1030,2025-09-05 09:44:06,2025-09-05 10:25:53,95,237,0.75,2.75,0.0,43.6,1.0,0.5,2.0,1.0,green,5.0,0.0,53.6,7.88,41.78
1031,2025-09-04 14:14:19,2025-09-04 14:23:24,7,146,0.0,0.0,0.0,10.7,1.0,0.5,1.0,1.0,green,3.0,0.0,15.2,1.42,9.08
1032,2025-09-28 10:37:34,2025-09-28 10:52:07,74,74,0.0,0.0,0.0,14.9,1.0,0.5,1.0,2.0,green,0.0,0.0,16.4,1.49,14.55
1033,2025-09-08 13:01:27,2025-09-08 13:19:06,74,238,0.0,2.75,0.0,18.4,1.0,0.5,1.0,1.0,green,5.66,0.0,28.31,2.63,17.65
1034,2025-09-18 18:23:30,2025-09-18 18:45:32,74,166,0.0,0.0,2.5,18.4,1.0,0.5,3.0,1.0,green,0.0,0.0,22.4,1.64,22.03
1035,2025-09-15 08:10:52,2025-09-15 08:18:45,116,244,0.0,0.0,0.0,10.0,1.0,0.5,1.0,2.0,green,0.0,0.0,11.5,1.18,7.88
1036,2025-09-01 18:29:55,2025-09-01 18:42:20,74,262,0.0,2.75,5.25,14.2,1.0,1.5,1.0,1.0,green,4.15,0.0,25.1,2.5,12.42
1037,2025-09-03 14:52:20,2025-09-03 15:12:02,74,41,0.0,0.0,0.0,17.7,1.0,0.5,2.0,1.0,green,3.84,0.0,23.04,1.51,19.7
1038,2025-09-29 13:28:13,2025-09-29 13:40:57,74,236,0.0,2.75,0.0,13.5,1.0,0.5,1.0,1.0,green,3.0,0.0,20.75,2.12,12.73
1039,2025-09-29 11:16:43,2025-09-29 11:34:55,130,196,0.0,0.0,0.0,23.3,1.0,0.5,2.0,1.0,green,0.0,0.0,24.8,4.36,18.2
1040,2025-09-22 10:43:00,2025-09-22 10:51:11,95,134,0.0,0.0,0.0,10.0,1.0,0.5,3.0,2.0,green,0.0,0.0,11.5,1.32,8.18
1041,2025-09-26 21:14:37,2025-09-26 21:25:34,74,237,0.0,2.75,1.0,14.9,1.0,0.5,1.0,1.0,green,2.0,0.0,22.15,2.92,10.95
1042,2025-09-03 21:12:30,2025-09-03 21:32:47,83,37,0.0,0.0,1.0,25.4,1.0,0.5,1.0,1.0,green,5.58,0.0,33.48,5.35,20.28
1043,2025-09-21 10:05:37,2025-09-21 10:20:09,65,188,0.0,0.0,0.0,18.4,1.0,0.5,2.0,1.0,green,4.98,0.0,24.88,3.25,14.53
1044,2025-09-15 20:14:09,2025-09-15 20:19:14,95,134,0.0,0.0,1.0,7.9,1.0,0.5,1.0,1.0,green,1.0,0.0,11.4,1.12,5.08
1045,2025-09-13 14:51:07,2025-09-13 15:01:20,95,28,0.0,0.0,0.0,14.2,1.0,0.5,1.0,2.0,green,0.0,0.0,15.7,2.68,10.22
1046,2025-09-26 22:33:25,2025-09-26 23:00:36,41,158,0.75,2.75,1.0,33.8,1.0,0.5,2.0,1.0,green,2.0,0.0,41.8,6.86,27.18
1047,2025-09-01 21:32:04,2025-09-01 21:45:22,74,140,0.0,2.75,1.0,15.6,1.0,0.5,1.0,1.0,green,2.0,0.0,22.85,3.01,13.3
1048,2025-09-26 20:55:30,2025-09-26 21:10:53,82,223,0.0,0.0,1.0,20.5,1.0,0.5,1.0,1.0,green,2.3,0.0,25.3,4.1,15.38
1049,2025-09-16 10:10:25,2025-09-16 10:17:05,166,74,0.0,0.0,0.0,7.9,1.0,0.5,1.0,1.0,green,1.0,0.0,10.4,1.04,6.67
1050,2025-09-29 08:41:42,2025-09-29 08:56:14,74,75,0.0,0.0,0.0,13.5,1.0,0.5,1.0,1.0,green,3.0,0.0,18.0,1.46,14.53
1051,2025-09-20 00:28:38,2025-09-20 00:52:51,255,223,0.0,0.0,1.0,32.4,1.0,0.5,1.0,1.0,green,6.98,0.0,41.88,6.65,24.22
1052,2025-09-01 18:33:34,2025-09-01 18:44:44,74,75,0.0,0.0,0.0,12.1,1.0,0.5,1.0,1.0,green,2.72,0.0,16.32,1.56,11.17
1053,2025-09-29 13:07:02,2025-09-29 13:13:39,41,43,0.0,0.0,0.0,7.9,1.0,0.5,2.0,1.0,green,0.08,0.0,9.48,0.61,6.62
1054,2025-09-09 17:34:39,2025-09-09 17:48:07,260,138,0.0,0.0,7.5,19.8,1.0,0.5,1.0,1.0,green,5.76,0.0,34.56,4.09,13.47
1055,2025-09-22 18:36:40,2025-09-22 18:44:18,210,210,0.0,0.0,2.5,8.6,1.0,0.5,1.0,1.0,green,2.52,0.0,15.12,1.0,7.63
1056,2025-09-28 20:54:19,2025-09-28 21:10:03,74,43,0.0,2.75,1.0,17.0,1.0,0.5,1.0,1.0,green,4.0,0.0,26.25,2.81,15.73
1057,2025-09-10 12:48:01,2025-09-10 13:04:58,74,236,0.0,2.75,0.0,16.3,1.0,0.5,1.0,2.0,green,0.0,0.0,20.55,1.87,16.95
1058,2025-09-25 22:27:24,2025-09-25 23:23:36,145,218,0.0,0.0,0.0,50.0,1.0,0.0,1.0,1.0,green,0.0,0.0,51.0,18.18,56.2
1059,2025-09-28 14:31:48,2025-09-28 14:44:00,75,41,0.0,0.0,0.0,13.5,1.0,0.5,1.0,1.0,green,3.0,0.0,18.0,1.83,12.2
1060,2025-09-10 10:17:58,2025-09-10 10:37:33,74,262,0.0,2.75,0.0,18.4,1.0,0.5,2.0,1.0,green,4.53,0.0,27.18,2.42,19.58
1061,2025-09-11 09:51:35,2025-09-11 10:02:31,41,151,0.0,0.0,0.0,12.1,1.0,0.5,2.0,1.0,green,2.72,0.0,16.32,1.63,10.93
1062,2025-09-05 13:28:21,2025-09-05 13:40:02,41,239,0.0,2.75,0.0,12.8,1.0,0.5,1.0,1.0,green,3.41,0.0,20.46,1.57,11.68
1063,2025-09-06 05:34:35,2025-09-06 05:55:09,157,142,0.0,2.75,0.0,65.0,1.0,0.0,1.0,1.0,green,13.75,0.0,82.5,6.65,20.57
1064,2025-09-25 15:22:28,2025-09-25 15:35:54,166,143,0.0,2.75,2.75,15.6,1.0,1.5,2.0,1.0,green,2.0,0.0,21.85,2.3,13.43
1065,2025-09-21 12:19:56,2025-09-21 12:50:26,193,95,0.0,0.0,0.0,40.1,1.0,0.5,3.0,2.0,green,0.0,0.0,41.6,8.54,30.5
1066,2025-09-17 16:02:54,2025-09-17 16:10:26,43,263,0.0,2.75,2.5,8.6,1.0,0.5,2.0,1.0,green,3.07,0.0,18.42,1.13,7.53
1067,2025-09-04 12:09:40,2025-09-04 12:15:57,166,151,0.0,0.0,0.0,8.6,1.0,0.5,1.0,1.0,green,2.52,0.0,12.62,1.02,6.28
1068,2025-09-26 17:45:34,2025-09-26 18:10:57,244,262,0.0,2.75,2.5,32.4,1.0,0.5,1.0,1.0,green,1.0,0.0,40.15,6.72,25.38
1069,2025-09-03 10:53:14,2025-09-03 11:28:57,146,48,0.75,2.75,0.0,31.0,1.0,0.5,1.0,1.0,green,15.0,0.0,51.0,3.47,35.72
1070,2025-09-04 16:27:21,2025-09-04 16:42:49,74,151,0.0,0.0,2.5,15.6,1.0,0.5,1.0,1.0,green,3.92,0.0,23.52,2.29,15.47
1071,2025-09-04 17:43:08,2025-09-04 18:18:24,33,14,0.0,0.0,2.5,35.2,1.0,0.5,1.0,1.0,green,4.8,0.0,44.0,6.07,35.27
1072,2025-09-22 15:29:54,2025-09-22 16:01:52,43,161,0.75,2.75,0.0,29.6,1.0,0.5,1.0,1.0,green,6.92,0.0,41.52,4.33,31.97
1073,2025-09-14 07:28:39,2025-09-14 07:54:38,195,65,0.0,0.0,0.0,27.5,1.0,0.5,1.0,1.0,green,5.8,0.0,34.8,5.12,25.98
1074,2025-09-24 15:34:47,2025-09-24 15:51:41,75,42,0.0,0.0,0.0,16.3,1.0,0.5,1.0,1.0,green,3.56,0.0,21.36,2.32,16.9
1075,2025-09-23 12:56:29,2025-09-23 13:42:59,145,132,0.0,0.0,0.0,63.9,1.0,0.5,2.0,1.0,green,0.0,0.0,65.4,15.56,46.5
1076,2025-09-17 15:14:13,2025-09-17 15:29:46,43,263,0.0,2.75,2.75,14.2,1.0,1.5,1.0,1.0,green,1.55,0.0,20.0,1.2,15.55
1077,2025-09-30 17:30:40,2025-09-30 17:42:44,74,236,0.0,2.75,2.5,12.8,1.0,0.5,1.0,1.0,green,3.91,0.0,23.46,2.04,12.07
1078,2025-09-12 20:11:17,2025-09-12 20:21:38,93,56,0.0,0.0,1.0,11.4,1.0,0.5,1.0,1.0,green,2.78,0.0,16.68,1.24,10.35
1079,2025-09-30 08:04:37,2025-09-30 08:35:30,166,162,0.75,2.75,0.0,28.9,1.0,0.5,1.0,1.0,green,5.08,0.0,38.98,4.41,30.88
1080,2025-09-26 12:37:50,2025-09-26 12:47:57,75,75,0.0,0.0,0.0,10.0,1.0,0.5,1.0,1.0,green,10.0,0.0,21.5,0.82,10.12
1081,2025-09-16 10:19:46,2025-09-16 10:20:03,145,145,0.0,0.0,0.0,3.0,1.0,1.5,1.0,2.0,green,0.0,0.0,4.5,0.0,0.28
1082,2025-09-26 13:28:15,2025-09-26 13:48:36,74,236,0.0,2.75,0.0,19.1,1.0,0.5,1.0,1.0,green,4.67,0.0,28.02,2.45,20.35
1083,2025-09-04 12:39:43,2025-09-04 13:05:57,244,68,0.75,2.75,3.5,38.0,1.0,1.5,1.0,1.0,green,10.75,0.0,53.75,8.0,26.23
1084,2025-09-18 05:19:49,2025-09-18 05:29:41,129,197,0.0,0.0,1.0,27.5,1.0,0.5,1.0,2.0,green,0.0,0.0,30.0,7.01,9.87
1085,2025-09-29 09:14:30,2025-09-29 09:31:44,74,237,0.0,2.75,0.0,17.0,1.0,0.5,1.0,1.0,green,2.0,0.0,23.25,2.63,17.23
1086,2025-09-03 10:57:19,2025-09-03 11:19:54,75,232,0.75,2.75,0.0,30.3,1.0,0.5,1.0,1.0,green,7.0,0.0,42.3,6.46,22.58
1087,2025-09-20 20:32:01,2025-09-20 21:01:54,95,145,0.0,0.0,1.0,39.4,1.0,0.5,1.0,1.0,green,0.0,0.0,41.9,8.25,29.88
1088,2025-09-03 19:10:13,2025-09-03 19:27:07,92,53,0.0,0.0,2.5,14.2,1.0,0.5,1.0,1.0,green,4.0,0.0,22.2,0.0,16.9
1089,2025-09-23 00:41:25,2025-09-23 00:47:38,134,135,0.0,0.0,1.0,10.0,1.0,0.5,1.0,2.0,green,0.0,0.0,12.5,1.68,6.22
1090,2025-09-13 12:05:30,2025-09-13 12:11:47,75,74,0.0,0.0,0.0,8.6,1.0,0.5,6.0,1.0,green,1.01,0.0,11.11,1.45,6.28
1091,2025-09-14 22:48:08,2025-09-14 22:56:54,82,157,0.0,0.0,1.0,10.0,1.0,0.5,1.0,2.0,green,0.0,0.0,12.5,1.36,8.77
1092,2025-09-14 05:00:10,2025-09-14 05:00:15,42,42,0.0,0.0,0.0,15.0,1.0,0.0,1.0,1.0,green,1.0,0.0,17.0,0.04,0.08
1093,2025-09-14 12:31:38,2025-09-14 12:48:59,74,93,0.0,0.0,0.0,31.7,1.0,0.5,1.0,1.0,green,8.03,6.94,48.17,7.62,17.35
1094,2025-09-02 09:36:23,2025-09-02 09:57:32,74,238,0.0,0.0,0.0,17.7,1.0,1.5,1.0,1.0,green,3.8,0.0,23.0,2.8,21.15
1095,2025-09-04 18:12:30,2025-09-04 18:12:37,74,74,0.0,0.0,5.0,70.0,0.3,0.5,1.0,2.0,green,0.0,0.0,75.8,0.0,0.12
1096,2025-09-17 23:18:47,2025-09-17 23:23:19,75,74,0.0,0.0,1.0,7.9,1.0,0.5,1.0,1.0,green,1.0,0.0,11.4,1.32,4.53
1097,2025-09-01 16:49:04,2025-09-01 17:24:17,93,132,0.0,0.0,0.0,90.0,1.0,0.0,1.0,1.0,green,2.0,0.0,93.0,12.88,35.22
1098,2025-09-14 02:01:19,2025-09-14 02:10:49,74,7,0.0,0.0,1.0,17.0,1.0,0.5,1.0,1.0,green,5.29,6.94,31.73,3.48,9.5
1099,2025-09-03 18:07:32,2025-09-03 18:22:27,74,236,0.0,2.75,2.5,14.9,1.0,0.5,1.0,1.0,green,4.33,0.0,25.98,1.7,14.92
1100,2025-09-21 12:32:54,2025-09-21 12:49:32,74,238,0.0,2.75,0.0,18.4,1.0,0.5,1.0,1.0,green,2.0,0.0,24.65,3.02,16.63
1101,2025-09-16 17:24:25,2025-09-16 17:25:12,236,75,0.0,0.0,2.5,3.0,1.0,0.5,2.0,2.0,green,0.0,0.0,7.0,0.0,0.78
1102,2025-10-23 22:07:26,2025-10-23 22:33:22,66,246,0.75,2.75,1.0,26.8,1.0,0.5,2.0,1.0,green,1.0,0.0,33.8,4.55,25.93
1103,2025-10-07 14:41:36,2025-10-07 14:53:45,95,28,0.0,0.0,0.0,14.2,1.0,0.5,1.0,2.0,green,0.0,0.0,15.7,2.07,12.15
1104,2025-10-03 20:44:04,2025-10-03 20:57:40,166,239,0.0,2.75,1.0,14.9,1.0,0.5,1.0,1.0,green,3.02,0.0,23.17,2.41,13.6
1105,2025-10-09 08:41:28,2025-10-09 08:50:54,236,141,0.0,2.75,0.0,11.4,1.0,0.5,5.0,1.0,green,3.91,0.0,19.56,1.85,9.43
1106,2025-10-23 16:58:55,2025-10-23 17:17:08,244,24,0.0,0.0,2.5,19.8,1.0,0.5,1.0,1.0,green,3.57,0.0,27.37,3.04,18.22
1107,2025-10-19 17:59:35,2025-10-19 18:40:16,74,37,0.0,0.0,0.0,66.0,1.0,0.5,1.0,1.0,green,14.89,6.94,89.33,16.69,40.68
1108,2025-10-14 13:22:35,2025-10-14 13:33:23,166,75,0.0,0.0,0.0,12.1,1.0,0.5,1.0,1.0,green,0.0,0.0,13.6,1.65,10.8
1109,2025-10-14 22:39:56,2025-10-14 22:47:58,75,143,0.0,2.5,1.0,12.1,1.0,0.5,1.0,1.0,green,1.71,0.0,18.81,2.38,8.03
1110,2025-10-21 18:43:57,2025-10-21 18:54:32,74,263,0.0,2.75,2.5,13.5,1.0,0.5,1.0,1.0,green,2.0,0.0,22.25,2.35,10.58
1111,2025-10-09 17:17:48,2025-10-09 17:30:29,130,134,0.0,0.0,2.5,12.8,1.0,0.5,2.0,1.0,green,4.2,0.0,21.0,1.74,12.68
1112,2025-10-06 20:48:50,2025-10-06 20:55:11,65,181,0.0,0.0,1.0,7.9,1.0,0.5,1.0,1.0,green,2.08,0.0,12.48,0.87,6.35
1113,2025-10-31 21:54:41,2025-10-31 22:12:01,52,228,0.0,0.0,1.0,18.4,1.0,0.5,1.0,1.0,green,4.18,0.0,25.08,2.98,17.33
1114,2025-10-08 07:02:28,2025-10-08 07:15:02,74,152,0.0,0.0,0.0,12.8,1.0,0.5,1.0,1.0,green,2.86,0.0,17.16,1.45,12.57
1115,2025-10-23 23:31:18,2025-10-23 23:38:22,134,135,0.0,0.0,1.0,9.3,1.0,0.5,1.0,2.0,green,0.0,0.0,11.8,1.17,7.07
1116,2025-10-30 20:48:34,2025-10-30 20:52:14,166,151,0.0,0.0,1.0,5.8,1.0,0.5,2.0,1.0,green,2.08,0.0,10.38,0.85,3.67
1117,2025-10-10 22:55:49,2025-10-10 23:25:18,82,131,0.0,0.0,1.0,52.7,1.0,0.5,1.0,1.0,green,2.0,0.0,57.2,13.18,29.48
1118,2025-10-03 15:41:26,2025-10-03 16:08:57,74,237,0.0,2.75,0.0,24.7,1.0,0.5,2.0,1.0,green,8.68,0.0,37.63,3.1,27.52
1119,2025-10-28 17:12:00,2025-10-28 17:24:59,95,95,0.0,0.0,2.5,13.5,1.0,0.5,1.0,2.0,green,0.0,0.0,17.5,1.54,12.98
1120,2025-10-30 14:01:05,2025-10-30 14:07:47,75,74,0.0,0.0,0.0,9.3,1.0,0.5,1.0,2.0,green,0.0,0.0,10.8,1.41,6.7
1121,2025-10-06 09:50:07,2025-10-06 10:02:14,75,262,0.0,2.75,2.75,12.1,1.0,1.5,1.0,1.0,green,3.27,0.0,19.62,1.9,12.12
1122,2025-10-02 16:35:32,2025-10-02 16:44:18,134,130,0.0,0.0,2.5,10.7,1.0,0.5,1.0,2.0,green,0.0,0.0,14.7,1.67,8.77
1123,2025-10-29 07:39:41,2025-10-29 07:47:55,74,42,0.0,0.0,0.0,9.3,1.0,0.5,1.0,1.0,green,2.16,0.0,12.96,1.1,8.23
1124,2025-10-15 06:04:18,2025-10-15 06:12:16,74,75,0.0,0.0,0.0,10.0,1.0,1.5,1.0,1.0,green,2.85,0.0,14.35,1.5,7.97
1125,2025-10-31 09:58:34,2025-10-31 10:05:25,55,29,0.0,0.0,0.0,8.6,1.0,0.5,1.0,1.0,green,2.02,0.0,12.12,1.12,6.85
1126,2025-10-16 21:05:26,2025-10-16 21:23:48,74,263,0.0,2.75,1.0,18.4,1.0,0.5,1.0,1.0,green,1.5,0.0,25.15,2.62,18.37
1127,2025-10-24 19:21:39,2025-10-24 19:40:14,24,239,0.0,2.75,2.5,14.9,1.0,0.5,1.0,2.0,green,0.0,0.0,21.65,1.93,18.58
1128,2025-10-28 22:13:06,2025-10-28 22:24:38,260,82,0.0,0.0,1.0,13.5,1.0,1.5,1.0,2.0,green,0.0,0.0,16.0,2.2,11.53
1129,2025-10-05 13:26:01,2025-10-05 13:48:16,65,34,0.0,0.0,0.0,19.1,1.0,0.5,2.0,1.0,green,6.18,0.0,26.78,2.5,22.25
1130,2025-10-13 13:15:48,2025-10-13 13:24:10,95,95,0.0,0.0,0.0,9.3,1.0,0.5,1.0,2.0,green,0.0,0.0,10.8,1.11,8.37
1131,2025-10-30 00:27:40,2025-10-30 00:38:59,75,142,0.75,2.75,1.0,14.9,1.0,0.5,1.0,1.0,green,4.18,0.0,25.08,2.93,11.32
1132,2025-10-17 19:28:03,2025-10-17 19:33:48,134,134,0.0,0.0,2.5,7.2,1.0,0.5,5.0,1.0,green,2.24,0.0,13.44,0.71,5.75
1133,2025-10-31 15:04:20,2025-10-31 15:04:25,42,42,0.0,0.0,0.0,3.0,1.0,0.5,1.0,1.0,green,3.0,0.0,7.5,0.0,0.08
1134,2025-10-05 20:47:31,2025-10-05 20:55:09,74,42,0.0,0.0,1.0,10.0,1.0,0.5,1.0,2.0,green,0.0,0.0,12.5,1.5,7.63
1135,2025-10-19 19:34:21,2025-10-19 19:47:10,260,179,0.0,0.0,0.0,14.2,1.0,0.5,2.0,1.0,green,3.14,0.0,18.84,2.24,12.82
1136,2025-10-08 16:18:11,2025-10-08 16:28:28,75,74,0.0,0.0,2.5,9.3,1.0,1.5,1.0,1.0,green,2.65,0.0,15.95,1.3,10.28
1137,2025-10-19 14:39:23,2025-10-19 14:45:49,41,166,0.0,0.0,0.0,7.2,1.0,1.5,1.0,1.0,green,1.7,0.0,10.4,0.5,6.43
1138,2025-10-03 20:46:43,2025-10-03 21:04:05,74,238,0.0,0.0,1.0,17.0,1.0,0.5,1.0,2.0,green,0.0,0.0,19.5,2.37,17.37
1139,2025-10-31 11:36:48,2025-10-31 11:43:59,33,33,0.0,0.0,0.0,7.9,1.0,0.5,1.0,2.0,green,0.0,0.0,9.4,0.76,7.18
1140,2025-10-20 10:37:11,2025-10-20 10:46:27,74,75,0.0,0.0,0.0,10.0,1.0,1.5,1.0,2.0,green,0.0,0.0,11.5,1.6,9.27
1141,2025-10-07 19:25:04,2025-10-07 19:36:15,24,236,0.0,2.75,2.5,12.8,1.0,0.5,1.0,1.0,green,3.91,0.0,23.46,2.07,11.18
1142,2025-10-21 09:36:43,2025-10-21 09:56:29,244,75,0.0,0.0,0.0,19.8,1.0,0.5,2.0,1.0,green,4.26,0.0,25.56,3.35,19.77
1143,2025-10-03 09:10:33,2025-10-03 09:56:26,195,132,0.0,0.0,0.0,97.5,1.0,1.5,0.0,1.0,green,0.0,0.0,99.0,26.4,45.88
1144,2025-10-11 16:23:03,2025-10-11 16:27:32,41,42,0.0,0.0,0.0,6.5,1.0,0.5,1.0,1.0,green,2.0,0.0,10.0,0.73,4.48
1145,2025-10-20 23:12:29,2025-10-20 23:25:23,166,42,0.0,0.0,1.0,15.6,1.0,1.5,1.0,2.0,green,0.0,0.0,18.1,2.5,12.9
1146,2025-10-15 07:20:40,2025-10-15 07:38:29,74,262,0.0,2.75,0.0,17.7,1.0,0.5,1.0,1.0,green,2.0,0.0,23.95,2.75,17.82
1147,2025-10-08 13:46:31,2025-10-08 14:10:28,244,138,0.0,0.0,5.0,45.7,1.0,0.5,1.0,1.0,green,11.83,6.94,70.97,11.23,23.95
1148,2025-10-23 12:08:28,2025-10-23 12:38:03,43,161,0.75,2.75,0.0,24.7,1.0,0.5,2.0,1.0,green,5.94,0.0,35.64,2.33,29.58
1149,2025-10-06 01:31:06,2025-10-06 01:58:57,75,255,0.75,2.75,1.0,43.6,1.0,0.5,1.0,1.0,green,14.88,0.0,64.48,9.72,27.85
1150,2025-10-03 18:54:00,2025-10-03 19:04:34,82,129,0.0,0.0,2.5,14.2,1.0,0.5,1.0,1.0,green,3.64,0.0,21.84,2.67,10.57
1151,2025-10-21 14:54:24,2025-10-21 15:16:49,166,68,0.75,2.75,0.0,28.2,1.0,0.5,1.0,1.0,green,6.64,0.0,39.84,5.83,22.42
1152,2025-10-29 18:10:12,2025-10-29 18:27:51,74,24,0.0,0.0,2.5,17.0,1.0,0.5,3.0,1.0,green,6.3,0.0,27.3,2.28,17.65
1153,2025-10-30 09:02:14,2025-10-30 09:15:38,74,236,0.0,2.75,0.0,13.5,1.0,0.5,1.0,1.0,green,3.55,0.0,21.3,1.76,13.4
1154,2025-10-22 23:39:21,2025-10-22 23:49:16,95,95,0.0,0.0,1.0,12.8,1.0,0.5,1.0,1.0,green,3.06,0.0,18.36,2.03,9.92
1155,2025-10-06 07:10:10,2025-10-06 07:29:34,74,236,0.0,2.75,0.0,17.7,1.0,0.5,1.0,1.0,green,4.39,0.0,26.34,2.08,19.4
1156,2025-10-19 11:43:13,2025-10-19 11:52:15,42,74,0.0,0.0,0.0,10.0,1.0,0.5,1.0,2.0,green,0.0,0.0,11.5,1.48,9.03
1157,2025-10-12 23:37:49,2025-10-12 23:49:51,97,209,0.75,2.75,1.0,15.6,1.0,0.5,1.0,1.0,green,2.08,0.0,23.68,2.7,12.03
1158,2025-10-26 09:23:32,2025-10-26 09:33:14,195,195,0.0,0.0,0.0,10.0,1.0,0.5,1.0,2.0,green,0.0,0.0,11.5,1.01,9.7
1159,2025-10-23 20:20:40,2025-10-23 20:21:11,55,264,0.0,0.0,0.0,10.0,1.0,0.0,1.0,1.0,green,0.0,0.0,11.0,0.01,0.52
1160,2025-10-09 05:36:38,2025-10-09 05:50:50,74,230,0.75,2.75,4.5,19.8,1.0,1.5,1.0,1.0,green,1.55,0.0,27.35,4.5,14.2
1161,2025-10-28 08:14:34,2025-10-28 08:23:26,166,238,0.0,2.75,2.75,12.8,1.0,1.5,2.0,1.0,green,15.0,0.0,32.05,2.6,8.87
1162,2025-10-29 09:04:02,2025-10-29 09:16:17,74,166,0.0,0.0,0.0,12.1,1.0,0.5,1.0,2.0,green,0.0,0.0,13.6,1.63,12.25
1163,2025-10-07 08:49:32,2025-10-07 09:13:10,74,140,0.0,2.75,0.0,22.6,1.0,0.5,1.0,1.0,green,5.37,0.0,32.22,3.65,23.63
1164,2025-10-09 23:22:11,2025-10-09 23:27:16,7,179,0.0,0.0,1.0,7.2,1.0,0.5,5.0,1.0,green,2.91,0.0,12.61,1.02,5.08
1165,2025-10-24 10:57:43,2025-10-24 11:17:42,74,238,0.0,2.75,0.0,19.8,1.0,0.5,1.0,1.0,green,1.5,0.0,25.55,2.92,19.98
1166,2025-10-04 03:00:08,2025-10-04 03:11:39,255,112,0.0,0.0,1.0,10.7,1.0,0.5,1.0,1.0,green,2.64,0.0,15.84,0.75,11.52
1167,2025-10-01 08:03:57,2025-10-01 08:12:27,75,74,0.0,0.0,0.0,10.0,1.0,0.5,1.0,1.0,green,2.0,0.0,13.5,1.42,8.5
1168,2025-10-30 18:01:11,2025-10-30 18:10:39,74,75,0.0,0.0,2.5,10.0,1.0,0.5,1.0,1.0,green,0.0,0.0,14.0,1.39,9.47
1169,2025-10-24 00:49:45,2025-10-24 00:54:38,260,260,0.0,0.0,1.0,6.5,1.0,0.5,1.0,1.0,green,0.0,0.0,9.0,0.6,4.88
1170,2025-10-01 13:04:18,2025-10-01 14:01:23,65,132,0.0,0.0,0.0,106.6,1.0,0.5,1.0,1.0,green,21.62,0.0,129.72,27.91,57.08
1171,2025-10-22 08:49:51,2025-10-22 08:56:23,74,42,0.0,0.0,0.0,7.9,1.0,0.5,1.0,2.0,green,0.0,0.0,9.4,0.73,6.53
1172,2025-10-24 13:55:03,2025-10-24 14:04:03,95,196,0.0,0.0,0.0,10.7,1.0,0.5,1.0,2.0,green,0.0,0.0,12.2,1.5,9.0
1173,2025-10-28 14:32:14,2025-10-28 14:43:04,41,75,0.0,0.0,0.0,12.1,1.0,1.5,1.0,2.0,green,0.0,0.0,13.6,1.6,10.83
1174,2025-10-20 17:11:18,2025-10-20 17:15:59,43,236,0.0,2.75,5.25,6.5,1.0,1.5,2.0,2.0,green,0.0,0.0,13.25,0.6,4.68
1175,2025-10-26 18:39:54,2025-10-26 18:54:28,74,236,0.0,2.75,0.0,14.9,1.0,0.5,2.0,1.0,green,3.83,0.0,22.98,2.19,14.57
1176,2025-10-03 18:43:44,2025-10-03 18:43:47,265,265,0.0,0.0,0.0,200.0,1.0,0.0,1.0,1.0,green,0.0,0.0,201.0,0.0,0.05
1177,2025-10-18 14:13:30,2025-10-18 14:28:48,130,131,0.0,0.0,0.0,18.4,1.0,0.5,1.0,1.0,green,3.0,0.0,22.9,3.6,15.3
1178,2025-10-27 07:01:07,2025-10-27 07:08:09,74,74,0.0,0.0,0.0,7.9,1.0,0.5,2.0,1.0,green,1.41,0.0,10.81,0.89,7.03
1179,2025-10-01 16:02:02,2025-10-01 16:23:48,74,244,0.0,0.0,2.5,21.9,1.0,0.5,1.0,1.0,green,5.18,0.0,31.08,3.55,21.77
1180,2025-10-18 09:26:50,2025-10-18 09:33:37,75,236,0.0,2.75,0.0,8.6,1.0,0.5,1.0,1.0,green,0.0,0.0,12.85,1.03,6.78
1181,2025-10-11 13:38:21,2025-10-11 13:50:53,74,166,0.0,0.0,0.0,12.1,1.0,0.5,1.0,2.0,green,0.0,0.0,13.6,1.64,12.53
1182,2025-10-24 12:22:36,2025-10-24 12:27:04,207,207,0.0,0.0,0.0,5.8,1.0,0.5,1.0,2.0,green,0.0,0.0,7.3,0.0,4.47
1183,2025-10-30 08:17:15,2025-10-30 08:37:53,74,244,0.0,0.0,0.0,26.1,1.0,0.5,1.0,1.0,green,5.52,0.0,33.12,4.81,20.63
1184,2025-10-21 15:34:39,2025-10-21 15:52:00,33,224,0.75,2.5,0.0,24.7,1.0,0.5,1.0,1.0,green,5.89,0.0,35.34,5.33,17.35
1185,2025-10-21 14:08:55,2025-10-21 14:33:47,74,237,0.0,2.75,0.0,22.6,1.0,0.5,1.0,1.0,green,5.37,0.0,32.22,3.08,24.87
1186,2025-10-19 16:11:26,2025-10-19 16:20:55,74,75,0.0,0.0,0.0,11.4,1.0,0.5,1.0,1.0,green,2.58,0.0,15.48,1.79,9.48
1187,2025-10-25 18:32:53,2025-10-25 19:00:30,82,112,0.0,0.0,0.0,31.0,1.0,0.5,1.0,1.0,green,6.5,0.0,39.0,5.47,27.62
1188,2025-10-28 00:46:48,2025-10-28 00:51:09,179,179,0.0,0.0,1.0,6.5,1.0,0.5,1.0,1.0,green,2.7,0.0,11.7,0.52,4.35
1189,2025-10-25 20:39:06,2025-10-25 20:58:24,74,183,0.0,0.0,1.0,36.6,1.0,0.5,1.0,1.0,green,7.82,0.0,46.92,8.89,19.3
1190,2025-10-02 16:34:50,2025-10-02 16:55:01,74,151,0.0,0.0,2.5,19.1,1.0,0.5,1.0,1.0,green,4.62,0.0,27.72,2.52,20.18
1191,2025-10-20 10:50:25,2025-10-20 10:57:59,236,74,0.0,0.0,0.0,10.0,1.0,0.5,2.0,2.0,green,0.0,0.0,11.5,1.62,7.57
1192,2025-10-04 15:34:31,2025-10-04 15:39:26,41,41,0.0,0.0,0.0,7.2,1.0,1.5,1.0,1.0,green,0.0,0.0,8.7,1.2,4.92
1193,2025-10-20 14:52:46,2025-10-20 15:06:50,75,236,0.0,2.75,2.75,12.8,1.0,1.5,1.0,1.0,green,1.0,0.0,18.05,0.0,14.07
1194,2025-10-07 22:39:16,2025-10-07 22:43:08,75,74,0.0,0.0,1.0,7.2,1.0,0.5,1.0,1.0,green,1.0,0.0,10.7,1.35,3.87
1195,2025-10-31 14:25:24,2025-10-31 14:56:01,134,98,0.0,0.0,0.0,32.4,1.0,0.5,1.0,1.0,green,2.0,0.0,35.9,6.03,30.62
1196,2025-10-16 19:08:07,2025-10-16 19:53:33,43,217,0.75,2.75,2.5,43.6,1.0,0.5,1.0,2.0,green,0.0,0.0,51.1,8.8,45.43
1197,2025-10-19 17:03:18,2025-10-19 17:14:02,74,238,0.0,0.0,0.0,14.2,1.0,0.5,1.0,1.0,green,3.14,0.0,18.84,2.69,10.73
1198,2025-10-04 16:51:19,2025-10-04 17:04:17,196,28,0.0,0.0,0.0,15.6,1.0,0.5,3.0,1.0,green,5.13,0.0,22.23,2.9,12.97
1199,2025-10-01 08:54:52,2025-10-01 09:13:04,75,141,0.0,2.75,0.0,16.3,1.0,0.5,1.0,1.0,green,4.11,0.0,24.66,2.08,18.2
1200,2025-10-29 15:05:54,2025-10-29 15:21:06,74,236,0.0,2.75,0.0,15.6,1.0,0.5,1.0,1.0,green,3.97,0.0,23.82,2.23,15.2
1201,2025-10-13 22:33:29,2025-10-13 22:42:13,243,127,0.0,0.0,1.0,10.0,1.0,0.5,1.0,2.0,green,0.0,0.0,12.5,1.22,8.73
1202,2025-10-21 11:49:37,2025-10-21 12:42:03,244,237,0.0,2.75,5.25,52.7,1.0,1.5,1.0,1.0,green,10.0,0.0,69.45,8.0,52.43
1203,2025-10-31 17:06:23,2025-10-31 17:27:40,75,246,0.75,2.75,2.5,26.1,1.0,0.5,1.0,1.0,green,6.72,0.0,40.32,4.82,21.28
1204,2025-10-18 17:54:36,2025-10-18 18:01:52,75,262,0.0,2.75,0.0,9.3,1.0,0.5,1.0,1.0,green,0.95,0.0,14.5,1.36,7.27
1205,2025-10-15 08:49:43,2025-10-15 09:01:47,75,237,0.0,2.75,0.0,12.8,1.0,0.5,6.0,1.0,green,3.41,0.0,20.46,1.7,12.07
1206,2025-10-14 19:57:52,2025-10-14 20:04:33,116,42,0.0,0.0,1.0,7.2,1.0,0.5,1.0,2.0,green,0.0,0.0,9.7,0.72,6.68
1207,2025-10-03 19:44:37,2025-10-03 19:44:40,37,264,0.0,0.0,0.0,50.0,1.0,0.0,1.0,1.0,green,5.0,0.0,56.0,0.0,0.05
1208,2025-10-04 18:02:48,2025-10-04 18:15:58,74,24,0.0,0.0,0.0,13.5,1.0,0.5,1.0,1.0,green,0.01,0.0,15.01,1.8,13.17
1209,2025-10-06 23:19:59,2025-10-06 23:25:59,210,150,0.0,0.0,1.0,8.6,1.0,0.5,1.0,1.0,green,2.22,0.0,13.32,1.17,6.0
1210,2025-10-29 14:47:55,2025-10-29 14:55:25,223,223,0.0,0.0,0.0,10.0,1.0,0.5,1.0,1.0,green,0.8,0.0,12.3,1.61,7.5
1211,2025-10-16 15:25:28,2025-10-16 16:01:58,82,63,0.0,0.0,0.0,33.1,1.0,0.5,6.0,2.0,green,0.0,0.0,34.6,4.48,36.5
1212,2025-10-09 16:52:50,2025-10-09 17:14:40,43,141,0.0,2.75,5.25,19.8,1.0,1.5,0.0,1.0,green,5.3,0.0,31.85,2.3,21.83
1213,2025-10-09 08:56:34,2025-10-09 09:18:58,166,161,0.75,2.75,0.0,22.6,1.0,0.5,1.0,1.0,green,5.52,0.0,33.12,4.07,22.4
1214,2025-10-04 09:18:58,2025-10-04 09:38:06,166,186,0.75,2.75,0.0,27.5,1.0,0.5,4.0,1.0,green,6.5,0.0,39.0,5.8,19.13
1215,2025-10-09 17:45:01,2025-10-09 17:49:06,41,41,0.0,0.0,2.5,5.8,1.0,0.5,1.0,1.0,green,0.5,0.0,10.3,0.28,4.08
1216,2025-10-29 14:48:00,2025-10-29 14:52:52,41,41,0.0,0.0,0.0,7.2,1.0,0.5,1.0,2.0,green,0.0,0.0,8.7,0.97,4.87
1217,2025-10-09 14:08:25,2025-10-09 14:23:17,65,106,0.0,0.0,0.0,14.9,1.0,1.5,0.0,1.0,green,3.25,0.0,19.65,1.6,14.87
1218,2025-10-24 17:31:35,2025-10-24 17:57:05,74,238,0.0,0.0,2.5,22.6,1.0,0.5,1.0,1.0,green,5.32,0.0,31.92,2.68,25.5
1219,2025-10-07 19:22:55,2025-10-07 19:30:46,75,263,0.0,2.75,2.5,9.3,1.0,0.5,5.0,1.0,green,3.21,0.0,19.26,1.14,7.85
1220,2025-10-11 08:56:11,2025-10-11 09:13:40,95,138,0.0,0.0,5.0,26.1,1.0,0.5,1.0,1.0,green,6.0,0.0,38.6,5.91,17.48
1221,2025-10-13 09:34:31,2025-10-13 09:48:05,74,138,0.0,0.0,5.0,28.2,1.0,0.5,1.0,1.0,green,8.33,6.94,49.97,6.81,13.57
1222,2025-10-08 16:34:21,2025-10-08 16:44:03,75,151,0.0,0.0,2.5,10.7,1.0,0.5,1.0,1.0,green,5.0,0.0,19.7,1.53,9.7
1223,2025-10-26 17:41:00,2025-10-26 17:53:14,43,116,0.0,0.0,0.0,14.2,1.0,0.5,1.0,1.0,green,5.0,0.0,20.7,2.13,12.23
1224,2025-10-02 09:12:10,2025-10-02 09:17:36,75,41,0.0,0.0,0.0,8.6,1.0,0.5,1.0,1.0,green,1.0,0.0,11.1,1.57,5.43
1225,2025-10-11 11:28:16,2025-10-11 11:43:53,166,142,0.0,2.75,0.0,17.7,1.0,0.5,1.0,2.0,green,0.0,0.0,21.95,2.7,15.62
1226,2025-10-15 18:06:59,2025-10-15 18:32:41,75,48,0.75,2.75,2.5,24.7,1.0,0.5,1.0,1.0,green,3.0,0.0,35.2,3.86,25.7
1227,2025-10-05 12:59:58,2025-10-05 13:18:43,66,129,0.0,0.0,0.0,33.8,1.0,0.5,1.0,1.0,green,0.0,0.0,35.3,7.69,18.75
1228,2025-10-18 03:48:09,2025-10-18 03:58:47,255,80,0.0,0.0,1.0,10.0,1.0,0.5,1.0,1.0,green,1.08,0.0,13.58,0.76,10.63
1229,2025-10-10 20:45:00,2025-10-10 20:51:14,7,179,0.0,0.0,1.0,7.9,1.0,0.5,1.0,1.0,green,2.08,0.0,12.48,0.92,6.23
1230,2025-10-29 22:45:17,2025-10-29 23:10:32,66,179,0.0,0.0,1.0,49.9,1.0,0.5,1.0,1.0,green,10.48,0.0,62.88,12.67,25.25
1231,2025-10-01 09:02:34,2025-10-01 09:12:05,197,134,0.0,0.0,0.0,10.7,1.0,0.5,1.0,1.0,green,8.0,0.0,20.2,1.53,9.52
1232,2025-10-30 14:41:46,2025-10-30 15:14:34,65,61,0.0,0.0,0.0,26.8,1.0,1.5,1.0,1.0,green,7.05,0.0,35.35,2.4,32.8
1233,2025-10-15 19:46:23,2025-10-15 20:02:21,129,129,0.0,0.0,2.5,14.2,1.0,0.5,1.0,1.0,green,3.64,0.0,21.84,1.37,15.97
1234,2025-10-19 18:04:47,2025-10-19 18:20:13,74,262,0.0,2.75,0.0,15.6,1.0,0.5,1.0,1.0,green,3.97,0.0,23.82,2.44,15.43
1235,2025-10-01 18:36:20,2025-10-01 18:47:54,75,237,0.0,2.75,2.5,12.8,1.0,0.5,1.0,1.0,green,1.96,0.0,21.51,1.79,11.57
1236,2025-10-03 07:39:31,2025-10-03 08:11:20,244,7,0.0,0.0,0.0,38.0,1.0,0.5,1.0,1.0,green,5.0,6.94,51.44,7.33,31.82
1237,2025-10-16 01:50:34,2025-10-16 02:08:24,129,196,0.0,0.0,1.0,17.0,1.0,0.5,1.0,2.0,green,0.0,0.0,19.5,2.59,17.83
1238,2025-10-09 08:22:41,2025-10-09 08:32:13,75,41,0.0,0.0,0.0,10.0,1.0,0.5,1.0,1.0,green,2.3,0.0,13.8,1.02,9.53
1239,2025-10-05 01:02:07,2025-10-05 01:22:24,244,100,0.75,2.5,1.0,35.9,1.0,0.5,1.0,1.0,green,8.33,0.0,49.98,8.34,20.28
1240,2025-10-30 12:07:04,2025-10-30 12:15:30,166,238,0.0,2.75,0.0,10.7,1.0,0.5,1.0,1.0,green,2.99,0.0,17.94,1.61,8.43
1241,2025-10-15 10:02:20,2025-10-15 10:10:05,74,74,0.0,0.0,0.0,8.6,1.0,0.5,1.0,1.0,green,2.02,0.0,12.12,1.11,7.75
1242,2025-10-09 17:44:42,2025-10-09 18:22:34,95,265,0.0,0.0,2.5,54.8,1.0,0.5,1.0,1.0,green,11.76,0.0,70.56,11.07,37.87
1243,2025-10-22 20:24:36,2025-10-22 20:28:52,75,41,0.0,0.0,1.0,7.2,1.0,0.5,2.0,1.0,green,2.91,0.0,12.61,1.06,4.27
1244,2025-10-14 13:32:19,2025-10-14 14:08:01,95,125,0.75,2.75,0.0,54.1,1.0,0.5,1.0,1.0,green,9.0,0.0,68.1,12.68,35.7
1245,2025-10-28 23:24:46,2025-10-28 23:47:44,74,244,0.0,0.0,1.0,25.4,1.0,0.5,1.0,1.0,green,5.58,0.0,33.48,4.58,22.97
1246,2025-10-03 09:21:03,2025-10-03 09:42:27,74,244,0.0,0.0,0.0,25.4,1.0,0.5,1.0,1.0,green,5.38,0.0,32.28,4.58,21.4
1247,2025-10-28 08:36:05,2025-10-28 08:51:36,74,263,0.0,2.75,0.0,16.3,1.0,0.5,1.0,1.0,green,4.11,0.0,24.66,2.6,15.52
1248,2025-10-21 21:29:06,2025-10-21 21:42:42,236,137,0.75,2.75,1.0,21.9,1.0,0.5,1.0,1.0,green,6.98,0.0,34.88,4.71,13.6
1249,2025-10-02 11:37:02,2025-10-02 11:45:09,41,74,0.0,0.0,0.0,9.3,1.0,0.5,1.0,2.0,green,0.0,0.0,10.8,1.18,8.12
1250,2025-10-08 11:37:37,2025-10-08 11:50:20,43,43,0.0,2.75,0.0,12.8,1.0,0.5,6.0,1.0,green,3.0,0.0,20.05,1.42,12.72
1251,2025-10-12 14:38:12,2025-10-12 14:49:03,74,41,0.0,0.0,0.0,11.4,1.0,0.5,1.0,1.0,green,2.58,0.0,15.48,1.44,10.85
1252,2025-10-13 14:21:21,2025-10-13 14:31:38,74,75,0.0,0.0,0.0,11.4,1.0,0.5,2.0,1.0,green,2.58,0.0,15.48,1.69,10.28
1253,2025-10-18 18:20:04,2025-10-18 18:31:16,41,239,0.0,2.75,0.0,13.5,1.0,0.5,1.0,1.0,green,3.55,0.0,21.3,2.38,11.2
1254,2025-10-03 22:03:53,2025-10-03 22:04:46,95,95,0.0,0.0,0.0,39.0,1.0,0.0,1.0,2.0,green,0.0,0.0,40.0,0.0,0.88
1255,2025-10-13 16:03:33,2025-10-13 16:24:37,74,239,0.0,2.75,5.25,21.2,1.0,1.5,0.0,1.0,green,3.0,0.0,30.95,3.5,21.07
1256,2025-10-15 23:22:40,2025-10-15 23:36:20,97,195,0.0,0.0,1.0,15.6,1.0,0.5,1.0,1.0,green,3.62,0.0,21.72,2.68,13.67
1257,2025-10-14 21:04:45,2025-10-14 21:08:53,97,25,0.0,0.0,1.0,5.8,1.0,0.5,1.0,2.0,green,0.0,0.0,8.3,0.46,4.13
1258,2025-10-23 19:53:02,2025-10-23 20:05:23,65,49,0.0,0.0,2.5,12.8,1.0,0.5,1.0,1.0,green,0.0,0.0,16.8,1.89,12.35
1259,2025-10-29 19:20:10,2025-10-29 19:36:18,75,152,0.0,0.0,2.5,17.0,1.0,0.5,1.0,1.0,green,0.0,0.0,21.0,2.92,16.13
1260,2025-10-01 21:36:49,2025-10-01 21:49:26,33,25,0.0,0.0,1.0,12.8,1.0,0.5,1.0,1.0,green,3.06,0.0,18.36,1.33,12.62
1261,2025-10-11 15:46:02,2025-10-11 16:01:34,74,166,0.0,0.0,0.0,15.6,1.0,0.5,1.0,1.0,green,2.0,0.0,19.1,2.06,15.53
1262,2025-10-29 17:29:55,2025-10-29 17:47:30,43,116,0.0,0.0,2.5,19.1,1.0,0.5,1.0,1.0,green,6.93,0.0,30.03,3.33,17.58
1263,2025-10-29 17:51:32,2025-10-29 18:23:50,166,163,0.75,2.75,2.5,31.7,1.0,0.5,1.0,1.0,green,0.03,0.0,39.23,4.95,32.3
1264,2025-10-23 00:32:44,2025-10-23 00:42:15,75,262,0.0,2.75,1.0,12.1,1.0,0.5,5.0,1.0,green,3.47,0.0,20.82,1.97,9.52
1265,2025-10-27 13:10:26,2025-10-27 13:21:07,95,95,0.0,0.0,0.0,11.4,1.0,0.5,1.0,2.0,green,0.0,0.0,12.9,1.72,10.68
1266,2025-10-16 17:31:34,2025-10-16 17:52:47,74,151,0.0,0.0,2.5,20.5,1.0,0.5,1.0,1.0,green,4.9,0.0,29.4,2.69,21.22
1267,2025-10-03 14:06:08,2025-10-03 14:20:27,74,166,0.0,0.0,0.0,14.2,1.0,0.5,1.0,1.0,green,2.0,0.0,17.7,1.82,14.32
1268,2025-10-22 17:16:39,2025-10-22 17:29:24,75,166,0.0,0.0,2.5,14.2,1.0,0.5,1.0,1.0,green,2.0,0.0,20.2,2.06,12.75
1269,2025-10-14 19:00:17,2025-10-14 19:09:55,74,75,0.0,0.0,2.5,10.7,1.0,0.5,1.0,1.0,green,2.94,0.0,17.64,1.47,9.63
1270,2025-10-12 15:18:31,2025-10-12 15:24:56,92,92,0.0,0.0,0.0,10.0,1.0,0.0,1.0,1.0,green,2.2,0.0,13.2,0.57,6.42
1271,2025-10-14 19:02:43,2025-10-14 19:10:38,95,95,0.0,0.0,2.5,8.6,1.0,0.5,1.0,1.0,green,2.52,0.0,15.12,0.96,7.92
1272,2025-10-21 17:48:02,2025-10-21 18:11:46,97,61,0.0,0.0,2.5,22.6,1.0,0.5,1.0,1.0,green,5.32,0.0,31.92,3.44,23.73
1273,2025-10-05 12:46:56,2025-10-05 12:50:15,166,151,0.0,0.0,0.0,6.5,1.0,0.5,1.0,1.0,green,2.0,0.0,10.0,0.76,3.32
1274,2025-10-17 16:12:32,2025-10-17 16:27:19,41,74,0.0,0.0,2.5,14.2,1.0,1.5,1.0,2.0,green,0.0,0.0,18.2,1.6,14.78
1275,2025-10-13 10:48:01,2025-10-13 10:51:42,75,41,0.0,0.0,0.0,6.5,1.0,0.5,1.0,2.0,green,0.0,0.0,8.0,0.94,3.68
1276,2025-10-01 18:37:44,2025-10-01 19:10:30,33,249,0.75,2.75,2.5,29.6,1.0,0.5,1.0,1.0,green,5.56,0.0,42.66,3.93,32.77
1277,2025-10-31 16:41:27,2025-10-31 17:08:17,145,236,0.0,2.75,2.5,26.1,1.0,0.5,1.0,2.0,green,0.0,0.0,32.85,4.1,26.83
1278,2025-10-02 02:53:05,2025-10-02 03:02:56,82,70,0.0,0.0,1.0,17.0,1.0,0.5,1.0,2.0,green,0.0,0.0,19.5,3.64,9.85
1279,2025-10-04 22:50:32,2025-10-04 23:02:41,33,195,0.0,0.0,1.0,13.5,1.0,0.5,1.0,1.0,green,3.2,0.0,19.2,2.04,12.15
1280,2025-10-24 12:55:50,2025-10-24 12:59:57,42,42,0.0,0.0,0.0,7.2,1.0,0.5,1.0,2.0,green,0.0,0.0,8.7,1.04,4.12
1281,2025-10-31 20:18:34,2025-10-31 20:23:54,75,74,0.0,0.0,1.0,7.9,1.0,0.5,1.0,1.0,green,2.08,0.0,12.48,1.33,5.33
