VendorID,tpep_pickup_datetime,tpep_dropoff_datetime,passenger_count,trip_distance,RatecodeID,store_and_fwd_flag,PULocationID,DOLocationID,payment_type,fare_amount,extra,mta_tax,tip_amount,tolls_amount,improvement_surcharge,total_amount,congestion_surcharge,Airport_fee,cbd_congestion_fee,source_month,source_file
2,2025-07-25 19:01:33,2025-07-25 19:08:08,1.0,0.79,1.0,N,141,233,1,7.9,2.5,0.5,3.03,0.0,1.0,18.18,2.5,0.0,0.75,7,yellow_tripdata_2025-07.parquet
1,2025-07-13 18:50:00,2025-07-13 18:52:26,1.0,0.6,1.0,N,107,137,2,5.1,3.25,0.5,0.0,0.0,1.0,9.85,2.5,0.0,0.75,7,yellow_tripdata_2025-07.parquet
2,2025-07-29 07:22:00,2025-07-29 07:30:20,,3.68,,,75,170,0,13.35,0.0,0.5,0.0,0.0,1.0,18.1,,,0.75,7,yellow_tripdata_2025-07.parquet
2,2025-07-30 10:49:19,2025-07-30 11:09:03,1.0,1.45,1.0,N,186,170,1,17.0,0.0,0.5,4.35,0.0,1.0,26.1,2.5,0.0,0.75,7,yellow_tripdata_2025-07.parquet
2,2025-07-20 00:19:13,2025-07-20 00:34:03,1.0,2.95,1.0,N,239,230,1,17.0,1.0,0.5,5.69,0.0,1.0,28.44,2.5,0.0,0.75,7,yellow_tripdata_2025-07.parquet
2,2025-07-19 00:05:00,2025-07-19 00:17:00,,2.44,,,141,137,0,13.73,0.0,0.5,0.0,0.0,1.0,18.48,,,0.75,7,yellow_tripdata_2025-07.parquet
2,2025-07-16 21:16:13,2025-07-16 21:31:30,1.0,1.08,1.0,N,161,100,1,13.5,1.0,0.5,3.85,0.0,1.0,23.1,2.5,0.0,0.75,7,yellow_tripdata_2025-07.parquet
2,2025-07-08 19:17:36,2025-07-08 19:24:55,,0.02,,,229,170,0,13.91,0.0,0.5,0.0,0.0,1.0,18.66,,,0.75,7,yellow_tripdata_2025-07.parquet
2,2025-07-25 19:40:42,2025-07-25 20:06:59,1.0,7.36,1.0,N,79,75,1,35.2,2.5,0.5,10.61,0.0,1.0,53.06,2.5,0.0,0.75,7,yellow_tripdata_2025-07.parquet
2,2025-07-08 17:20:43,2025-07-08 17:33:55,,0.0,,,119,168,0,13.74,0.0,0.5,0.0,0.0,1.0,15.24,,,0.0,7,yellow_tripdata_2025-07.parquet
2,2025-07-28 23:14:28,2025-07-28 23:23:42,,1.14,,,161,164,0,-4.75,0.0,0.5,0.0,0.0,1.0,5.0,,,0.75,7,yellow_tripdata_2025-07.parquet
2,2025-07-21 15:48:55,2025-07-21 16:08:53,,1.04,,,113,161,0,-4.75,0.0,0.5,0.0,0.0,1.0,5.0,,,0.75,7,yellow_tripdata_2025-07.parquet
2,2025-07-02 20:46:27,2025-07-02 21:08:32,2.0,4.12,1.0,N,113,263,1,21.9,1.0,0.5,5.53,0.0,1.0,33.18,2.5,0.0,0.75,7,yellow_tripdata_2025-07.parquet
2,2025-07-24 14:48:06,2025-07-24 14:57:21,1.0,0.9,1.0,N,161,48,1,9.3,0.0,0.5,2.0,0.0,1.0,16.05,2.5,0.0,0.75,7,yellow_tripdata_2025-07.parquet
2,2025-07-04 04:08:00,2025-07-04 04:17:00,,1.63,,,68,233,0,10.48,0.0,0.5,0.0,0.0,1.0,15.23,,,0.75,7,yellow_tripdata_2025-07.parquet
2,2025-07-25 23:04:09,2025-07-25 23:18:55,1.0,2.2,1.0,N,246,113,1,14.9,1.0,0.5,0.0,0.0,1.0,20.65,2.5,0.0,0.75,7,yellow_tripdata_2025-07.parquet
2,2025-07-04 13:52:44,2025-07-04 13:58:50,1.0,1.53,1.0,N,43,163,1,9.3,0.0,0.5,2.11,0.0,1.0,16.16,2.5,0.0,0.75,7,yellow_tripdata_2025-07.parquet
1,2025-07-04 17:59:48,2025-07-04 18:15:45,1.0,3.2,1.0,N,107,237,1,17.0,3.25,0.5,5.25,0.0,1.0,27.0,2.5,0.0,0.75,7,yellow_tripdata_2025-07.parquet
2,2025-07-31 22:11:58,2025-07-31 22:35:46,,7.96,,,163,243,0,35.59,0.0,0.5,0.0,0.0,1.0,40.34,,,0.75,7,yellow_tripdata_2025-07.parquet
2,2025-07-03 00:50:03,2025-07-03 01:16:31,2.0,17.43,2.0,N,132,107,1,70.0,0.0,0.5,16.34,6.94,1.0,99.78,2.5,1.75,0.75,7,yellow_tripdata_2025-07.parquet
2,2025-07-18 09:10:21,2025-07-18 09:47:03,,8.51,,,162,189,0,39.19,0.0,0.5,0.0,0.0,1.0,43.94,,,0.75,7,yellow_tripdata_2025-07.parquet
2,2025-07-05 16:34:54,2025-07-05 16:55:31,1.0,6.46,1.0,N,261,234,1,29.6,0.0,0.5,6.87,0.0,1.0,41.22,2.5,0.0,0.75,7,yellow_tripdata_2025-07.parquet
2,2025-07-16 13:52:11,2025-07-16 13:57:03,1.0,0.7,1.0,N,162,140,1,6.5,0.0,0.5,2.25,0.0,1.0,13.5,2.5,0.0,0.75,7,yellow_tripdata_2025-07.parquet
1,2025-07-27 21:59:58,2025-07-27 22:22:45,,4.2,,,236,249,0,24.0,0.0,0.5,0.0,0.0,1.0,28.75,,,0.75,7,yellow_tripdata_2025-07.parquet
2,2025-07-15 22:25:02,2025-07-15 22:38:35,1.0,1.46,1.0,N,186,161,1,13.5,1.0,0.5,1.0,0.0,1.0,20.25,2.5,0.0,0.75,7,yellow_tripdata_2025-07.parquet
1,2025-07-28 09:18:57,2025-07-28 09:52:02,1.0,17.2,3.0,N,230,1,1,87.4,0.75,0.0,2.0,19.96,1.0,111.11,0.0,0.0,0.75,7,yellow_tripdata_2025-07.parquet
1,2025-07-02 09:58:47,2025-07-02 10:01:51,1.0,0.6,1.0,N,48,48,1,5.8,3.25,0.5,2.1,0.0,1.0,12.65,2.5,0.0,0.75,7,yellow_tripdata_2025-07.parquet
1,2025-07-08 09:59:58,2025-07-08 10:28:47,0.0,3.2,1.0,N,230,43,1,26.1,3.25,0.5,0.0,0.0,1.0,30.85,2.5,0.0,0.75,7,yellow_tripdata_2025-07.parquet
1,2025-07-17 17:44:31,2025-07-17 18:07:07,1.0,1.4,1.0,N,100,163,1,19.1,5.75,0.5,5.25,0.0,1.0,31.6,2.5,0.0,0.75,7,yellow_tripdata_2025-07.parquet
2,2025-07-03 23:44:11,2025-07-03 23:49:34,,1.33,,,76,76,0,8.18,0.0,0.5,0.0,0.0,1.0,9.68,,,0.0,7,yellow_tripdata_2025-07.parquet
2,2025-07-29 20:04:12,2025-07-29 20:16:22,1.0,2.05,1.0,N,68,163,1,13.5,2.5,0.5,4.15,0.0,1.0,24.9,2.5,0.0,0.75,7,yellow_tripdata_2025-07.parquet
2,2025-07-08 21:10:25,2025-07-08 21:20:50,,1.6,,,144,90,0,11.05,0.0,0.5,0.0,0.0,1.0,15.8,,,0.75,7,yellow_tripdata_2025-07.parquet
2,2025-07-19 17:09:16,2025-07-19 17:16:17,1.0,0.75,1.0,N,79,114,1,7.9,0.0,0.5,2.53,0.0,1.0,15.18,2.5,0.0,0.75,7,yellow_tripdata_2025-07.parquet
1,2025-07-31 16:59:18,2025-07-31 17:11:31,,1.9,,,161,239,0,12.8,2.5,0.5,5.01,0.0,1.0,25.06,,,0.75,7,yellow_tripdata_2025-07.parquet
2,2025-07-05 23:27:38,2025-07-05 23:36:44,2.0,2.19,1.0,N,237,48,1,11.4,1.0,0.5,3.43,0.0,1.0,20.58,2.5,0.0,0.75,7,yellow_tripdata_2025-07.parquet
1,2025-07-26 17:38:51,2025-07-26 17:49:10,1.0,3.4,1.0,N,48,151,1,15.6,3.25,0.5,4.05,0.0,1.0,24.4,2.5,0.0,0.75,7,yellow_tripdata_2025-07.parquet
2,2025-07-02 14:17:44,2025-07-02 14:22:54,1.0,0.84,1.0,N,151,24,2,7.2,0.0,0.5,0.0,0.0,1.0,8.7,0.0,0.0,0.0,7,yellow_tripdata_2025-07.parquet
2,2025-07-16 23:04:10,2025-07-16 23:10:44,,1.65,,,170,79,0,11.33,0.0,0.5,0.0,0.0,1.0,16.08,,,0.75,7,yellow_tripdata_2025-07.parquet
2,2025-07-13 20:02:57,2025-07-13 20:28:48,2.0,3.67,1.0,N,144,163,1,24.0,1.0,0.5,7.44,0.0,1.0,37.19,2.5,0.0,0.75,7,yellow_tripdata_2025-07.parquet
1,2025-07-16 20:01:28,2025-07-16 20:23:43,1.0,3.3,1.0,N,161,158,1,19.8,4.25,0.5,2.0,0.0,1.0,27.55,2.5,0.0,0.75,7,yellow_tripdata_2025-07.parquet
2,2025-07-10 13:01:52,2025-07-10 13:22:37,,6.14,,,87,262,0,-4.75,0.0,0.5,0.0,0.0,1.0,8.29,,,0.75,7,yellow_tripdata_2025-07.parquet
2,2025-07-29 16:02:23,2025-07-29 16:10:14,,0.91,,,249,114,0,7.6,0.0,0.5,0.0,0.0,1.0,12.35,,,0.75,7,yellow_tripdata_2025-07.parquet
2,2025-07-03 17:19:57,2025-07-03 17:38:53,2.0,2.78,1.0,N,68,163,1,19.1,2.5,0.5,5.27,0.0,1.0,31.62,2.5,0.0,0.75,7,yellow_tripdata_2025-07.parquet
1,2025-07-01 08:19:24,2025-07-01 08:34:48,1.0,2.5,1.0,N,238,237,1,16.3,2.5,0.5,1.0,0.0,1.0,21.3,2.5,0.0,0.0,7,yellow_tripdata_2025-07.parquet
2,2025-07-18 09:17:11,2025-07-18 09:22:31,1.0,0.4,1.0,N,140,237,2,6.5,0.0,0.5,0.0,0.0,1.0,10.5,2.5,0.0,0.0,7,yellow_tripdata_2025-07.parquet
2,2025-07-25 05:47:42,2025-07-25 06:12:22,,8.8,,,196,142,0,35.09,0.0,0.5,0.0,0.0,1.0,39.84,,,0.75,7,yellow_tripdata_2025-07.parquet
2,2025-07-06 19:54:31,2025-07-06 20:29:43,,7.18,,,148,91,0,37.56,0.0,0.5,0.0,0.0,1.0,42.31,,,0.75,7,yellow_tripdata_2025-07.parquet
2,2025-07-28 21:23:12,2025-07-28 21:30:58,,1.62,,,75,41,0,8.35,0.0,0.5,0.0,0.0,1.0,9.85,,,0.0,7,yellow_tripdata_2025-07.parquet
2,2025-07-11 14:44:36,2025-07-11 14:55:22,1.0,1.54,1.0,N,170,79,1,12.1,0.0,0.5,3.37,0.0,1.0,20.22,2.5,0.0,0.75,7,yellow_tripdata_2025-07.parquet
2,2025-07-27 05:58:21,2025-07-27 06:18:08,,13.27,,,145,14,0,37.71,0.0,0.5,0.0,0.0,1.0,39.21,,,0.0,7,yellow_tripdata_2025-07.parquet
2,2025-07-31 17:14:20,2025-07-31 17:47:05,1.0,2.48,1.0,N,43,230,2,26.8,2.5,0.5,0.0,0.0,1.0,34.05,2.5,0.0,0.75,7,yellow_tripdata_2025-07.parquet
2,2025-07-26 20:49:07,2025-07-26 21:34:55,1.0,24.73,1.0,N,132,181,1,92.6,1.0,0.5,19.02,0.0,1.0,115.87,0.0,1.75,0.0,7,yellow_tripdata_2025-07.parquet
2,2025-07-13 10:32:54,2025-07-13 10:49:56,,0.0,,,7,48,0,20.41,0.0,0.5,0.0,0.0,1.0,25.16,,,0.75,7,yellow_tripdata_2025-07.parquet
2,2025-07-18 00:14:08,2025-07-18 00:31:04,1.0,8.57,1.0,N,138,140,1,35.2,6.0,0.5,9.39,0.0,1.0,56.34,2.5,1.75,0.0,7,yellow_tripdata_2025-07.parquet
2,2025-07-01 22:11:06,2025-07-01 22:28:00,,3.56,,,114,48,0,-4.75,0.0,0.5,0.0,0.0,1.0,6.67,,,0.75,7,yellow_tripdata_2025-07.parquet
2,2025-07-08 19:40:36,2025-07-08 19:45:27,1.0,0.37,1.0,N,170,170,1,5.8,2.5,0.5,2.0,0.0,1.0,15.05,2.5,0.0,0.75,7,yellow_tripdata_2025-07.parquet
1,2025-07-13 04:38:59,2025-07-13 05:00:52,,6.8,,,68,41,0,28.13,0.0,0.5,0.0,0.0,1.0,32.88,,,0.75,7,yellow_tripdata_2025-07.parquet
2,2025-07-13 13:31:42,2025-07-13 13:41:33,1.0,1.48,1.0,N,239,262,1,10.7,0.0,0.5,2.94,0.0,1.0,17.64,2.5,0.0,0.0,7,yellow_tripdata_2025-07.parquet
7,2025-07-06 00:15:46,2025-07-06 00:15:46,1.0,19.77,2.0,N,132,238,1,70.0,0.0,0.5,24.81,6.94,1.0,107.5,2.5,1.75,0.0,7,yellow_tripdata_2025-07.parquet
2,2025-07-25 20:21:29,2025-07-25 20:31:14,1.0,1.06,1.0,N,140,229,1,10.0,1.0,0.5,3.15,0.0,1.0,18.9,2.5,0.0,0.75,7,yellow_tripdata_2025-07.parquet
2,2025-07-05 00:36:53,2025-07-05 00:49:50,1.0,2.2,1.0,N,148,249,1,14.2,1.0,0.5,3.99,0.0,1.0,23.94,2.5,0.0,0.75,7,yellow_tripdata_2025-07.parquet
1,2025-07-22 17:33:29,2025-07-22 18:02:23,1.0,4.3,1.0,N,239,107,1,24.7,5.75,0.5,3.19,0.0,1.0,35.14,2.5,0.0,0.75,7,yellow_tripdata_2025-07.parquet
2,2025-07-14 00:40:20,2025-07-14 00:46:06,1.0,1.34,1.0,N,50,68,1,8.6,1.0,0.5,1.0,0.0,1.0,15.35,2.5,0.0,0.75,7,yellow_tripdata_2025-07.parquet
2,2025-07-10 21:01:54,2025-07-10 21:18:07,,3.7,,,66,246,0,26.3,0.0,0.5,3.1,0.0,1.0,34.15,,,0.75,7,yellow_tripdata_2025-07.parquet
2,2025-07-01 16:03:53,2025-07-01 16:16:13,2.0,1.79,1.0,N,161,263,1,12.8,0.0,0.5,2.5,0.0,1.0,20.05,2.5,0.0,0.75,7,yellow_tripdata_2025-07.parquet
2,2025-07-25 15:13:53,2025-07-25 15:31:08,1.0,1.87,1.0,N,142,237,1,16.3,0.0,0.5,4.06,0.0,1.0,24.36,2.5,0.0,0.0,7,yellow_tripdata_2025-07.parquet
2,2025-07-12 20:46:33,2025-07-12 21:12:59,1.0,3.84,1.0,N,163,231,1,24.7,1.0,0.5,6.09,0.0,1.0,36.54,2.5,0.0,0.75,7,yellow_tripdata_2025-07.parquet
2,2025-07-01 19:52:55,2025-07-01 20:05:02,1.0,1.62,1.0,N,144,234,2,12.1,2.5,0.5,0.0,0.0,1.0,19.35,2.5,0.0,0.75,7,yellow_tripdata_2025-07.parquet
2,2025-07-17 13:49:12,2025-07-17 13:59:34,1.0,0.95,1.0,N,68,234,2,10.7,0.0,0.5,0.0,0.0,1.0,15.45,2.5,0.0,0.75,7,yellow_tripdata_2025-07.parquet
2,2025-07-28 20:15:48,2025-07-28 20:26:42,1.0,1.47,1.0,N,237,143,4,-12.1,-1.0,-0.5,0.0,0.0,-1.0,-17.1,-2.5,0.0,0.0,7,yellow_tripdata_2025-07.parquet
2,2025-07-17 15:59:32,2025-07-17 16:16:57,1.0,2.48,1.0,N,43,142,2,17.7,0.0,0.5,0.0,0.0,1.0,21.7,2.5,0.0,0.0,7,yellow_tripdata_2025-07.parquet
1,2025-07-24 19:32:06,2025-07-24 19:38:18,1.0,0.9,1.0,N,140,141,2,7.2,5.0,0.5,0.0,0.0,1.0,13.7,2.5,0.0,0.0,7,yellow_tripdata_2025-07.parquet
2,2025-07-15 21:22:18,2025-07-15 21:28:57,1.0,1.77,1.0,N,163,236,1,10.0,1.0,0.5,1.5,0.0,1.0,17.25,2.5,0.0,0.75,7,yellow_tripdata_2025-07.parquet
2,2025-07-31 14:42:37,2025-07-31 14:54:54,,1.23,,,79,249,0,16.12,0.0,0.5,0.0,0.0,1.0,20.87,,,0.75,7,yellow_tripdata_2025-07.parquet
2,2025-07-12 15:12:55,2025-07-12 15:25:03,1.0,1.61,1.0,N,68,230,2,12.8,0.0,0.5,0.0,0.0,1.0,17.55,2.5,0.0,0.75,7,yellow_tripdata_2025-07.parquet
2,2025-07-03 08:18:44,2025-07-03 08:29:30,,3.09,,,4,88,0,-4.75,0.0,0.5,0.0,0.0,1.0,3.1,,,0.75,7,yellow_tripdata_2025-07.parquet
2,2025-07-21 16:23:46,2025-07-21 16:52:32,1.0,6.96,5.0,N,138,164,1,65.0,5.0,0.0,16.24,6.94,1.0,99.18,2.5,1.75,0.75,7,yellow_tripdata_2025-07.parquet
2,2025-07-06 16:31:31,2025-07-06 16:43:17,2.0,1.71,1.0,N,142,238,1,12.8,0.0,0.5,3.36,0.0,1.0,20.16,2.5,0.0,0.0,7,yellow_tripdata_2025-07.parquet
2,2025-07-23 19:06:00,2025-07-23 19:30:00,,6.8,,,66,100,0,29.58,0.0,0.5,0.0,0.0,1.0,34.33,,,0.75,7,yellow_tripdata_2025-07.parquet
2,2025-07-26 07:47:20,2025-07-26 07:53:24,,0.8,,,229,43,0,13.54,0.0,0.5,0.0,0.0,1.0,18.29,,,0.75,7,yellow_tripdata_2025-07.parquet
2,2025-07-13 14:34:27,2025-07-13 14:50:12,1.0,0.84,1.0,N,186,100,2,-14.2,0.0,-0.5,0.0,0.0,-1.0,-18.95,-2.5,0.0,-0.75,7,yellow_tripdata_2025-07.parquet
1,2025-07-02 16:56:17,2025-07-02 17:01:57,1.0,1.0,1.0,N,238,239,1,7.2,5.0,0.5,3.45,0.0,1.0,17.15,2.5,0.0,0.0,7,yellow_tripdata_2025-07.parquet
2,2025-07-18 00:06:42,2025-07-18 00:31:19,1.0,5.6,1.0,N,148,142,1,27.5,1.0,0.5,6.65,0.0,1.0,39.9,2.5,0.0,0.75,7,yellow_tripdata_2025-07.parquet
2,2025-07-14 02:23:45,2025-07-14 02:24:09,1.0,0.0,1.0,N,236,236,4,3.0,1.0,0.5,0.0,0.0,1.0,8.0,2.5,0.0,0.0,7,yellow_tripdata_2025-07.parquet
2,2025-07-12 08:11:20,2025-07-12 08:18:28,1.0,2.51,1.0,N,233,262,1,12.1,0.0,0.5,3.37,0.0,1.0,20.22,2.5,0.0,0.75,7,yellow_tripdata_2025-07.parquet
1,2025-07-12 15:24:31,2025-07-12 15:45:17,1.0,1.7,1.0,N,43,230,1,17.7,3.25,0.5,4.5,0.0,1.0,26.95,2.5,0.0,0.75,7,yellow_tripdata_2025-07.parquet
2,2025-07-28 19:19:41,2025-07-28 19:26:38,1.0,1.15,1.0,N,113,107,2,8.6,2.5,0.5,0.0,0.0,1.0,15.85,2.5,0.0,0.75,7,yellow_tripdata_2025-07.parquet
2,2025-07-20 06:21:29,2025-07-20 06:38:13,,4.56,,,137,238,0,23.25,0.0,0.5,0.0,0.0,1.0,28.0,,,0.75,7,yellow_tripdata_2025-07.parquet
2,2025-07-23 23:01:58,2025-07-23 23:13:15,1.0,1.7,1.0,N,211,164,1,12.1,1.0,0.5,3.57,0.0,1.0,21.42,2.5,0.0,0.75,7,yellow_tripdata_2025-07.parquet
2,2025-07-11 13:51:39,2025-07-11 14:03:26,1.0,1.19,1.0,N,161,234,2,12.1,0.0,0.5,0.0,0.0,1.0,16.85,2.5,0.0,0.75,7,yellow_tripdata_2025-07.parquet
2,2025-07-03 08:27:46,2025-07-03 08:39:11,1.0,2.04,1.0,N,137,163,1,13.5,0.0,0.5,3.65,0.0,1.0,21.9,2.5,0.0,0.75,7,yellow_tripdata_2025-07.parquet
2,2025-07-08 14:23:39,2025-07-08 14:43:40,1.0,1.27,1.0,N,161,186,4,-17.0,0.0,-0.5,0.0,0.0,-1.0,-21.75,-2.5,0.0,-0.75,7,yellow_tripdata_2025-07.parquet
2,2025-07-02 15:26:55,2025-07-02 15:37:22,1.0,1.78,1.0,N,229,262,1,12.1,0.0,0.5,3.0,0.0,1.0,19.85,2.5,0.0,0.75,7,yellow_tripdata_2025-07.parquet
2,2025-07-29 13:30:36,2025-07-29 13:30:47,,0.0,,,219,219,0,11.87,0.0,0.5,0.0,0.0,1.0,13.37,,,0.0,7,yellow_tripdata_2025-07.parquet
2,2025-07-29 13:09:19,2025-07-29 13:25:37,3.0,1.92,1.0,N,161,236,2,15.6,0.0,0.5,0.0,0.0,1.0,20.35,2.5,0.0,0.75,7,yellow_tripdata_2025-07.parquet
2,2025-07-25 20:02:25,2025-07-25 20:14:02,,3.07,,,168,243,0,15.7,0.0,0.5,0.0,0.0,1.0,17.2,,,0.0,7,yellow_tripdata_2025-07.parquet
2,2025-07-14 20:04:39,2025-07-14 20:20:23,,2.46,,,162,114,0,21.48,0.0,0.5,0.0,0.0,1.0,26.23,,,0.75,7,yellow_tripdata_2025-07.parquet
2,2025-07-24 21:36:21,2025-07-24 21:44:03,1.0,0.8,1.0,N,161,170,1,8.6,1.0,0.5,2.87,0.0,1.0,17.22,2.5,0.0,0.75,7,yellow_tripdata_2025-07.parquet
2,2025-07-11 18:45:53,2025-07-11 18:46:01,1.0,0.0,5.0,N,7,7,1,35.0,0.0,0.0,0.02,0.0,1.0,36.02,0.0,0.0,0.0,7,yellow_tripdata_2025-07.parquet
2,2025-07-16 22:21:21,2025-07-16 22:27:44,2.0,1.01,1.0,N,100,234,1,7.9,1.0,0.5,2.73,0.0,1.0,16.38,2.5,0.0,0.75,7,yellow_tripdata_2025-07.parquet
2,2025-07-07 07:48:50,2025-07-07 08:12:14,1.0,5.02,1.0,N,230,261,4,-27.5,0.0,-0.5,0.0,0.0,-1.0,-32.25,-2.5,0.0,-0.75,7,yellow_tripdata_2025-07.parquet
2,2025-07-29 17:55:58,2025-07-29 18:08:37,1.0,1.99,1.0,N,186,143,1,13.5,2.5,0.5,3.11,0.0,1.0,23.86,2.5,0.0,0.75,7,yellow_tripdata_2025-07.parquet
2,2025-07-07 20:02:24,2025-07-07 20:09:01,3.0,0.62,1.0,N,48,100,2,-7.9,-1.0,-0.5,0.0,0.0,-1.0,-13.65,-2.5,0.0,-0.75,7,yellow_tripdata_2025-07.parquet
1,2025-07-29 08:10:47,2025-07-29 08:24:32,1.0,3.6,1.0,N,162,232,1,19.1,3.25,0.5,4.75,0.0,1.0,28.6,2.5,0.0,0.75,7,yellow_tripdata_2025-07.parquet
2,2025-07-09 10:00:02,2025-07-09 10:13:59,1.0,0.96,1.0,N,164,162,1,12.8,0.0,0.5,4.39,0.0,1.0,21.94,2.5,0.0,0.75,7,yellow_tripdata_2025-07.parquet
1,2025-07-11 18:28:15,2025-07-11 18:34:29,2.0,0.8,1.0,N,237,229,1,7.9,5.75,0.5,3.0,0.0,1.0,18.15,2.5,0.0,0.75,7,yellow_tripdata_2025-07.parquet
2,2025-07-09 18:50:50,2025-07-09 19:05:25,,0.0,,,87,148,0,12.85,0.0,0.5,0.0,0.0,1.0,17.6,,,0.75,7,yellow_tripdata_2025-07.parquet
2,2025-07-17 20:30:29,2025-07-17 20:55:15,1.0,8.81,1.0,N,233,102,1,37.3,1.0,0.5,10.0,6.94,1.0,59.99,2.5,0.0,0.75,7,yellow_tripdata_2025-07.parquet
2,2025-07-11 16:16:39,2025-07-11 17:00:55,1.0,10.93,1.0,N,141,61,1,50.6,0.0,0.5,0.0,0.0,1.0,54.6,2.5,0.0,0.0,7,yellow_tripdata_2025-07.parquet
1,2025-07-23 21:32:17,2025-07-23 21:47:36,1.0,2.2,1.0,N,162,249,1,14.2,4.25,0.5,4.0,0.0,1.0,23.95,2.5,0.0,0.75,7,yellow_tripdata_2025-07.parquet
2,2025-07-31 15:26:51,2025-07-31 16:16:26,,1.62,,,239,48,0,33.44,0.0,0.5,0.0,0.0,1.0,38.19,,,0.75,7,yellow_tripdata_2025-07.parquet
2,2025-07-21 14:57:05,2025-07-21 15:08:44,1.0,1.17,1.0,N,237,43,2,11.4,0.0,0.5,0.0,0.0,1.0,16.15,2.5,0.0,0.75,7,yellow_tripdata_2025-07.parquet
2,2025-07-18 00:35:04,2025-07-18 00:41:52,1.0,1.11,1.0,N,114,4,1,8.6,1.0,0.5,2.87,0.0,1.0,17.22,2.5,0.0,0.75,7,yellow_tripdata_2025-07.parquet
1,2025-07-25 22:45:06,2025-07-25 22:53:08,4.0,1.1,1.0,N,114,158,1,9.3,4.25,0.5,3.0,0.0,1.0,18.05,2.5,0.0,0.75,7,yellow_tripdata_2025-07.parquet
2,2025-07-17 06:48:19,2025-07-17 06:52:36,1.0,1.08,1.0,N,236,237,1,7.2,0.0,0.5,2.24,0.0,1.0,13.44,2.5,0.0,0.0,7,yellow_tripdata_2025-07.parquet
2,2025-07-31 05:34:13,2025-07-31 05:47:18,,2.97,,,4,161,0,16.53,0.0,0.5,0.0,0.0,1.0,21.28,,,0.75,7,yellow_tripdata_2025-07.parquet
2,2025-07-31 15:42:58,2025-07-31 15:50:34,,0.86,,,209,88,0,13.58,0.0,0.5,0.0,0.0,1.0,18.33,,,0.75,7,yellow_tripdata_2025-07.parquet
2,2025-07-25 17:53:45,2025-07-25 18:10:12,,0.01,,,143,236,0,39.88,0.0,0.5,0.0,0.0,1.0,44.63,,,0.75,7,yellow_tripdata_2025-07.parquet
2,2025-07-07 12:30:15,2025-07-07 12:52:59,2.0,7.34,1.0,N,261,237,1,34.5,0.0,0.5,5.89,0.0,1.0,45.14,2.5,0.0,0.75,7,yellow_tripdata_2025-07.parquet
2,2025-07-04 17:39:35,2025-07-04 17:47:42,,1.87,,,41,239,0,-4.0,0.0,0.5,0.0,0.0,1.0,4.08,,,0.0,7,yellow_tripdata_2025-07.parquet
2,2025-07-23 20:25:06,2025-07-23 20:28:13,1.0,0.26,1.0,N,237,229,4,-5.1,-1.0,-0.5,0.0,0.0,-1.0,-10.85,-2.5,0.0,-0.75,7,yellow_tripdata_2025-07.parquet
2,2025-07-02 13:05:08,2025-07-02 13:37:23,1.0,9.2,1.0,N,132,61,1,42.2,0.0,0.5,8.74,0.0,1.0,52.44,0.0,0.0,0.0,7,yellow_tripdata_2025-07.parquet
1,2025-07-12 16:31:45,2025-07-12 17:23:04,1.0,11.8,1.0,N,138,189,2,52.7,6.75,0.5,0.0,0.0,1.0,60.95,0.0,1.75,0.0,7,yellow_tripdata_2025-07.parquet
2,2025-07-04 09:32:35,2025-07-04 09:43:59,1.0,2.15,1.0,N,262,151,1,13.5,0.0,0.5,5.9,0.0,1.0,23.4,2.5,0.0,0.0,7,yellow_tripdata_2025-07.parquet
2,2025-07-20 01:46:51,2025-07-20 01:53:24,,1.35,,,79,137,0,12.73,0.0,0.5,0.0,0.0,1.0,17.48,,,0.75,7,yellow_tripdata_2025-07.parquet
2,2025-07-03 12:19:39,2025-07-03 12:36:13,1.0,4.32,1.0,Y,48,166,1,22.6,0.0,0.5,5.47,0.0,1.0,32.82,2.5,0.0,0.75,7,yellow_tripdata_2025-07.parquet
2,2025-07-30 08:52:15,2025-07-30 09:01:06,1.0,1.33,1.0,N,158,13,1,10.7,0.0,0.5,2.0,0.0,1.0,17.45,2.5,0.0,0.75,7,yellow_tripdata_2025-07.parquet
1,2025-07-19 13:48:40,2025-07-19 14:13:54,1.0,1.2,1.0,N,237,163,1,20.5,3.25,0.5,2.0,0.0,1.0,27.25,2.5,0.0,0.75,7,yellow_tripdata_2025-07.parquet
1,2025-07-21 12:50:46,2025-07-21 12:54:16,1.0,0.5,1.0,N,142,142,2,5.1,2.5,0.5,0.0,0.0,1.0,9.1,2.5,0.0,0.0,7,yellow_tripdata_2025-07.parquet
2,2025-07-01 21:05:53,2025-07-01 21:11:18,,0.71,,,170,170,0,9.32,0.0,0.5,0.0,0.0,1.0,14.07,,,0.75,7,yellow_tripdata_2025-07.parquet
2,2025-07-04 17:35:32,2025-07-04 17:59:27,1.0,6.13,1.0,N,261,239,1,31.0,0.0,0.5,7.0,0.0,1.0,42.0,2.5,0.0,0.0,7,yellow_tripdata_2025-07.parquet
2,2025-07-15 23:21:39,2025-07-15 23:28:58,1.0,1.54,1.0,N,107,68,1,10.0,1.0,0.5,3.15,0.0,1.0,18.9,2.5,0.0,0.75,7,yellow_tripdata_2025-07.parquet
2,2025-07-18 14:47:12,2025-07-18 14:53:57,,0.78,,,50,48,0,6.96,0.0,0.5,0.0,0.0,1.0,11.71,,,0.75,7,yellow_tripdata_2025-07.parquet
1,2025-07-26 20:06:09,2025-07-26 20:30:58,,3.7,,,65,68,0,21.58,0.0,0.5,0.0,0.0,1.0,26.33,,,0.75,7,yellow_tripdata_2025-07.parquet
2,2025-07-04 15:09:44,2025-07-04 15:13:35,1.0,0.73,1.0,N,151,24,4,5.8,0.0,0.5,0.0,0.0,1.0,7.3,0.0,0.0,0.0,7,yellow_tripdata_2025-07.parquet
7,2025-07-17 16:21:06,2025-07-17 16:21:06,1.0,0.6,1.0,N,68,158,1,5.1,0.0,0.5,2.47,0.0,1.0,14.82,2.5,0.0,0.75,7,yellow_tripdata_2025-07.parquet
2,2025-07-23 16:25:39,2025-07-23 16:50:14,1.0,2.36,1.0,N,163,107,1,21.9,2.5,0.5,5.83,0.0,1.0,34.98,2.5,0.0,0.75,7,yellow_tripdata_2025-07.parquet
2,2025-07-23 20:20:42,2025-07-23 20:31:11,1.0,1.83,1.0,N,164,148,1,12.1,1.0,0.5,2.0,0.0,1.0,19.85,2.5,0.0,0.75,7,yellow_tripdata_2025-07.parquet
2,2025-07-26 19:42:49,2025-07-26 19:52:37,,1.69,,,174,241,0,10.24,0.0,0.5,0.0,0.0,1.0,11.74,,,0.0,7,yellow_tripdata_2025-07.parquet
2,2025-07-12 00:07:58,2025-07-12 00:23:19,1.0,2.94,1.0,N,114,230,1,17.0,1.0,0.5,0.0,0.0,1.0,22.75,2.5,0.0,0.75,7,yellow_tripdata_2025-07.parquet
2,2025-07-14 19:44:13,2025-07-14 19:58:39,,0.0,,,234,100,0,43.13,0.0,0.5,0.0,0.0,1.0,47.88,,,0.75,7,yellow_tripdata_2025-07.parquet
1,2025-07-06 13:36:29,2025-07-06 13:44:11,1.0,1.0,1.0,N,48,164,3,8.6,3.25,0.5,0.0,0.0,1.0,13.35,2.5,0.0,0.75,7,yellow_tripdata_2025-07.parquet
2,2025-07-14 20:28:47,2025-07-14 20:32:30,1.0,0.51,1.0,N,50,142,1,5.8,1.0,0.5,1.1,0.0,1.0,12.65,2.5,0.0,0.75,7,yellow_tripdata_2025-07.parquet
2,2025-07-02 06:03:37,2025-07-02 06:03:47,4.0,0.11,5.0,N,216,216,1,80.0,0.0,0.0,16.2,0.0,1.0,97.2,0.0,0.0,0.0,7,yellow_tripdata_2025-07.parquet
2,2025-07-17 06:13:48,2025-07-17 06:20:40,,2.29,,,238,74,0,15.91,0.0,0.5,0.0,0.0,1.0,17.41,,,0.0,7,yellow_tripdata_2025-07.parquet
2,2025-07-09 22:04:00,2025-07-09 22:09:38,2.0,0.84,1.0,N,68,50,1,7.2,1.0,0.5,2.59,0.0,1.0,15.54,2.5,0.0,0.75,7,yellow_tripdata_2025-07.parquet
2,2025-07-11 02:55:51,2025-07-11 03:01:55,1.0,0.79,1.0,N,113,148,2,7.2,1.0,0.5,0.0,0.0,1.0,12.95,2.5,0.0,0.75,7,yellow_tripdata_2025-07.parquet
2,2025-07-16 08:02:42,2025-07-16 08:13:30,,1.36,,,170,161,0,8.98,0.0,0.5,0.0,0.0,1.0,13.73,,,0.75,7,yellow_tripdata_2025-07.parquet
2,2025-07-23 22:36:53,2025-07-23 22:36:56,1.0,0.0,5.0,N,144,144,1,84.0,0.0,0.0,22.06,0.0,1.0,110.31,2.5,0.0,0.75,7,yellow_tripdata_2025-07.parquet
1,2025-07-01 09:56:44,2025-07-01 10:24:23,1.0,3.8,1.0,N,261,246,1,25.4,3.25,0.5,6.05,0.0,1.0,36.2,2.5,0.0,0.75,7,yellow_tripdata_2025-07.parquet
2,2025-07-06 16:45:15,2025-07-06 17:02:43,2.0,2.82,1.0,N,186,237,1,17.7,0.0,0.5,3.37,0.0,1.0,25.82,2.5,0.0,0.75,7,yellow_tripdata_2025-07.parquet
2,2025-07-31 16:02:06,2025-07-31 16:18:57,,2.38,,,145,7,0,32.6,0.0,0.5,0.0,0.0,1.0,34.1,,,0.0,7,yellow_tripdata_2025-07.parquet
2,2025-07-12 21:31:49,2025-07-12 21:37:09,1.0,0.91,1.0,N,79,107,1,7.2,1.0,0.5,2.59,0.0,1.0,15.54,2.5,0.0,0.75,7,yellow_tripdata_2025-07.parquet
2,2025-07-22 16:59:21,2025-07-22 17:12:14,1.0,2.4,1.0,N,233,263,2,14.2,2.5,0.5,0.0,0.0,1.0,21.45,2.5,0.0,0.75,7,yellow_tripdata_2025-07.parquet
2,2025-07-14 18:47:14,2025-07-14 19:01:49,5.0,2.02,1.0,N,246,137,1,14.2,2.5,0.5,4.29,0.0,1.0,25.74,2.5,0.0,0.75,7,yellow_tripdata_2025-07.parquet
2,2025-07-07 19:00:33,2025-07-07 19:17:49,1.0,5.33,1.0,N,231,239,1,25.4,2.5,0.5,4.9,0.0,1.0,37.55,2.5,0.0,0.75,7,yellow_tripdata_2025-07.parquet
2,2025-07-30 18:17:09,2025-07-30 18:48:48,1.0,5.5,1.0,N,148,142,1,31.7,2.5,0.5,0.0,0.0,1.0,38.95,2.5,0.0,0.75,7,yellow_tripdata_2025-07.parquet
2,2025-07-12 00:11:15,2025-07-12 01:25:22,,11.75,,,170,220,0,40.2,0.0,0.5,0.0,0.0,1.0,44.95,,,0.75,7,yellow_tripdata_2025-07.parquet
1,2025-07-12 15:21:01,2025-07-12 15:32:31,1.0,2.0,1.0,N,263,142,2,12.8,2.5,0.5,0.0,0.0,1.0,16.8,2.5,0.0,0.0,7,yellow_tripdata_2025-07.parquet
2,2025-07-26 15:35:29,2025-07-26 15:39:48,1.0,0.72,1.0,N,261,13,1,6.5,0.0,0.5,2.25,0.0,1.0,13.5,2.5,0.0,0.75,7,yellow_tripdata_2025-07.parquet
1,2025-07-26 12:19:44,2025-07-26 13:07:05,1.0,5.5,99.0,N,90,260,1,31.5,0.0,0.5,0.0,0.0,0.0,32.0,0.0,0.0,0.0,7,yellow_tripdata_2025-07.parquet
2,2025-07-25 22:38:13,2025-07-25 23:01:36,,3.67,,,163,144,0,22.12,0.0,0.5,0.0,0.0,1.0,26.87,,,0.75,7,yellow_tripdata_2025-07.parquet
2,2025-07-22 07:00:10,2025-07-22 07:10:08,,2.1,,,238,74,0,10.98,0.0,0.5,0.0,0.0,1.0,12.48,,,0.0,7,yellow_tripdata_2025-07.parquet
2,2025-07-03 17:58:01,2025-07-03 18:21:08,1.0,2.78,1.0,N,140,186,1,20.5,2.5,0.5,5.55,0.0,1.0,33.3,2.5,0.0,0.75,7,yellow_tripdata_2025-07.parquet
2,2025-07-30 16:56:25,2025-07-30 17:10:27,1.0,2.97,1.0,N,262,170,1,16.3,2.5,0.5,5.89,0.0,1.0,29.44,2.5,0.0,0.75,7,yellow_tripdata_2025-07.parquet
2,2025-07-22 05:52:18,2025-07-22 06:01:34,1.0,1.68,1.0,N,186,229,1,10.7,1.0,0.5,1.0,0.0,1.0,17.45,2.5,0.0,0.75,7,yellow_tripdata_2025-07.parquet
2,2025-07-10 08:39:53,2025-07-10 09:01:09,1.0,5.17,1.0,N,170,88,1,27.5,0.0,0.5,6.45,0.0,1.0,38.7,2.5,0.0,0.75,7,yellow_tripdata_2025-07.parquet
2,2025-07-18 15:56:50,2025-07-18 16:31:38,,0.34,,,75,186,0,31.93,0.0,0.5,0.0,0.0,1.0,36.68,,,0.75,7,yellow_tripdata_2025-07.parquet
2,2025-07-20 22:39:29,2025-07-20 23:33:25,1.0,21.49,2.0,N,132,261,1,70.0,0.0,0.5,14.95,0.0,1.0,91.45,2.5,1.75,0.75,7,yellow_tripdata_2025-07.parquet
2,2025-07-10 21:12:27,2025-07-10 21:21:07,3.0,1.3,1.0,N,163,141,1,9.3,1.0,0.5,2.26,0.0,1.0,17.31,2.5,0.0,0.75,7,yellow_tripdata_2025-07.parquet
2,2025-07-29 13:49:00,2025-07-29 14:15:00,,6.22,,,236,232,0,37.16,0.0,0.5,0.0,0.0,1.0,41.91,,,0.75,7,yellow_tripdata_2025-07.parquet
2,2025-07-03 19:26:46,2025-07-03 19:56:23,1.0,3.32,1.0,N,148,100,1,26.1,2.5,0.5,6.67,0.0,1.0,40.02,2.5,0.0,0.75,7,yellow_tripdata_2025-07.parquet
2,2025-07-10 21:28:14,2025-07-10 21:46:45,3.0,3.97,1.0,N,231,48,1,21.9,1.0,0.5,5.53,0.0,1.0,33.18,2.5,0.0,0.75,7,yellow_tripdata_2025-07.parquet
2,2025-07-11 09:41:50,2025-07-11 09:58:11,,4.72,,,100,238,0,-4.75,0.0,0.5,0.0,0.0,1.0,5.27,,,0.75,7,yellow_tripdata_2025-07.parquet
2,2025-07-19 19:02:22,2025-07-19 19:44:21,1.0,9.88,1.0,N,239,255,1,47.1,0.0,0.5,5.0,0.0,1.0,56.85,2.5,0.0,0.75,7,yellow_tripdata_2025-07.parquet
7,2025-07-07 15:24:05,2025-07-07 15:24:05,1.0,9.68,1.0,N,186,41,1,49.9,0.0,0.5,10.93,0.0,1.0,65.58,2.5,0.0,0.75,7,yellow_tripdata_2025-07.parquet
2,2025-07-31 14:22:45,2025-07-31 14:33:59,,1.1,,,158,249,0,-4.75,0.0,0.5,0.0,0.0,1.0,3.0,,,0.75,7,yellow_tripdata_2025-07.parquet
2,2025-07-19 18:03:12,2025-07-19 18:09:24,1.0,1.6,1.0,N,13,87,1,10.0,0.0,0.5,2.95,0.0,1.0,17.7,2.5,0.0,0.75,7,yellow_tripdata_2025-07.parquet
2,2025-07-14 17:49:19,2025-07-14 18:08:07,,0.0,,,188,61,0,16.96,0.0,0.5,0.0,0.0,1.0,18.46,,,0.0,7,yellow_tripdata_2025-07.parquet
2,2025-07-21 07:33:19,2025-07-21 07:44:05,1.0,0.72,1.0,N,162,100,1,10.7,0.0,0.5,4.0,0.0,1.0,19.45,2.5,0.0,0.75,7,yellow_tripdata_2025-07.parquet
2,2025-07-26 11:47:12,2025-07-26 12:02:55,1.0,3.01,1.0,N,237,238,1,18.4,0.0,0.5,4.63,0.0,1.0,27.78,2.5,0.0,0.75,7,yellow_tripdata_2025-07.parquet
2,2025-07-14 22:30:39,2025-07-14 22:41:28,1.0,2.06,1.0,N,161,249,1,12.8,1.0,0.5,3.71,0.0,1.0,22.26,2.5,0.0,0.75,7,yellow_tripdata_2025-07.parquet
2,2025-07-31 14:51:29,2025-07-31 16:33:57,,6.54,,,87,132,0,113.39,0.0,0.5,22.91,0.0,1.0,141.05,,,0.75,7,yellow_tripdata_2025-07.parquet
1,2025-07-03 11:55:54,2025-07-03 12:02:38,,0.9,,,229,140,0,8.43,0.0,0.5,0.0,0.0,1.0,13.18,,,0.75,7,yellow_tripdata_2025-07.parquet
2,2025-07-05 11:02:15,2025-07-05 11:10:30,1.0,1.65,1.0,N,142,161,1,10.0,0.0,0.5,2.95,0.0,1.0,17.7,2.5,0.0,0.75,7,yellow_tripdata_2025-07.parquet
2,2025-07-29 22:31:59,2025-07-29 22:41:23,4.0,1.56,1.0,N,234,211,1,10.7,1.0,0.5,3.29,0.0,1.0,19.74,2.5,0.0,0.75,7,yellow_tripdata_2025-07.parquet
2,2025-07-21 19:27:15,2025-07-21 19:33:34,1.0,0.93,1.0,N,48,163,2,7.9,2.5,0.5,0.0,0.0,1.0,15.15,2.5,0.0,0.75,7,yellow_tripdata_2025-07.parquet
2,2025-07-08 14:50:14,2025-07-08 14:58:27,1.0,0.78,1.0,N,186,234,1,9.3,0.0,0.5,2.81,0.0,1.0,16.86,2.5,0.0,0.75,7,yellow_tripdata_2025-07.parquet
2,2025-07-04 17:23:51,2025-07-04 17:45:36,,9.89,,,248,83,0,31.16,0.0,0.5,0.0,6.94,1.0,39.6,,,0.0,7,yellow_tripdata_2025-07.parquet
2,2025-07-23 08:56:10,2025-07-23 09:15:13,1.0,2.88,1.0,N,140,48,2,19.1,0.0,0.5,0.0,0.0,1.0,23.85,2.5,0.0,0.75,7,yellow_tripdata_2025-07.parquet
2,2025-07-24 14:55:41,2025-07-24 16:09:27,2.0,17.21,2.0,N,132,230,2,70.0,0.0,0.5,0.0,6.94,1.0,83.44,2.5,1.75,0.75,7,yellow_tripdata_2025-07.parquet
2,2025-07-02 17:53:26,2025-07-02 18:10:29,,2.27,,,255,37,0,16.38,0.0,0.5,0.0,0.0,1.0,17.88,,,0.0,7,yellow_tripdata_2025-07.parquet
2,2025-07-15 22:00:15,2025-07-15 22:25:22,,6.05,,,230,116,0,34.85,0.0,0.5,0.0,0.0,1.0,39.6,,,0.75,7,yellow_tripdata_2025-07.parquet
2,2025-07-28 19:02:40,2025-07-28 19:37:55,1.0,3.16,1.0,N,162,249,1,30.3,2.5,0.5,1.5,0.0,1.0,39.05,2.5,0.0,0.75,7,yellow_tripdata_2025-07.parquet
2,2025-07-25 13:51:42,2025-07-25 14:09:09,1.0,2.71,1.0,N,161,263,1,18.4,0.0,0.5,2.0,0.0,1.0,25.15,2.5,0.0,0.75,7,yellow_tripdata_2025-07.parquet
2,2025-07-31 08:33:33,2025-07-31 08:43:14,1.0,1.82,1.0,N,263,161,1,11.4,0.0,0.5,4.84,0.0,1.0,20.99,2.5,0.0,0.75,7,yellow_tripdata_2025-07.parquet
2,2025-07-12 19:44:02,2025-07-12 19:48:14,1.0,2.81,1.0,N,132,10,2,12.1,0.0,0.5,0.0,0.0,1.0,13.6,0.0,0.0,0.0,7,yellow_tripdata_2025-07.parquet
2,2025-07-13 09:34:45,2025-07-13 09:34:52,4.0,0.01,5.0,N,143,143,1,70.0,0.0,0.0,0.0,0.0,1.0,74.25,2.5,0.0,0.75,7,yellow_tripdata_2025-07.parquet
2,2025-07-13 22:12:30,2025-07-13 22:23:18,2.0,1.01,1.0,N,161,186,1,10.7,1.0,0.5,3.29,0.0,1.0,19.74,2.5,0.0,0.75,7,yellow_tripdata_2025-07.parquet
2,2025-07-16 18:06:12,2025-07-16 18:18:12,1.0,1.65,1.0,N,137,141,1,12.8,2.5,0.5,3.0,0.0,1.0,23.05,2.5,0.0,0.75,7,yellow_tripdata_2025-07.parquet
2,2025-08-16 18:43:40,2025-08-16 18:48:08,1.0,0.86,1.0,N,246,246,1,6.5,0.0,0.5,2.0,0.0,1.0,13.25,2.5,0.0,0.75,8,yellow_tripdata_2025-08.parquet
2,2025-08-26 20:19:24,2025-08-26 20:40:59,1.0,8.36,1.0,N,132,76,2,34.5,1.0,0.5,0.0,0.0,1.0,38.75,0.0,1.75,0.0,8,yellow_tripdata_2025-08.parquet
2,2025-08-02 17:49:17,2025-08-02 18:09:22,2.0,1.45,1.0,N,68,162,1,17.7,0.0,0.5,2.0,0.0,1.0,24.45,2.5,0.0,0.75,8,yellow_tripdata_2025-08.parquet
2,2025-08-01 23:31:20,2025-08-02 00:01:36,1.0,14.16,1.0,N,95,140,1,57.6,1.0,0.5,12.0,6.94,1.0,81.54,2.5,0.0,0.0,8,yellow_tripdata_2025-08.parquet
2,2025-08-09 04:19:11,2025-08-09 04:32:54,,5.69,,,261,162,0,20.97,0.0,0.5,0.0,0.0,1.0,25.72,,,0.75,8,yellow_tripdata_2025-08.parquet
2,2025-08-20 23:16:16,2025-08-20 23:27:48,1.0,1.89,1.0,N,68,107,1,12.8,1.0,0.5,1.0,0.0,1.0,19.55,2.5,0.0,0.75,8,yellow_tripdata_2025-08.parquet
2,2025-08-21 15:10:30,2025-08-21 15:51:29,1.0,11.44,1.0,N,68,138,1,49.9,5.0,0.5,13.32,6.94,1.0,79.91,2.5,0.0,0.75,8,yellow_tripdata_2025-08.parquet
2,2025-08-25 17:17:15,2025-08-25 17:25:35,1.0,1.8,1.0,N,246,125,1,11.4,2.5,0.5,3.73,0.0,1.0,22.38,2.5,0.0,0.75,8,yellow_tripdata_2025-08.parquet
2,2025-08-18 14:15:50,2025-08-18 14:25:15,1.0,0.84,1.0,N,237,230,3,-10.0,0.0,-0.5,0.0,0.0,-1.0,-14.75,-2.5,0.0,-0.75,8,yellow_tripdata_2025-08.parquet
1,2025-08-24 10:09:53,2025-08-24 10:23:41,2.0,2.8,1.0,N,236,186,2,16.3,3.25,0.5,0.0,0.0,1.0,21.05,2.5,0.0,0.75,8,yellow_tripdata_2025-08.parquet
2,2025-08-24 21:47:49,2025-08-24 21:53:26,1.0,0.72,1.0,N,163,237,2,7.2,1.0,0.5,0.0,0.0,1.0,12.95,2.5,0.0,0.75,8,yellow_tripdata_2025-08.parquet
2,2025-08-03 13:33:21,2025-08-03 13:49:05,1.0,3.31,1.0,N,186,239,1,18.4,0.0,0.5,4.63,0.0,1.0,27.78,2.5,0.0,0.75,8,yellow_tripdata_2025-08.parquet
2,2025-08-13 20:52:43,2025-08-13 21:12:53,,7.21,,,68,116,0,29.38,0.0,0.5,0.0,0.0,1.0,34.13,,,0.75,8,yellow_tripdata_2025-08.parquet
2,2025-08-08 19:49:55,2025-08-08 20:27:56,1.0,11.09,1.0,N,186,62,1,49.9,2.5,0.5,12.82,6.94,1.0,76.91,2.5,0.0,0.75,8,yellow_tripdata_2025-08.parquet
2,2025-08-24 23:09:00,2025-08-24 23:20:30,1.0,4.29,1.0,N,170,87,1,19.8,1.0,0.5,6.39,0.0,1.0,31.94,2.5,0.0,0.75,8,yellow_tripdata_2025-08.parquet
2,2025-08-03 18:02:50,2025-08-03 18:59:41,2.0,17.61,1.0,N,138,89,1,79.3,5.0,0.5,17.16,0.0,1.0,104.71,0.0,1.75,0.0,8,yellow_tripdata_2025-08.parquet
1,2025-08-13 16:42:53,2025-08-13 16:52:42,1.0,1.1,1.0,N,162,107,1,10.7,5.75,0.5,3.59,0.0,1.0,21.54,2.5,0.0,0.75,8,yellow_tripdata_2025-08.parquet
1,2025-08-01 07:15:39,2025-08-01 07:29:16,1.0,2.9,1.0,N,170,236,1,16.3,3.25,0.5,4.2,0.0,1.0,25.25,2.5,0.0,0.75,8,yellow_tripdata_2025-08.parquet
2,2025-08-14 19:03:07,2025-08-14 19:11:59,2.0,0.73,1.0,N,233,161,1,9.3,2.5,0.5,2.0,0.0,1.0,18.55,2.5,0.0,0.75,8,yellow_tripdata_2025-08.parquet
2,2025-08-19 11:19:06,2025-08-19 12:29:32,2.0,20.96,2.0,N,132,88,1,70.0,0.0,0.5,16.34,6.94,1.0,99.78,2.5,1.75,0.75,8,yellow_tripdata_2025-08.parquet
2,2025-08-12 14:47:47,2025-08-12 15:15:12,,2.78,,,164,43,0,-4.75,0.0,0.5,0.0,0.0,1.0,3.93,,,0.75,8,yellow_tripdata_2025-08.parquet
2,2025-08-17 10:10:26,2025-08-17 10:29:04,1.0,1.55,1.0,N,233,239,1,16.3,0.0,0.5,4.21,0.0,1.0,25.26,2.5,0.0,0.75,8,yellow_tripdata_2025-08.parquet
2,2025-08-03 19:24:30,2025-08-03 19:39:45,,2.39,,,179,145,0,14.37,0.0,0.5,0.0,0.0,1.0,15.87,,,0.0,8,yellow_tripdata_2025-08.parquet
2,2025-08-26 17:55:26,2025-08-26 18:18:11,1.0,5.68,1.0,N,87,48,1,28.9,2.5,0.5,7.23,0.0,1.0,43.38,2.5,0.0,0.75,8,yellow_tripdata_2025-08.parquet
1,2025-08-25 16:18:18,2025-08-25 17:14:34,1.0,15.4,99.0,N,130,108,1,49.5,0.0,0.5,0.0,0.0,0.0,50.0,0.0,0.0,0.0,8,yellow_tripdata_2025-08.parquet
2,2025-08-23 02:10:26,2025-08-23 02:28:39,,8.08,,,74,148,0,-1.8,0.0,0.5,0.0,0.0,1.0,2.95,,,0.75,8,yellow_tripdata_2025-08.parquet
2,2025-08-27 21:33:07,2025-08-27 21:50:02,2.0,2.28,1.0,N,158,148,1,17.0,1.0,0.5,4.55,0.0,1.0,27.3,2.5,0.0,0.75,8,yellow_tripdata_2025-08.parquet
2,2025-08-23 18:25:45,2025-08-23 18:36:17,3.0,1.58,1.0,N,90,170,1,12.1,0.0,0.5,2.0,0.0,1.0,18.85,2.5,0.0,0.75,8,yellow_tripdata_2025-08.parquet
2,2025-08-25 19:33:36,2025-08-25 19:38:46,2.0,0.6,1.0,N,237,237,1,7.2,2.5,0.5,2.74,0.0,1.0,16.44,2.5,0.0,0.0,8,yellow_tripdata_2025-08.parquet
2,2025-08-24 17:16:20,2025-08-24 17:45:54,2.0,8.77,1.0,N,237,80,2,40.1,0.0,0.5,0.0,0.0,1.0,44.85,2.5,0.0,0.75,8,yellow_tripdata_2025-08.parquet
2,2025-08-11 17:53:19,2025-08-11 18:09:25,1.0,1.83,1.0,N,237,164,2,13.5,2.5,0.5,0.0,0.0,1.0,20.75,2.5,0.0,0.75,8,yellow_tripdata_2025-08.parquet
2,2025-08-01 13:55:43,2025-08-01 14:17:02,3.0,4.49,1.0,N,186,88,2,24.7,0.0,0.5,0.0,0.0,1.0,29.45,2.5,0.0,0.75,8,yellow_tripdata_2025-08.parquet
2,2025-08-26 21:46:45,2025-08-26 22:10:45,1.0,9.6,1.0,N,138,239,1,40.1,6.0,0.5,10.58,6.94,1.0,69.37,2.5,1.75,0.0,8,yellow_tripdata_2025-08.parquet
2,2025-08-17 17:02:19,2025-08-17 17:17:54,1.0,2.29,1.0,N,162,144,1,16.3,0.0,0.5,4.21,0.0,1.0,25.26,2.5,0.0,0.75,8,yellow_tripdata_2025-08.parquet
2,2025-08-23 23:13:21,2025-08-23 23:27:07,1.0,3.34,1.0,N,164,236,1,15.6,1.0,0.5,4.27,0.0,1.0,25.62,2.5,0.0,0.75,8,yellow_tripdata_2025-08.parquet
2,2025-08-22 17:33:25,2025-08-22 17:48:33,1.0,2.11,1.0,N,161,113,1,14.9,2.5,0.5,4.43,0.0,1.0,26.58,2.5,0.0,0.75,8,yellow_tripdata_2025-08.parquet
2,2025-08-30 06:20:48,2025-08-30 06:37:04,1.0,10.61,1.0,N,132,226,2,40.1,0.0,0.5,0.0,0.0,1.0,43.35,0.0,1.75,0.0,8,yellow_tripdata_2025-08.parquet
1,2025-08-20 15:32:40,2025-08-20 15:42:10,1.0,1.1,1.0,N,79,234,1,10.0,3.25,0.5,2.95,0.0,1.0,17.7,2.5,0.0,0.75,8,yellow_tripdata_2025-08.parquet
2,2025-08-31 12:07:18,2025-08-31 12:21:31,1.0,5.78,1.0,N,141,148,1,25.4,0.0,0.5,3.02,0.0,1.0,33.17,2.5,0.0,0.75,8,yellow_tripdata_2025-08.parquet
1,2025-08-26 23:49:00,2025-08-26 23:55:29,1.0,1.2,1.0,N,148,125,1,7.9,4.25,0.5,3.4,0.0,1.0,17.05,2.5,0.0,0.75,8,yellow_tripdata_2025-08.parquet
1,2025-08-01 10:52:17,2025-08-01 10:59:03,1.0,0.9,1.0,N,140,237,2,7.9,2.5,0.5,0.0,0.0,1.0,11.9,2.5,0.0,0.0,8,yellow_tripdata_2025-08.parquet
1,2025-08-31 18:03:55,2025-08-31 18:35:19,,1.2,,,100,161,0,24.7,0.0,0.5,5.89,0.0,1.0,35.34,,,0.75,8,yellow_tripdata_2025-08.parquet
1,2025-08-25 18:03:34,2025-08-25 18:26:18,1.0,8.0,1.0,N,138,166,1,35.2,9.25,0.5,10.55,6.94,1.0,63.44,0.0,1.75,0.0,8,yellow_tripdata_2025-08.parquet
2,2025-08-09 00:53:33,2025-08-09 01:07:40,,3.68,,,141,79,0,15.31,0.0,0.5,0.0,0.0,1.0,20.06,,,0.75,8,yellow_tripdata_2025-08.parquet
2,2025-08-19 07:41:01,2025-08-19 08:10:06,,6.08,,,69,238,0,6.7,0.0,0.5,0.0,0.0,1.0,10.7,,,0.0,8,yellow_tripdata_2025-08.parquet
2,2025-08-13 09:44:45,2025-08-13 09:52:02,1.0,0.99,1.0,N,262,263,1,8.6,0.0,0.5,1.89,0.0,1.0,14.49,2.5,0.0,0.0,8,yellow_tripdata_2025-08.parquet
1,2025-08-21 08:37:08,2025-08-21 08:48:01,3.0,1.3,1.0,N,233,264,1,10.0,3.25,0.5,5.0,0.0,1.0,19.75,2.5,0.0,0.75,8,yellow_tripdata_2025-08.parquet
2,2025-08-27 16:34:04,2025-08-27 16:39:10,1.0,1.16,1.0,N,234,249,1,7.2,2.5,0.5,2.89,0.0,1.0,17.34,2.5,0.0,0.75,8,yellow_tripdata_2025-08.parquet
2,2025-08-23 08:49:00,2025-08-23 09:09:00,,5.34,,,213,42,0,2.52,0.0,0.5,0.0,0.0,1.0,4.02,,,0.0,8,yellow_tripdata_2025-08.parquet
2,2025-08-18 01:16:19,2025-08-18 01:44:32,1.0,10.32,1.0,N,138,48,1,43.6,6.0,0.5,10.87,0.0,1.0,66.97,2.5,1.75,0.75,8,yellow_tripdata_2025-08.parquet
2,2025-08-28 10:45:16,2025-08-28 10:51:08,1.0,0.59,1.0,N,137,170,1,7.2,0.0,0.5,2.39,0.0,1.0,14.34,2.5,0.0,0.75,8,yellow_tripdata_2025-08.parquet
2,2025-08-16 21:48:31,2025-08-16 22:11:12,,2.74,,,230,79,0,-4.75,0.0,0.5,0.0,0.0,1.0,5.35,,,0.75,8,yellow_tripdata_2025-08.parquet
2,2025-08-22 21:48:11,2025-08-22 22:02:16,,5.71,,,107,66,0,-2.42,0.0,0.5,0.0,0.0,1.0,2.33,,,0.75,8,yellow_tripdata_2025-08.parquet
2,2025-08-22 18:43:31,2025-08-22 18:50:28,,0.01,,,137,162,0,-2.53,0.0,0.5,0.0,0.0,1.0,2.22,,,0.75,8,yellow_tripdata_2025-08.parquet
2,2025-08-03 00:36:07,2025-08-03 00:45:30,1.0,1.04,1.0,N,249,234,1,10.0,1.0,0.5,3.15,0.0,1.0,18.9,2.5,0.0,0.75,8,yellow_tripdata_2025-08.parquet
1,2025-08-18 10:00:06,2025-08-18 10:21:34,1.0,3.7,99.0,N,77,225,1,22.5,0.0,0.5,0.0,0.0,0.0,23.0,0.0,0.0,0.0,8,yellow_tripdata_2025-08.parquet
2,2025-08-08 16:08:00,2025-08-08 16:19:10,1.0,1.35,1.0,N,229,237,1,11.4,2.5,0.5,3.73,0.0,1.0,22.38,2.5,0.0,0.75,8,yellow_tripdata_2025-08.parquet
2,2025-08-18 20:37:03,2025-08-18 21:15:05,,21.4,,,229,265,0,20.57,0.0,0.5,0.0,6.94,1.0,32.26,,,0.75,8,yellow_tripdata_2025-08.parquet
2,2025-08-23 19:30:26,2025-08-23 19:44:47,1.0,2.36,1.0,N,45,90,4,14.9,0.0,0.5,0.0,0.0,1.0,19.65,2.5,0.0,0.75,8,yellow_tripdata_2025-08.parquet
2,2025-08-23 22:36:48,2025-08-23 22:47:48,2.0,1.26,1.0,N,230,170,4,-11.4,-1.0,-0.5,0.0,0.0,-1.0,-17.15,-2.5,0.0,-0.75,8,yellow_tripdata_2025-08.parquet
2,2025-08-07 14:50:42,2025-08-07 15:19:52,1.0,8.04,1.0,N,229,138,1,36.6,5.0,0.5,9.27,0.0,1.0,55.62,2.5,0.0,0.75,8,yellow_tripdata_2025-08.parquet
2,2025-08-21 18:43:12,2025-08-21 19:56:51,3.0,17.56,1.0,N,132,97,1,81.4,2.5,0.5,17.08,0.0,1.0,104.23,0.0,1.75,0.0,8,yellow_tripdata_2025-08.parquet
2,2025-08-30 22:04:54,2025-08-30 22:08:34,1.0,0.61,1.0,N,141,237,1,5.8,1.0,0.5,2.16,0.0,1.0,12.96,2.5,0.0,0.0,8,yellow_tripdata_2025-08.parquet
2,2025-08-21 17:13:44,2025-08-21 18:21:28,1.0,17.69,2.0,N,132,75,4,-70.0,-5.0,-0.5,0.0,-6.94,-1.0,-85.19,0.0,-1.75,0.0,8,yellow_tripdata_2025-08.parquet
1,2025-08-07 15:29:13,2025-08-07 15:34:45,0.0,1.0,1.0,N,170,234,1,7.2,3.25,0.5,2.35,0.0,1.0,14.3,2.5,0.0,0.75,8,yellow_tripdata_2025-08.parquet
1,2025-08-17 18:28:17,2025-08-17 18:37:04,1.0,0.6,1.0,N,33,33,1,9.3,0.0,0.5,2.7,0.0,1.0,13.5,0.0,0.0,0.0,8,yellow_tripdata_2025-08.parquet
2,2025-08-08 16:29:28,2025-08-08 16:40:24,,1.49,,,48,170,0,13.69,0.0,0.5,0.0,0.0,1.0,18.44,,,0.75,8,yellow_tripdata_2025-08.parquet
2,2025-08-13 12:59:34,2025-08-13 13:08:45,1.0,2.01,1.0,N,143,161,1,11.4,0.0,0.5,4.04,0.0,1.0,20.19,2.5,0.0,0.75,8,yellow_tripdata_2025-08.parquet
2,2025-08-22 14:53:02,2025-08-22 14:56:00,1.0,0.59,1.0,N,141,237,1,5.8,0.0,0.5,1.96,0.0,1.0,11.76,2.5,0.0,0.0,8,yellow_tripdata_2025-08.parquet
2,2025-08-16 11:58:43,2025-08-16 12:07:09,1.0,0.82,1.0,N,237,237,2,9.3,0.0,0.5,0.0,0.0,1.0,13.3,2.5,0.0,0.0,8,yellow_tripdata_2025-08.parquet
2,2025-08-01 21:25:20,2025-08-01 22:01:12,1.0,10.65,1.0,N,138,158,1,48.5,6.0,0.5,13.24,6.94,1.0,81.18,2.5,1.75,0.75,8,yellow_tripdata_2025-08.parquet
2,2025-08-02 14:25:38,2025-08-02 14:57:11,1.0,2.04,1.0,N,186,237,1,25.4,0.0,0.5,6.03,0.0,1.0,36.18,2.5,0.0,0.75,8,yellow_tripdata_2025-08.parquet
2,2025-08-16 01:07:01,2025-08-16 01:26:23,1.0,5.34,1.0,N,239,137,1,25.4,1.0,0.5,2.8,0.0,1.0,33.95,2.5,0.0,0.75,8,yellow_tripdata_2025-08.parquet
2,2025-08-14 18:02:38,2025-08-14 18:13:34,1.0,1.0,1.0,N,186,100,1,10.7,2.5,0.5,3.0,0.0,1.0,20.95,2.5,0.0,0.75,8,yellow_tripdata_2025-08.parquet
1,2025-08-01 20:33:02,2025-08-01 20:41:34,1.0,0.9,1.0,N,170,79,1,8.6,4.25,0.5,1.0,0.0,1.0,15.35,2.5,0.0,0.75,8,yellow_tripdata_2025-08.parquet
2,2025-08-17 15:37:11,2025-08-17 15:40:49,1.0,1.14,1.0,N,233,140,1,7.2,0.0,0.5,2.39,0.0,1.0,14.34,2.5,0.0,0.75,8,yellow_tripdata_2025-08.parquet
2,2025-08-18 21:28:42,2025-08-18 21:39:17,1.0,2.85,1.0,N,263,48,1,14.2,1.0,0.5,3.0,0.0,1.0,22.95,2.5,0.0,0.75,8,yellow_tripdata_2025-08.parquet
2,2025-08-08 21:09:53,2025-08-08 21:29:31,,4.03,,,231,48,0,19.26,0.0,0.5,0.0,0.0,1.0,24.01,,,0.75,8,yellow_tripdata_2025-08.parquet
2,2025-08-03 11:39:27,2025-08-03 11:44:01,1.0,0.8,1.0,N,48,246,2,7.2,0.0,0.5,0.0,0.0,1.0,11.95,2.5,0.0,0.75,8,yellow_tripdata_2025-08.parquet
2,2025-08-27 20:39:24,2025-08-27 20:47:04,,1.55,,,161,234,0,10.27,0.0,0.5,0.0,0.0,1.0,15.02,,,0.75,8,yellow_tripdata_2025-08.parquet
2,2025-08-23 13:19:56,2025-08-23 13:34:03,2.0,2.81,1.0,N,43,151,1,16.3,0.0,0.5,3.0,0.0,1.0,24.05,2.5,0.0,0.75,8,yellow_tripdata_2025-08.parquet
2,2025-08-06 22:06:29,2025-08-06 22:11:15,1.0,0.65,1.0,N,161,163,1,6.5,1.0,0.5,1.5,0.0,1.0,13.75,2.5,0.0,0.75,8,yellow_tripdata_2025-08.parquet
2,2025-08-15 17:35:18,2025-08-15 17:46:42,2.0,2.14,1.0,N,24,142,1,13.5,2.5,0.5,4.0,0.0,1.0,24.0,2.5,0.0,0.0,8,yellow_tripdata_2025-08.parquet
1,2025-08-16 13:44:49,2025-08-16 14:04:17,1.0,3.4,99.0,N,74,168,1,21.5,0.0,0.5,0.0,0.0,0.0,22.0,0.0,0.0,0.0,8,yellow_tripdata_2025-08.parquet
2,2025-08-30 21:26:03,2025-08-30 21:49:10,1.0,3.48,1.0,N,161,231,1,21.9,1.0,0.5,2.0,0.0,1.0,29.65,2.5,0.0,0.75,8,yellow_tripdata_2025-08.parquet
2,2025-08-20 22:56:08,2025-08-20 23:00:16,1.0,0.93,1.0,N,186,234,1,6.5,1.0,0.5,2.45,0.0,1.0,14.7,2.5,0.0,0.75,8,yellow_tripdata_2025-08.parquet
2,2025-08-16 12:20:27,2025-08-16 13:47:04,,21.4,,,140,86,0,-4.75,0.0,0.5,0.0,0.0,1.0,8.76,,,0.75,8,yellow_tripdata_2025-08.parquet
2,2025-08-29 09:00:38,2025-08-29 09:11:58,1.0,1.24,1.0,N,141,236,1,11.4,0.0,0.5,2.16,0.0,1.0,17.56,2.5,0.0,0.0,8,yellow_tripdata_2025-08.parquet
2,2025-08-09 22:30:19,2025-08-09 22:57:47,2.0,5.86,4.0,N,230,265,4,47.8,1.0,0.0,0.0,14.06,1.0,64.61,0.0,0.0,0.75,8,yellow_tripdata_2025-08.parquet
2,2025-08-26 16:01:18,2025-08-26 16:01:24,2.0,0.05,5.0,N,265,265,1,59.0,0.0,0.0,0.0,0.0,1.0,60.0,0.0,0.0,0.0,8,yellow_tripdata_2025-08.parquet
2,2025-08-31 22:47:53,2025-08-31 23:10:39,,7.81,,,82,116,0,26.89,0.0,0.5,0.0,6.94,1.0,35.33,,,0.0,8,yellow_tripdata_2025-08.parquet
2,2025-08-20 23:00:51,2025-08-20 23:08:07,,1.29,,,114,231,0,0.21,0.0,0.5,0.0,0.0,1.0,4.96,,,0.75,8,yellow_tripdata_2025-08.parquet
1,2025-08-12 18:32:22,2025-08-12 18:43:36,1.0,2.7,1.0,N,142,166,1,13.5,5.0,0.5,4.0,0.0,1.0,24.0,2.5,0.0,0.0,8,yellow_tripdata_2025-08.parquet
2,2025-08-27 19:23:59,2025-08-27 19:38:48,1.0,2.16,1.0,N,90,48,1,14.2,2.5,0.5,4.29,0.0,1.0,25.74,2.5,0.0,0.75,8,yellow_tripdata_2025-08.parquet
1,2025-08-14 19:49:52,2025-08-14 19:57:07,1.0,1.8,1.0,N,246,143,1,10.0,5.75,0.5,0.0,0.0,1.0,17.25,2.5,0.0,0.75,8,yellow_tripdata_2025-08.parquet
2,2025-08-14 16:09:13,2025-08-14 16:21:53,1.0,1.69,1.0,N,211,249,1,12.8,0.0,0.5,3.51,0.0,1.0,21.06,2.5,0.0,0.75,8,yellow_tripdata_2025-08.parquet
2,2025-08-09 12:21:09,2025-08-09 12:51:36,,6.68,,,143,45,0,29.28,0.0,0.5,0.0,0.0,1.0,34.03,,,0.75,8,yellow_tripdata_2025-08.parquet
1,2025-08-10 16:38:32,2025-08-10 16:46:16,,1.7,,,166,239,0,14.13,0.0,0.5,0.0,0.0,1.0,18.13,,,0.0,8,yellow_tripdata_2025-08.parquet
2,2025-08-13 08:16:11,2025-08-13 08:36:30,1.0,3.41,1.0,N,186,231,1,21.2,0.0,0.5,2.6,0.0,1.0,28.55,2.5,0.0,0.75,8,yellow_tripdata_2025-08.parquet
7,2025-08-05 20:21:23,2025-08-05 20:21:23,1.0,1.55,1.0,N,231,249,1,9.3,0.0,0.5,0.5,0.0,1.0,15.55,2.5,0.0,0.75,8,yellow_tripdata_2025-08.parquet
2,2025-08-22 22:08:18,2025-08-22 22:31:20,1.0,1.35,1.0,N,48,164,1,19.1,1.0,0.5,4.97,0.0,1.0,29.82,2.5,0.0,0.75,8,yellow_tripdata_2025-08.parquet
1,2025-08-05 19:59:55,2025-08-05 20:06:56,1.0,1.2,1.0,N,237,142,1,8.6,5.0,0.5,3.0,0.0,1.0,18.1,2.5,0.0,0.0,8,yellow_tripdata_2025-08.parquet
1,2025-08-09 11:00:36,2025-08-09 11:16:23,1.0,3.2,1.0,N,151,140,1,18.4,2.5,0.5,4.45,0.0,1.0,26.85,2.5,0.0,0.0,8,yellow_tripdata_2025-08.parquet
2,2025-08-30 05:47:33,2025-08-30 05:53:07,,1.4,,,113,234,0,7.5,0.0,0.5,0.0,0.0,1.0,12.25,,,0.75,8,yellow_tripdata_2025-08.parquet
2,2025-08-22 17:38:22,2025-08-22 18:38:12,3.0,18.55,2.0,N,132,148,1,70.0,5.0,0.5,15.95,0.0,1.0,97.45,2.5,1.75,0.75,8,yellow_tripdata_2025-08.parquet
2,2025-08-09 12:53:01,2025-08-09 13:01:11,,1.51,,,211,68,0,11.14,0.0,0.5,0.0,0.0,1.0,15.89,,,0.75,8,yellow_tripdata_2025-08.parquet
2,2025-08-04 12:57:47,2025-08-04 13:05:11,3.0,1.09,1.0,N,234,114,1,8.6,0.0,0.5,1.34,0.0,1.0,14.69,2.5,0.0,0.75,8,yellow_tripdata_2025-08.parquet
2,2025-08-13 12:31:29,2025-08-13 12:51:21,1.0,4.13,1.0,N,246,75,1,24.0,0.0,0.5,5.6,0.0,1.0,33.6,2.5,0.0,0.0,8,yellow_tripdata_2025-08.parquet
1,2025-08-29 16:10:12,2025-08-29 17:25:24,1.0,19.6,2.0,N,132,163,1,70.0,10.0,0.5,22.1,6.94,1.0,110.54,2.5,1.75,0.75,8,yellow_tripdata_2025-08.parquet
2,2025-08-29 11:58:56,2025-08-29 12:17:15,1.0,2.71,1.0,N,230,237,2,17.7,0.0,0.5,0.0,0.0,1.0,22.45,2.5,0.0,0.75,8,yellow_tripdata_2025-08.parquet
1,2025-08-23 04:29:14,2025-08-23 04:59:06,1.0,7.9,1.0,N,107,181,1,34.5,4.25,0.5,8.05,0.0,1.0,48.3,2.5,0.0,0.75,8,yellow_tripdata_2025-08.parquet
2,2025-08-07 18:43:35,2025-08-07 18:58:30,2.0,2.0,1.0,N,161,249,1,14.9,2.5,0.5,4.43,0.0,1.0,26.58,2.5,0.0,0.75,8,yellow_tripdata_2025-08.parquet
2,2025-08-04 16:53:23,2025-08-04 16:59:24,1.0,0.78,1.0,N,141,140,1,7.2,2.5,0.5,2.89,0.0,1.0,17.34,2.5,0.0,0.75,8,yellow_tripdata_2025-08.parquet
2,2025-08-19 21:10:07,2025-08-19 21:23:59,,5.8,,,233,168,0,-5.51,0.0,0.5,0.0,0.0,1.0,3.54,,,0.75,8,yellow_tripdata_2025-08.parquet
1,2025-08-02 12:21:13,2025-08-02 12:27:36,1.0,1.3,1.0,N,143,48,1,9.3,3.25,0.5,2.8,0.0,1.0,16.85,2.5,0.0,0.75,8,yellow_tripdata_2025-08.parquet
2,2025-08-06 19:50:11,2025-08-06 20:13:02,1.0,5.51,1.0,N,230,87,1,28.2,2.5,0.5,5.32,0.0,1.0,40.77,2.5,0.0,0.75,8,yellow_tripdata_2025-08.parquet
2,2025-08-20 20:14:13,2025-08-20 20:23:23,,0.98,,,233,161,0,5.67,0.0,0.5,0.0,0.0,1.0,10.42,,,0.75,8,yellow_tripdata_2025-08.parquet
2,2025-08-20 16:45:12,2025-08-20 16:55:02,1.0,1.46,1.0,N,236,142,1,11.4,2.5,0.5,3.58,0.0,1.0,21.48,2.5,0.0,0.0,8,yellow_tripdata_2025-08.parquet
2,2025-08-09 09:00:31,2025-08-09 09:18:37,1.0,4.21,1.0,N,41,239,1,22.6,0.0,0.5,7.98,0.0,1.0,34.58,2.5,0.0,0.0,8,yellow_tripdata_2025-08.parquet
1,2025-08-01 20:54:23,2025-08-01 21:05:55,1.0,1.6,1.0,N,234,50,1,11.4,4.25,0.5,2.0,0.0,1.0,19.15,2.5,0.0,0.75,8,yellow_tripdata_2025-08.parquet
2,2025-08-13 13:48:48,2025-08-13 14:14:07,1.0,8.06,1.0,N,87,123,1,36.6,0.0,0.5,9.66,6.94,1.0,57.95,2.5,0.0,0.75,8,yellow_tripdata_2025-08.parquet
2,2025-08-19 19:39:58,2025-08-19 19:47:25,2.0,0.93,1.0,N,234,79,1,8.6,2.5,0.5,3.17,0.0,1.0,19.02,2.5,0.0,0.75,8,yellow_tripdata_2025-08.parquet
2,2025-08-12 23:30:33,2025-08-12 23:53:13,,4.81,,,255,140,0,-4.0,0.0,0.5,0.0,0.0,1.0,5.0,,,0.0,8,yellow_tripdata_2025-08.parquet
2,2025-08-02 16:41:55,2025-08-02 16:46:32,1.0,0.53,1.0,N,262,140,1,6.5,0.0,0.5,2.1,0.0,1.0,12.6,2.5,0.0,0.0,8,yellow_tripdata_2025-08.parquet
2,2025-08-24 01:10:26,2025-08-24 01:24:25,1.0,4.82,1.0,N,148,141,1,21.9,1.0,0.5,5.53,0.0,1.0,33.18,2.5,0.0,0.75,8,yellow_tripdata_2025-08.parquet
2,2025-08-04 22:50:22,2025-08-04 23:00:40,5.0,1.31,1.0,N,48,246,1,8.6,1.0,0.5,4.3,0.0,1.0,18.65,2.5,0.0,0.75,8,yellow_tripdata_2025-08.parquet
1,2025-08-31 08:43:42,2025-08-31 08:54:48,1.0,1.7,1.0,N,141,230,1,11.4,3.25,0.5,3.25,0.0,1.0,19.4,2.5,0.0,0.75,8,yellow_tripdata_2025-08.parquet
2,2025-08-22 19:22:19,2025-08-22 19:34:25,1.0,2.41,1.0,N,234,50,1,13.5,2.5,0.5,4.15,0.0,1.0,24.9,2.5,0.0,0.75,8,yellow_tripdata_2025-08.parquet
2,2025-08-02 21:54:58,2025-08-02 22:06:02,1.0,1.67,1.0,N,151,263,1,12.1,1.0,0.5,2.5,0.0,1.0,19.6,2.5,0.0,0.0,8,yellow_tripdata_2025-08.parquet
2,2025-08-22 18:17:48,2025-08-22 18:23:43,1.0,0.85,1.0,N,237,161,2,7.9,2.5,0.5,0.0,0.0,1.0,15.15,2.5,0.0,0.75,8,yellow_tripdata_2025-08.parquet
1,2025-08-16 23:14:44,2025-08-16 23:47:28,,6.3,,,79,190,0,29.39,0.0,0.5,0.0,0.0,1.0,34.14,,,0.75,8,yellow_tripdata_2025-08.parquet
2,2025-08-02 15:27:44,2025-08-02 15:45:09,1.0,1.2,1.0,N,170,161,1,15.6,0.0,0.5,2.0,0.0,1.0,22.35,2.5,0.0,0.75,8,yellow_tripdata_2025-08.parquet
7,2025-08-10 10:14:10,2025-08-10 10:14:10,1.0,1.63,1.0,N,162,263,1,9.3,0.0,0.5,2.81,0.0,1.0,16.86,2.5,0.0,0.75,8,yellow_tripdata_2025-08.parquet
2,2025-08-08 03:24:38,2025-08-08 03:29:12,1.0,0.79,1.0,N,246,186,2,6.5,1.0,0.5,0.0,0.0,1.0,12.25,2.5,0.0,0.75,8,yellow_tripdata_2025-08.parquet
2,2025-08-24 15:50:49,2025-08-24 15:56:53,1.0,1.61,1.0,N,236,162,1,9.3,0.0,0.5,2.81,0.0,1.0,16.86,2.5,0.0,0.75,8,yellow_tripdata_2025-08.parquet
2,2025-08-30 23:36:43,2025-08-30 23:49:08,1.0,2.62,1.0,N,170,141,1,14.2,1.0,0.5,3.99,0.0,1.0,23.94,2.5,0.0,0.75,8,yellow_tripdata_2025-08.parquet
2,2025-08-27 20:56:00,2025-08-27 21:00:59,2.0,0.82,1.0,N,211,231,1,6.5,1.0,0.5,2.45,0.0,1.0,14.7,2.5,0.0,0.75,8,yellow_tripdata_2025-08.parquet
1,2025-08-30 00:52:41,2025-08-30 00:58:14,1.0,1.4,1.0,N,137,229,1,8.6,4.25,0.5,2.85,0.0,1.0,17.2,2.5,0.0,0.75,8,yellow_tripdata_2025-08.parquet
2,2025-08-29 21:53:01,2025-08-29 21:58:07,1.0,0.85,1.0,N,249,234,1,7.2,1.0,0.5,2.59,0.0,1.0,15.54,2.5,0.0,0.75,8,yellow_tripdata_2025-08.parquet
1,2025-08-21 07:36:27,2025-08-21 07:54:24,1.0,5.1,1.0,N,263,107,1,24.0,3.25,0.5,5.75,0.0,1.0,34.5,2.5,0.0,0.75,8,yellow_tripdata_2025-08.parquet
2,2025-08-04 08:52:01,2025-08-04 09:20:32,,3.98,,,112,68,0,25.64,0.0,0.5,0.0,6.94,1.0,37.33,,,0.75,8,yellow_tripdata_2025-08.parquet
2,2025-08-15 08:31:42,2025-08-15 08:37:35,1.0,1.47,1.0,N,166,238,1,9.3,0.0,0.5,2.16,0.0,1.0,12.96,0.0,0.0,0.0,8,yellow_tripdata_2025-08.parquet
2,2025-08-02 01:58:45,2025-08-02 02:12:28,1.0,3.89,1.0,N,148,141,1,18.4,1.0,0.5,2.0,0.0,1.0,26.15,2.5,0.0,0.75,8,yellow_tripdata_2025-08.parquet
2,2025-08-24 00:51:09,2025-08-24 01:03:33,2.0,2.91,1.0,N,148,229,1,15.6,1.0,0.5,4.27,0.0,1.0,25.62,2.5,0.0,0.75,8,yellow_tripdata_2025-08.parquet
7,2025-08-21 08:52:58,2025-08-21 08:52:58,1.0,1.05,1.0,N,229,141,1,12.8,0.0,0.5,2.0,0.0,1.0,19.55,2.5,0.0,0.75,8,yellow_tripdata_2025-08.parquet
2,2025-08-28 16:36:33,2025-08-28 17:05:52,1.0,5.26,1.0,N,237,42,1,30.3,2.5,0.5,7.51,0.0,1.0,45.06,2.5,0.0,0.75,8,yellow_tripdata_2025-08.parquet
2,2025-08-26 21:08:02,2025-08-26 21:19:31,,4.29,,,261,137,0,16.8,0.0,0.5,0.0,0.0,1.0,21.55,,,0.75,8,yellow_tripdata_2025-08.parquet
2,2025-08-20 17:32:42,2025-08-20 17:35:23,5.0,0.79,1.0,N,263,141,2,5.8,2.5,0.5,0.0,0.0,1.0,12.3,2.5,0.0,0.0,8,yellow_tripdata_2025-08.parquet
2,2025-08-17 13:33:18,2025-08-17 13:41:19,,0.71,,,90,107,0,9.22,0.0,0.5,0.0,0.0,1.0,13.97,,,0.75,8,yellow_tripdata_2025-08.parquet
2,2025-08-01 16:12:00,2025-08-01 16:29:00,,0.72,,,164,186,0,13.58,0.0,0.5,1.83,0.0,1.0,20.16,,,0.75,8,yellow_tripdata_2025-08.parquet
2,2025-08-03 14:27:43,2025-08-03 15:18:09,,14.73,,,32,255,0,-8.44,0.0,0.5,0.0,6.94,1.0,15.38,,,0.0,8,yellow_tripdata_2025-08.parquet
2,2025-08-11 23:18:48,2025-08-11 23:38:05,1.0,3.75,1.0,N,148,100,4,20.5,1.0,0.5,0.0,0.0,1.0,26.25,2.5,0.0,0.75,8,yellow_tripdata_2025-08.parquet
2,2025-08-12 20:20:31,2025-08-12 20:25:29,1.0,0.69,1.0,N,162,229,2,7.2,2.5,0.5,0.0,0.0,1.0,14.45,2.5,0.0,0.75,8,yellow_tripdata_2025-08.parquet
2,2025-08-03 19:05:55,2025-08-03 19:25:59,1.0,3.37,1.0,N,231,52,1,19.1,0.0,0.5,4.77,0.0,1.0,28.62,2.5,0.0,0.75,8,yellow_tripdata_2025-08.parquet
2,2025-08-23 17:57:34,2025-08-23 18:19:51,1.0,5.06,1.0,N,233,261,1,27.5,0.0,0.5,4.0,0.0,1.0,36.25,2.5,0.0,0.75,8,yellow_tripdata_2025-08.parquet
2,2025-08-25 17:24:16,2025-08-25 17:52:57,1.0,6.9,1.0,N,261,230,1,35.9,2.5,0.5,0.0,0.0,1.0,43.15,2.5,0.0,0.75,8,yellow_tripdata_2025-08.parquet
2,2025-08-02 04:45:45,2025-08-02 05:03:13,,10.76,,,79,138,0,35.12,0.0,0.5,7.97,0.0,1.0,47.84,,,0.75,8,yellow_tripdata_2025-08.parquet
1,2025-08-07 14:05:58,2025-08-07 14:59:42,1.0,10.5,99.0,N,95,209,1,43.5,0.0,0.5,0.0,0.0,0.0,44.0,0.0,0.0,0.0,8,yellow_tripdata_2025-08.parquet
1,2025-08-14 23:36:49,2025-08-15 00:05:01,,11.1,,,145,241,0,43.05,0.0,0.5,0.0,0.0,1.0,47.05,,,0.0,8,yellow_tripdata_2025-08.parquet
2,2025-08-27 19:21:42,2025-08-27 19:25:43,1.0,0.49,1.0,N,161,48,1,5.8,2.5,0.5,2.46,0.0,1.0,15.51,2.5,0.0,0.75,8,yellow_tripdata_2025-08.parquet
2,2025-08-28 23:17:57,2025-08-28 23:19:18,2.0,0.42,1.0,N,237,236,1,4.4,1.0,0.5,2.35,0.0,1.0,11.75,2.5,0.0,0.0,8,yellow_tripdata_2025-08.parquet
2,2025-08-09 11:37:49,2025-08-09 12:14:12,,4.5,,,143,113,0,26.29,0.0,0.5,0.0,0.0,1.0,31.04,,,0.75,8,yellow_tripdata_2025-08.parquet
2,2025-08-31 18:24:58,2025-08-31 18:39:20,,4.33,,,42,239,0,18.34,0.0,0.5,0.0,0.0,1.0,22.34,,,0.0,8,yellow_tripdata_2025-08.parquet
2,2025-08-12 21:58:13,2025-08-12 22:06:05,1.0,1.51,1.0,N,239,43,1,10.0,1.0,0.5,2.0,0.0,1.0,17.0,2.5,0.0,0.0,8,yellow_tripdata_2025-08.parquet
7,2025-08-28 19:13:45,2025-08-28 19:13:45,1.0,5.63,1.0,N,229,88,1,24.7,0.0,0.5,5.0,0.0,1.0,36.95,2.5,0.0,0.75,8,yellow_tripdata_2025-08.parquet
2,2025-08-17 17:46:56,2025-08-17 18:58:30,3.0,19.49,2.0,N,132,238,1,70.0,0.0,0.5,17.74,14.72,1.0,108.21,2.5,1.75,0.0,8,yellow_tripdata_2025-08.parquet
1,2025-08-14 12:11:14,2025-08-14 12:44:31,1.0,3.6,99.0,N,143,236,1,23.5,0.0,0.5,0.0,0.0,0.0,24.0,0.0,0.0,0.0,8,yellow_tripdata_2025-08.parquet
1,2025-08-21 08:49:50,2025-08-21 08:54:52,1.0,0.5,1.0,N,233,161,1,5.8,3.25,0.5,0.5,0.0,1.0,11.05,2.5,0.0,0.75,8,yellow_tripdata_2025-08.parquet
1,2025-08-24 12:20:43,2025-08-24 12:34:25,1.0,2.0,1.0,N,43,230,1,13.5,3.25,0.5,3.65,0.0,1.0,21.9,2.5,0.0,0.75,8,yellow_tripdata_2025-08.parquet
1,2025-08-01 13:02:26,2025-08-01 14:18:21,1.0,12.7,99.0,N,121,20,1,41.5,0.0,0.5,0.0,6.94,0.0,48.94,0.0,0.0,0.0,8,yellow_tripdata_2025-08.parquet
2,2025-08-23 21:49:47,2025-08-23 22:14:51,1.0,3.36,1.0,N,234,87,1,23.3,1.0,0.5,5.81,0.0,1.0,34.86,2.5,0.0,0.75,8,yellow_tripdata_2025-08.parquet
2,2025-08-18 20:07:54,2025-08-18 20:24:49,1.0,5.53,1.0,N,87,137,1,26.1,1.0,0.5,0.0,0.0,1.0,31.85,2.5,0.0,0.75,8,yellow_tripdata_2025-08.parquet
2,2025-08-16 23:08:29,2025-08-16 23:25:53,2.0,2.8,1.0,N,239,170,1,17.7,1.0,0.5,4.69,0.0,1.0,28.14,2.5,0.0,0.75,8,yellow_tripdata_2025-08.parquet
1,2025-08-04 18:13:45,2025-08-04 18:18:14,1.0,1.7,1.0,N,229,262,1,8.6,5.75,0.5,3.15,0.0,1.0,19.0,2.5,0.0,0.75,8,yellow_tripdata_2025-08.parquet
2,2025-08-11 06:32:40,2025-08-11 07:22:50,1.0,20.87,2.0,N,132,239,1,70.0,0.0,0.5,16.54,6.94,1.0,99.23,2.5,1.75,0.0,8,yellow_tripdata_2025-08.parquet
2,2025-08-14 08:05:35,2025-08-14 09:13:47,4.0,17.57,2.0,N,132,230,1,70.0,0.0,0.5,16.34,6.94,1.0,99.78,2.5,1.75,0.75,8,yellow_tripdata_2025-08.parquet
2,2025-08-08 08:45:15,2025-08-08 08:58:20,,2.09,,,107,125,0,12.37,0.0,0.5,0.0,0.0,1.0,17.12,,,0.75,8,yellow_tripdata_2025-08.parquet
1,2025-08-22 18:23:59,2025-08-22 18:32:05,1.0,1.0,1.0,N,163,48,2,9.3,5.75,0.5,0.0,0.0,1.0,16.55,2.5,0.0,0.75,8,yellow_tripdata_2025-08.parquet
2,2025-08-16 11:03:46,2025-08-16 11:11:34,,0.84,,,230,68,0,8.7,0.0,0.5,0.0,0.0,1.0,13.45,,,0.75,8,yellow_tripdata_2025-08.parquet
2,2025-08-16 15:38:44,2025-08-16 15:58:50,,6.18,,,162,13,0,24.69,0.0,0.5,0.0,0.0,1.0,29.44,,,0.75,8,yellow_tripdata_2025-08.parquet
1,2025-08-23 01:35:36,2025-08-23 01:50:48,,2.0,,,140,163,0,12.35,0.0,0.5,0.0,0.0,1.0,17.1,,,0.75,8,yellow_tripdata_2025-08.parquet
2,2025-08-04 21:18:49,2025-08-04 21:25:09,2.0,0.0,1.0,N,164,164,3,-7.2,-1.0,-0.5,0.0,0.0,-1.0,-9.7,0.0,0.0,0.0,8,yellow_tripdata_2025-08.parquet
2,2025-08-12 07:37:52,2025-08-12 08:14:31,,13.53,,,91,215,0,44.86,0.0,0.5,0.0,0.0,1.0,46.36,,,0.0,8,yellow_tripdata_2025-08.parquet
2,2025-08-07 13:35:38,2025-08-07 13:50:27,1.0,1.91,1.0,N,43,238,1,14.9,0.0,0.5,3.78,0.0,1.0,22.68,2.5,0.0,0.0,8,yellow_tripdata_2025-08.parquet
1,2025-08-17 13:24:47,2025-08-17 13:33:19,,1.1,,,239,50,0,12.02,0.0,0.5,0.0,0.0,1.0,16.77,,,0.75,8,yellow_tripdata_2025-08.parquet
2,2025-08-18 09:22:09,2025-08-18 09:37:34,2.0,1.83,1.0,N,50,229,1,14.2,0.0,0.5,5.68,0.0,1.0,24.63,2.5,0.0,0.75,8,yellow_tripdata_2025-08.parquet
2,2025-08-04 17:43:25,2025-08-04 17:50:52,2.0,1.33,1.0,N,137,164,1,9.3,2.5,0.5,1.5,0.0,1.0,18.05,2.5,0.0,0.75,8,yellow_tripdata_2025-08.parquet
2,2025-08-02 01:41:46,2025-08-02 02:05:00,3.0,4.59,1.0,N,68,255,1,25.4,1.0,0.5,4.67,0.0,1.0,35.82,2.5,0.0,0.75,8,yellow_tripdata_2025-08.parquet
2,2025-08-22 12:50:47,2025-08-22 13:09:11,1.0,2.57,1.0,N,140,238,1,18.4,0.0,0.5,4.48,0.0,1.0,26.88,2.5,0.0,0.0,8,yellow_tripdata_2025-08.parquet
2,2025-08-29 08:00:59,2025-08-29 08:09:07,,1.78,,,164,79,0,11.02,0.0,0.5,0.0,0.0,1.0,15.77,,,0.75,8,yellow_tripdata_2025-08.parquet
2,2025-08-13 16:46:42,2025-08-13 17:25:47,,0.0,,,80,87,0,-4.75,0.0,0.5,0.0,0.0,1.0,5.58,,,0.75,8,yellow_tripdata_2025-08.parquet
2,2025-08-23 13:38:40,2025-08-23 13:53:58,,2.44,,,262,142,0,1.16,0.0,0.5,0.0,0.0,1.0,5.16,,,0.0,8,yellow_tripdata_2025-08.parquet
1,2025-08-20 17:12:02,2025-08-20 17:43:30,,3.3,,,163,148,0,33.84,0.0,0.5,0.0,0.0,1.0,38.59,,,0.75,8,yellow_tripdata_2025-08.parquet
2,2025-08-29 13:39:29,2025-08-29 14:09:40,,7.66,,,226,116,0,39.78,0.0,0.5,0.0,0.0,1.0,44.53,,,0.75,8,yellow_tripdata_2025-08.parquet
2,2025-08-29 17:54:26,2025-08-29 18:05:28,1.0,1.23,1.0,N,162,186,1,10.7,2.5,0.5,3.59,0.0,1.0,21.54,2.5,0.0,0.75,8,yellow_tripdata_2025-08.parquet
2,2025-08-18 00:10:01,2025-08-18 00:47:07,1.0,19.37,2.0,N,132,113,1,70.0,0.0,0.5,18.69,0.0,1.0,95.19,2.5,1.75,0.75,8,yellow_tripdata_2025-08.parquet
2,2025-08-26 15:48:05,2025-08-26 16:07:33,5.0,3.13,1.0,N,164,262,1,19.1,0.0,0.5,4.77,0.0,1.0,28.62,2.5,0.0,0.75,8,yellow_tripdata_2025-08.parquet
2,2025-08-17 18:21:39,2025-08-17 18:25:03,2.0,0.71,1.0,N,230,163,1,5.8,0.0,0.5,1.0,0.0,1.0,11.55,2.5,0.0,0.75,8,yellow_tripdata_2025-08.parquet
2,2025-08-23 16:48:15,2025-08-23 17:02:15,1.0,2.43,1.0,N,161,263,1,14.9,0.0,0.5,3.93,0.0,1.0,23.58,2.5,0.0,0.75,8,yellow_tripdata_2025-08.parquet
2,2025-08-24 22:20:12,2025-08-24 22:40:56,,7.21,,,134,35,0,27.05,0.0,0.5,0.0,0.0,1.0,28.55,,,0.0,8,yellow_tripdata_2025-08.parquet
2,2025-09-08 16:56:51,2025-09-08 17:06:27,1.0,0.91,1.0,N,230,90,1,9.3,2.5,0.5,3.16,0.0,1.0,19.71,2.5,0.0,0.75,9,yellow_tripdata_2025-09.parquet
1,2025-09-27 21:21:39,2025-09-27 21:26:08,1.0,0.4,1.0,N,161,100,1,5.8,4.25,0.5,2.9,0.0,1.0,14.45,2.5,0.0,0.75,9,yellow_tripdata_2025-09.parquet
2,2025-09-23 14:29:12,2025-09-23 14:49:15,1.0,2.29,1.0,N,43,230,1,18.4,0.0,0.5,5.79,0.0,1.0,28.94,2.5,0.0,0.75,9,yellow_tripdata_2025-09.parquet
2,2025-09-14 15:39:44,2025-09-14 15:49:04,1.0,1.45,1.0,N,237,239,1,11.4,0.0,0.5,4.62,0.0,1.0,20.02,2.5,0.0,0.0,9,yellow_tripdata_2025-09.parquet
2,2025-09-02 10:40:16,2025-09-02 10:46:48,1.0,0.56,1.0,N,237,236,1,7.2,0.0,0.5,1.0,0.0,1.0,12.2,2.5,0.0,0.0,9,yellow_tripdata_2025-09.parquet
7,2025-09-30 19:21:51,2025-09-30 19:21:51,1.0,1.55,1.0,N,164,229,1,10.7,0.0,0.5,3.59,0.0,1.0,21.54,2.5,0.0,0.75,9,yellow_tripdata_2025-09.parquet
2,2025-09-05 17:26:20,2025-09-05 17:42:58,,2.39,,,164,249,0,11.76,0.0,0.5,0.0,0.0,1.0,16.51,,,0.75,9,yellow_tripdata_2025-09.parquet
2,2025-09-24 17:59:50,2025-09-24 18:17:23,,0.0,,,12,141,0,24.2,0.0,0.5,0.0,0.0,1.0,28.95,,,0.75,9,yellow_tripdata_2025-09.parquet
2,2025-09-19 14:42:23,2025-09-19 14:54:54,1.0,1.86,1.0,N,231,158,1,13.5,0.0,0.5,3.65,0.0,1.0,21.9,2.5,0.0,0.75,9,yellow_tripdata_2025-09.parquet
2,2025-09-22 13:11:48,2025-09-22 13:30:18,5.0,8.82,1.0,N,43,127,1,36.6,0.0,0.5,5.0,0.0,1.0,46.35,2.5,0.0,0.75,9,yellow_tripdata_2025-09.parquet
1,2025-09-17 12:25:22,2025-09-17 12:50:16,1.0,1.2,1.0,N,142,229,1,19.8,3.25,0.5,6.15,0.0,1.0,30.7,2.5,0.0,0.75,9,yellow_tripdata_2025-09.parquet
2,2025-09-19 13:53:04,2025-09-19 14:16:37,,3.74,,,4,230,0,29.25,0.0,0.5,0.0,0.0,1.0,34.0,,,0.75,9,yellow_tripdata_2025-09.parquet
2,2025-09-10 07:41:11,2025-09-10 09:14:24,1.0,15.0,3.0,N,132,89,2,109.8,0.0,0.0,0.0,0.0,1.0,112.55,0.0,1.75,0.0,9,yellow_tripdata_2025-09.parquet
2,2025-09-16 10:58:27,2025-09-16 11:24:14,1.0,7.3,1.0,N,163,261,1,35.9,0.0,0.5,8.13,0.0,1.0,48.78,2.5,0.0,0.75,9,yellow_tripdata_2025-09.parquet
2,2025-09-07 22:24:22,2025-09-07 22:48:52,,12.03,,,88,116,0,34.46,0.0,0.5,0.0,0.0,1.0,39.21,,,0.75,9,yellow_tripdata_2025-09.parquet
2,2025-09-04 01:25:03,2025-09-04 01:31:41,,1.78,,,48,186,0,8.24,0.0,0.5,0.0,0.0,1.0,12.99,,,0.75,9,yellow_tripdata_2025-09.parquet
2,2025-09-24 16:22:17,2025-09-24 16:54:03,4.0,4.07,1.0,N,261,50,1,29.6,2.5,0.5,5.0,0.0,1.0,41.85,2.5,0.0,0.75,9,yellow_tripdata_2025-09.parquet
2,2025-09-21 22:09:05,2025-09-21 22:25:21,2.0,2.41,1.0,N,142,164,1,15.6,1.0,0.5,4.27,0.0,1.0,25.62,2.5,0.0,0.75,9,yellow_tripdata_2025-09.parquet
2,2025-09-25 21:03:16,2025-09-25 21:16:48,,1.69,,,148,261,0,13.17,0.0,0.5,0.0,0.0,1.0,17.92,,,0.75,9,yellow_tripdata_2025-09.parquet
2,2025-09-17 14:23:24,2025-09-17 14:54:56,1.0,1.75,1.0,N,164,48,1,25.4,0.0,0.5,1.0,0.0,1.0,31.15,2.5,0.0,0.75,9,yellow_tripdata_2025-09.parquet
2,2025-09-21 00:43:17,2025-09-21 00:57:56,,1.89,,,249,164,0,-4.75,0.0,0.5,0.0,0.0,1.0,2.66,,,0.75,9,yellow_tripdata_2025-09.parquet
2,2025-09-13 00:54:54,2025-09-13 01:04:05,,0.89,,,144,79,0,14.38,0.0,0.5,0.0,0.0,1.0,19.13,,,0.75,9,yellow_tripdata_2025-09.parquet
2,2025-09-21 10:40:45,2025-09-21 10:54:55,,2.08,,,79,68,0,-4.75,0.0,0.5,0.0,0.0,1.0,3.57,,,0.75,9,yellow_tripdata_2025-09.parquet
2,2025-09-25 22:03:54,2025-09-25 22:05:49,1.0,0.37,1.0,N,163,161,2,4.4,1.0,0.5,0.0,0.0,1.0,10.15,2.5,0.0,0.75,9,yellow_tripdata_2025-09.parquet
2,2025-09-27 00:15:00,2025-09-27 00:25:07,,1.77,,,116,41,0,11.86,0.0,0.5,0.0,0.0,1.0,13.36,,,0.0,9,yellow_tripdata_2025-09.parquet
2,2025-09-19 08:00:58,2025-09-19 08:37:06,1.0,5.96,1.0,N,179,113,1,35.9,0.0,0.5,8.13,0.0,1.0,48.78,2.5,0.0,0.75,9,yellow_tripdata_2025-09.parquet
2,2025-09-25 10:04:42,2025-09-25 10:12:35,2.0,1.66,1.0,N,231,68,1,10.7,0.0,0.5,3.09,0.0,1.0,18.54,2.5,0.0,0.75,9,yellow_tripdata_2025-09.parquet
2,2025-09-26 03:03:30,2025-09-26 03:19:51,1.0,3.01,1.0,N,148,66,1,18.4,1.0,0.5,4.83,0.0,1.0,28.98,2.5,0.0,0.75,9,yellow_tripdata_2025-09.parquet
2,2025-09-25 08:00:37,2025-09-25 08:18:57,,1.85,,,143,161,0,25.36,0.0,0.5,0.0,0.0,1.0,30.11,,,0.75,9,yellow_tripdata_2025-09.parquet
2,2025-09-23 10:19:55,2025-09-23 10:28:35,1.0,0.55,1.0,N,107,170,1,9.3,0.0,0.5,2.11,0.0,1.0,16.16,2.5,0.0,0.75,9,yellow_tripdata_2025-09.parquet
2,2025-09-01 11:29:03,2025-09-01 11:32:16,1.0,0.61,1.0,N,236,263,1,5.1,0.0,0.5,1.9,0.0,1.0,11.0,2.5,0.0,0.0,9,yellow_tripdata_2025-09.parquet
2,2025-09-20 22:08:39,2025-09-20 22:35:08,1.0,4.0,1.0,N,161,112,1,26.1,1.0,0.5,3.88,6.94,1.0,42.67,2.5,0.0,0.75,9,yellow_tripdata_2025-09.parquet
2,2025-09-15 12:43:21,2025-09-15 13:14:24,,8.0,,,260,100,0,31.07,0.0,0.5,0.0,6.94,1.0,42.76,,,0.75,9,yellow_tripdata_2025-09.parquet
2,2025-09-27 19:46:38,2025-09-27 20:24:51,1.0,2.69,1.0,N,186,141,1,31.7,0.0,0.5,7.29,0.0,1.0,43.74,2.5,0.0,0.75,9,yellow_tripdata_2025-09.parquet
2,2025-09-14 18:03:51,2025-09-14 18:09:58,2.0,0.6,1.0,N,162,230,1,7.2,0.0,0.5,2.39,0.0,1.0,14.34,2.5,0.0,0.75,9,yellow_tripdata_2025-09.parquet
1,2025-09-13 12:16:33,2025-09-13 12:31:15,,1.9,,,151,75,0,12.37,0.0,0.5,0.0,0.0,1.0,16.37,,,0.0,9,yellow_tripdata_2025-09.parquet
2,2025-09-08 22:23:37,2025-09-08 22:32:58,,0.99,,,164,230,0,9.1,0.0,0.5,0.0,0.0,1.0,13.85,,,0.75,9,yellow_tripdata_2025-09.parquet
2,2025-09-21 10:44:55,2025-09-21 10:50:28,1.0,1.1,1.0,N,237,236,2,8.6,0.0,0.5,0.0,0.0,1.0,12.6,2.5,0.0,0.0,9,yellow_tripdata_2025-09.parquet
2,2025-09-03 21:47:52,2025-09-03 21:56:08,1.0,1.03,1.0,N,107,90,1,9.3,1.0,0.5,2.26,0.0,1.0,17.31,2.5,0.0,0.75,9,yellow_tripdata_2025-09.parquet
2,2025-09-09 21:46:37,2025-09-09 21:50:26,,0.65,,,88,261,0,-4.75,0.0,0.5,0.0,0.0,1.0,2.0,,,0.75,9,yellow_tripdata_2025-09.parquet
1,2025-09-18 12:57:17,2025-09-18 13:41:50,1.0,4.7,1.0,N,231,161,1,38.7,3.25,0.5,8.65,0.0,1.0,52.1,2.5,0.0,0.75,9,yellow_tripdata_2025-09.parquet
1,2025-09-17 23:06:54,2025-09-17 23:07:09,1.0,0.0,1.0,N,161,161,4,3.0,4.25,0.5,0.0,0.0,1.0,8.75,2.5,0.0,0.75,9,yellow_tripdata_2025-09.parquet
2,2025-09-14 13:49:55,2025-09-14 14:04:50,2.0,1.73,1.0,N,148,87,1,14.2,0.0,0.5,2.84,0.0,1.0,21.79,2.5,0.0,0.75,9,yellow_tripdata_2025-09.parquet
2,2025-09-23 21:17:31,2025-09-23 21:23:42,2.0,0.92,1.0,N,263,141,1,7.9,1.0,0.5,2.58,0.0,1.0,15.48,2.5,0.0,0.0,9,yellow_tripdata_2025-09.parquet
1,2025-09-17 15:36:07,2025-09-17 16:26:02,1.0,4.9,99.0,N,61,26,1,26.5,0.0,0.5,0.0,0.0,0.0,27.0,0.0,0.0,0.0,9,yellow_tripdata_2025-09.parquet
2,2025-09-16 17:15:50,2025-09-16 17:27:04,1.0,1.86,1.0,N,246,163,1,12.1,2.5,0.5,3.87,0.0,1.0,23.22,2.5,0.0,0.75,9,yellow_tripdata_2025-09.parquet
1,2025-09-10 16:53:05,2025-09-10 18:18:48,1.0,15.3,99.0,N,42,218,1,50.5,0.0,0.5,0.0,6.94,0.0,57.94,0.0,0.0,0.0,9,yellow_tripdata_2025-09.parquet
2,2025-09-22 22:53:11,2025-09-22 23:00:49,1.0,0.97,1.0,N,186,137,1,8.6,1.0,0.5,1.0,0.0,1.0,15.35,2.5,0.0,0.75,9,yellow_tripdata_2025-09.parquet
2,2025-09-16 07:12:35,2025-09-16 07:21:21,1.0,2.21,1.0,N,141,233,1,11.4,0.0,0.5,3.23,0.0,1.0,19.38,2.5,0.0,0.75,9,yellow_tripdata_2025-09.parquet
2,2025-09-26 08:49:18,2025-09-26 09:13:23,,4.3,,,262,107,0,-4.75,0.0,0.5,0.0,0.0,1.0,2.65,,,0.75,9,yellow_tripdata_2025-09.parquet
2,2025-09-02 08:30:00,2025-09-02 09:10:01,,8.22,,,61,233,0,44.56,0.0,0.5,0.0,0.0,1.0,49.31,,,0.75,9,yellow_tripdata_2025-09.parquet
1,2025-09-17 07:55:41,2025-09-17 08:26:10,,2.8,,,142,75,0,31.77,0.0,0.5,0.0,0.0,1.0,35.77,,,0.0,9,yellow_tripdata_2025-09.parquet
2,2025-09-27 15:57:11,2025-09-27 16:02:36,1.0,0.59,1.0,N,162,161,1,6.5,0.0,0.5,2.25,0.0,1.0,13.5,2.5,0.0,0.75,9,yellow_tripdata_2025-09.parquet
2,2025-09-25 19:35:46,2025-09-25 20:04:29,3.0,5.25,1.0,N,144,163,1,29.6,2.5,0.5,5.0,0.0,1.0,41.85,2.5,0.0,0.75,9,yellow_tripdata_2025-09.parquet
1,2025-09-03 17:29:03,2025-09-03 17:39:11,,1.1,,,79,113,0,10.0,2.5,0.5,3.45,0.0,1.0,20.7,,,0.75,9,yellow_tripdata_2025-09.parquet
2,2025-09-06 17:31:22,2025-09-06 18:26:51,2.0,18.12,2.0,N,132,143,1,70.0,0.0,0.5,7.0,0.0,1.0,83.5,2.5,1.75,0.75,9,yellow_tripdata_2025-09.parquet
2,2025-09-29 09:22:39,2025-09-29 09:26:59,,0.44,,,237,237,0,26.0,0.0,0.5,0.0,0.0,1.0,30.0,,,0.0,9,yellow_tripdata_2025-09.parquet
1,2025-09-15 10:38:41,2025-09-15 11:04:01,1.0,2.9,99.0,N,36,35,1,21.5,0.0,0.5,0.0,0.0,0.0,22.0,0.0,0.0,0.0,9,yellow_tripdata_2025-09.parquet
2,2025-09-17 17:58:20,2025-09-17 18:05:11,4.0,1.04,1.0,N,143,239,1,8.6,2.5,0.5,3.77,0.0,1.0,18.87,2.5,0.0,0.0,9,yellow_tripdata_2025-09.parquet
1,2025-09-17 16:24:57,2025-09-17 16:30:01,1.0,1.0,1.0,N,236,75,1,6.5,5.0,0.5,2.0,0.0,1.0,15.0,2.5,0.0,0.0,9,yellow_tripdata_2025-09.parquet
2,2025-09-15 17:19:40,2025-09-15 17:27:09,1.0,1.99,1.0,N,151,237,1,10.7,2.5,0.5,3.44,0.0,1.0,20.64,2.5,0.0,0.0,9,yellow_tripdata_2025-09.parquet
7,2025-09-13 23:24:44,2025-09-13 23:24:44,1.0,2.27,1.0,N,144,66,1,17.7,0.0,0.5,4.69,0.0,1.0,28.14,2.5,0.0,0.75,9,yellow_tripdata_2025-09.parquet
2,2025-09-12 12:41:08,2025-09-12 12:50:06,1.0,1.59,1.0,N,239,166,1,11.4,0.0,0.5,2.31,0.0,1.0,17.71,2.5,0.0,0.0,9,yellow_tripdata_2025-09.parquet
2,2025-09-27 18:04:12,2025-09-27 18:25:50,,2.72,,,162,239,0,20.24,0.0,0.5,0.0,0.0,1.0,24.99,,,0.75,9,yellow_tripdata_2025-09.parquet
2,2025-09-20 23:42:53,2025-09-20 23:43:07,1.0,0.0,5.0,N,170,170,2,500.0,0.0,0.0,0.0,0.0,1.0,504.25,2.5,0.0,0.75,9,yellow_tripdata_2025-09.parquet
1,2025-09-30 19:27:14,2025-09-30 19:41:11,1.0,2.0,1.0,N,234,229,1,14.9,5.75,0.5,4.4,0.0,1.0,26.55,2.5,0.0,0.75,9,yellow_tripdata_2025-09.parquet
2,2025-09-09 21:21:05,2025-09-09 21:39:51,,3.79,,,246,239,0,36.05,0.0,0.5,0.0,0.0,1.0,40.8,,,0.75,9,yellow_tripdata_2025-09.parquet
1,2025-09-23 19:57:14,2025-09-23 20:33:02,1.0,2.2,1.0,N,79,233,1,28.9,5.75,0.5,7.25,0.0,1.0,43.4,2.5,0.0,0.75,9,yellow_tripdata_2025-09.parquet
1,2025-09-17 11:25:35,2025-09-17 12:22:22,1.0,5.0,1.0,N,236,231,1,46.4,3.25,0.5,10.2,0.0,1.0,61.35,2.5,0.0,0.75,9,yellow_tripdata_2025-09.parquet
2,2025-09-30 13:27:18,2025-09-30 13:43:45,1.0,1.04,1.0,N,100,162,2,14.2,0.0,0.5,0.0,0.0,1.0,18.95,2.5,0.0,0.75,9,yellow_tripdata_2025-09.parquet
2,2025-09-15 16:15:42,2025-09-15 16:35:39,,2.89,,,246,45,0,24.98,0.0,0.5,0.0,0.0,1.0,29.73,,,0.75,9,yellow_tripdata_2025-09.parquet
2,2025-09-03 16:21:02,2025-09-03 16:24:56,3.0,0.37,1.0,N,263,262,1,5.8,2.5,0.5,2.46,0.0,1.0,14.76,2.5,0.0,0.0,9,yellow_tripdata_2025-09.parquet
2,2025-09-13 22:46:43,2025-09-13 22:50:58,1.0,0.56,1.0,N,231,87,1,5.8,1.0,0.5,2.31,0.0,1.0,13.86,2.5,0.0,0.75,9,yellow_tripdata_2025-09.parquet
2,2025-09-14 12:48:14,2025-09-14 12:57:29,,1.31,,,50,186,0,11.75,0.0,0.5,0.0,0.0,1.0,16.5,,,0.75,9,yellow_tripdata_2025-09.parquet
2,2025-09-24 07:02:07,2025-09-24 07:20:35,,3.55,,,263,48,0,-4.75,0.0,0.5,0.0,0.0,1.0,5.82,,,0.75,9,yellow_tripdata_2025-09.parquet
2,2025-09-15 13:46:23,2025-09-15 13:55:01,1.0,0.9,1.0,N,164,246,1,9.3,0.0,0.5,2.81,0.0,1.0,16.86,2.5,0.0,0.75,9,yellow_tripdata_2025-09.parquet
1,2025-09-26 14:58:19,2025-09-26 17:17:11,1.0,9.2,99.0,N,100,213,1,37.5,0.0,0.5,0.0,0.0,0.0,38.0,0.0,0.0,0.0,9,yellow_tripdata_2025-09.parquet
2,2025-09-06 16:43:23,2025-09-06 17:06:04,1.0,2.92,1.0,N,141,246,1,21.9,0.0,0.5,5.33,0.0,1.0,31.98,2.5,0.0,0.75,9,yellow_tripdata_2025-09.parquet
2,2025-09-25 12:36:41,2025-09-25 12:53:32,1.0,1.37,1.0,N,43,161,1,14.9,0.0,0.5,2.0,0.0,1.0,21.65,2.5,0.0,0.75,9,yellow_tripdata_2025-09.parquet
2,2025-09-22 21:36:24,2025-09-22 21:51:42,,3.24,,,24,50,0,15.93,0.0,0.5,0.0,0.0,1.0,20.68,,,0.75,9,yellow_tripdata_2025-09.parquet
1,2025-09-21 05:06:08,2025-09-21 05:14:13,2.0,1.6,1.0,N,230,230,2,9.3,4.25,0.5,0.0,0.0,1.0,15.05,2.5,0.0,0.75,9,yellow_tripdata_2025-09.parquet
2,2025-09-25 07:50:56,2025-09-25 08:50:01,2.0,13.73,2.0,N,48,132,2,70.0,0.0,0.5,0.0,15.0,1.0,89.75,2.5,0.0,0.75,9,yellow_tripdata_2025-09.parquet
2,2025-09-23 09:02:15,2025-09-23 09:19:03,1.0,1.37,1.0,N,230,234,1,15.6,0.0,0.5,1.0,0.0,1.0,21.35,2.5,0.0,0.75,9,yellow_tripdata_2025-09.parquet
2,2025-09-23 15:49:54,2025-09-23 16:02:52,1.0,4.92,1.0,N,152,143,1,15.83,0.0,0.5,0.0,0.0,1.0,20.58,2.5,0.0,0.75,9,yellow_tripdata_2025-09.parquet
2,2025-09-10 23:13:04,2025-09-10 23:21:04,1.0,1.67,1.0,N,161,237,1,10.0,1.0,0.5,3.15,0.0,1.0,18.9,2.5,0.0,0.75,9,yellow_tripdata_2025-09.parquet
2,2025-09-25 20:19:21,2025-09-25 20:37:29,1.0,2.19,1.0,N,186,229,4,-17.0,-1.0,-0.5,0.0,0.0,-1.0,-22.75,-2.5,0.0,-0.75,9,yellow_tripdata_2025-09.parquet
2,2025-09-26 08:30:00,2025-09-26 08:44:00,,5.01,,,51,213,0,17.51,0.0,0.5,0.0,0.0,1.0,19.01,,,0.0,9,yellow_tripdata_2025-09.parquet
2,2025-09-02 14:17:02,2025-09-02 15:16:03,2.0,12.63,1.0,N,132,181,1,63.9,0.0,0.5,5.0,0.0,1.0,72.15,0.0,1.75,0.0,9,yellow_tripdata_2025-09.parquet
1,2025-09-07 17:45:35,2025-09-07 18:08:17,,5.1,,,238,137,0,27.28,0.0,0.5,0.0,0.0,1.0,32.03,,,0.75,9,yellow_tripdata_2025-09.parquet
2,2025-09-04 21:07:03,2025-09-04 21:22:04,,2.37,,,231,90,0,39.54,0.0,0.5,0.0,0.0,1.0,44.29,,,0.75,9,yellow_tripdata_2025-09.parquet
2,2025-09-14 15:10:29,2025-09-14 15:18:35,,0.94,,,161,50,0,10.63,0.0,0.5,0.0,0.0,1.0,15.38,,,0.75,9,yellow_tripdata_2025-09.parquet
2,2025-09-19 23:10:29,2025-09-19 23:16:00,1.0,0.99,1.0,N,125,90,1,7.9,1.0,0.5,3.33,0.0,1.0,16.98,2.5,0.0,0.75,9,yellow_tripdata_2025-09.parquet
2,2025-09-24 06:30:21,2025-09-24 06:36:18,1.0,1.02,1.0,N,170,79,2,7.9,0.0,0.5,0.0,0.0,1.0,12.65,2.5,0.0,0.75,9,yellow_tripdata_2025-09.parquet
2,2025-09-21 08:36:42,2025-09-21 08:54:09,1.0,8.6,1.0,N,236,138,1,35.9,5.0,0.5,15.55,6.94,1.0,67.39,2.5,0.0,0.0,9,yellow_tripdata_2025-09.parquet
2,2025-09-27 04:42:56,2025-09-27 04:50:05,2.0,1.14,1.0,N,230,186,2,7.9,1.0,0.5,0.0,0.0,1.0,13.65,2.5,0.0,0.75,9,yellow_tripdata_2025-09.parquet
2,2025-09-29 19:24:12,2025-09-29 19:28:37,1.0,0.67,1.0,N,234,186,1,6.5,2.5,0.5,4.12,0.0,1.0,17.87,2.5,0.0,0.75,9,yellow_tripdata_2025-09.parquet
1,2025-09-27 01:28:27,2025-09-27 01:42:35,,1.0,,,249,79,0,11.63,0.0,0.5,0.0,0.0,1.0,16.38,,,0.75,9,yellow_tripdata_2025-09.parquet
2,2025-09-21 05:21:43,2025-09-21 05:43:09,,9.93,,,157,227,0,32.65,0.0,0.5,0.0,0.0,1.0,34.15,,,0.0,9,yellow_tripdata_2025-09.parquet
2,2025-09-06 02:41:19,2025-09-06 02:59:40,,6.74,,,157,262,0,-4.0,0.0,0.5,0.0,0.0,1.0,3.55,,,0.0,9,yellow_tripdata_2025-09.parquet
2,2025-09-26 13:19:17,2025-09-26 13:29:16,,1.03,,,249,68,0,17.4,0.0,0.5,0.0,0.0,1.0,22.15,,,0.75,9,yellow_tripdata_2025-09.parquet
2,2025-09-17 20:38:20,2025-09-17 21:01:24,,7.78,,,246,116,0,27.21,0.0,0.5,0.0,0.0,1.0,31.96,,,0.75,9,yellow_tripdata_2025-09.parquet
2,2025-09-20 01:21:39,2025-09-20 01:25:08,1.0,0.27,1.0,N,158,158,1,5.1,1.0,0.5,1.0,0.0,1.0,11.85,2.5,0.0,0.75,9,yellow_tripdata_2025-09.parquet
2,2025-09-02 21:12:12,2025-09-02 21:28:40,1.0,4.43,1.0,N,236,68,1,20.5,1.0,0.5,3.94,0.0,1.0,30.19,2.5,0.0,0.75,9,yellow_tripdata_2025-09.parquet
2,2025-09-18 14:00:18,2025-09-18 14:07:49,1.0,0.78,1.0,N,263,237,2,8.6,0.0,0.5,0.0,0.0,1.0,12.6,2.5,0.0,0.0,9,yellow_tripdata_2025-09.parquet
2,2025-09-30 15:45:32,2025-09-30 15:54:45,1.0,1.09,1.0,N,107,90,1,10.0,0.0,0.5,2.95,0.0,1.0,17.7,2.5,0.0,0.75,9,yellow_tripdata_2025-09.parquet
2,2025-09-28 12:54:35,2025-09-28 13:47:42,1.0,19.62,2.0,N,132,238,1,70.0,0.0,0.5,12.0,6.94,1.0,94.69,2.5,1.75,0.0,9,yellow_tripdata_2025-09.parquet
2,2025-09-11 19:06:54,2025-09-11 19:20:19,,0.0,,,164,161,0,18.55,0.0,0.5,0.0,0.0,1.0,23.3,,,0.75,9,yellow_tripdata_2025-09.parquet
2,2025-09-17 20:05:15,2025-09-17 20:19:24,1.0,0.91,1.0,N,162,161,2,12.8,1.0,0.5,0.0,0.0,1.0,18.55,2.5,0.0,0.75,9,yellow_tripdata_2025-09.parquet
2,2025-09-30 12:42:46,2025-09-30 13:03:13,1.0,9.31,1.0,N,132,132,2,37.3,0.0,0.5,0.0,0.0,1.0,40.55,0.0,1.75,0.0,9,yellow_tripdata_2025-09.parquet
2,2025-09-10 15:13:04,2025-09-10 15:26:18,1.0,1.72,1.0,N,238,143,1,13.5,0.0,0.5,0.88,0.0,1.0,18.38,2.5,0.0,0.0,9,yellow_tripdata_2025-09.parquet
2,2025-09-11 11:53:28,2025-09-11 12:10:48,1.0,2.3,1.0,N,236,143,1,17.0,0.0,0.5,4.2,0.0,1.0,25.2,2.5,0.0,0.0,9,yellow_tripdata_2025-09.parquet
2,2025-09-19 21:27:04,2025-09-19 21:32:16,2.0,0.8,1.0,N,142,163,1,7.2,1.0,0.5,2.59,0.0,1.0,15.54,2.5,0.0,0.75,9,yellow_tripdata_2025-09.parquet
2,2025-09-12 11:36:27,2025-09-12 11:41:49,1.0,0.73,1.0,N,142,143,1,7.2,0.0,0.5,2.39,0.0,1.0,14.34,2.5,0.0,0.75,9,yellow_tripdata_2025-09.parquet
1,2025-09-12 18:26:23,2025-09-12 18:35:54,,1.4,,,142,237,0,14.03,0.0,0.5,0.0,0.0,1.0,18.03,,,0.0,9,yellow_tripdata_2025-09.parquet
2,2025-09-25 08:13:33,2025-09-25 08:39:04,,5.85,,,223,244,0,60.44,0.0,0.5,0.0,6.94,1.0,68.88,,,0.0,9,yellow_tripdata_2025-09.parquet
1,2025-09-24 22:35:26,2025-09-24 22:41:38,1.0,1.1,1.0,N,231,249,1,7.9,4.25,0.5,2.75,0.0,1.0,16.4,2.5,0.0,0.75,9,yellow_tripdata_2025-09.parquet
2,2025-09-12 12:28:55,2025-09-12 12:50:17,,2.34,,,113,87,0,18.96,0.0,0.5,0.0,0.0,1.0,23.71,,,0.75,9,yellow_tripdata_2025-09.parquet
2,2025-09-17 20:40:47,2025-09-17 21:20:28,2.0,10.72,1.0,N,263,220,1,50.6,1.0,0.5,11.76,3.18,1.0,70.54,2.5,0.0,0.0,9,yellow_tripdata_2025-09.parquet
2,2025-09-09 21:11:24,2025-09-09 21:19:09,,1.07,,,113,107,0,18.37,0.0,0.5,0.0,0.0,1.0,23.12,,,0.75,9,yellow_tripdata_2025-09.parquet
2,2025-09-11 13:20:02,2025-09-11 13:28:28,1.0,1.16,1.0,N,237,43,1,9.3,0.0,0.5,2.39,0.0,1.0,16.44,2.5,0.0,0.75,9,yellow_tripdata_2025-09.parquet
2,2025-09-03 10:28:41,2025-09-03 10:37:00,1.0,0.41,1.0,N,229,233,1,8.6,0.0,0.5,2.67,0.0,1.0,16.02,2.5,0.0,0.75,9,yellow_tripdata_2025-09.parquet
2,2025-09-30 21:40:49,2025-09-30 22:23:17,1.0,8.69,1.0,N,142,17,1,46.4,1.0,0.5,10.43,0.0,1.0,62.58,2.5,0.0,0.75,9,yellow_tripdata_2025-09.parquet
2,2025-09-26 23:00:59,2025-09-26 23:21:21,,6.39,,,75,90,0,26.36,0.0,0.5,0.0,0.0,1.0,31.11,,,0.75,9,yellow_tripdata_2025-09.parquet
2,2025-09-07 18:38:30,2025-09-07 18:51:22,,5.49,,,239,244,0,17.77,0.0,0.5,0.0,0.0,1.0,21.77,,,0.0,9,yellow_tripdata_2025-09.parquet
2,2025-09-23 21:20:57,2025-09-23 21:44:45,1.0,5.05,1.0,N,88,164,1,26.8,1.0,0.5,6.51,0.0,1.0,39.06,2.5,0.0,0.75,9,yellow_tripdata_2025-09.parquet
2,2025-09-25 19:52:18,2025-09-25 20:30:50,1.0,17.22,2.0,N,132,224,1,70.0,5.0,0.5,17.34,6.94,1.0,105.78,2.5,1.75,0.75,9,yellow_tripdata_2025-09.parquet
2,2025-09-20 12:40:16,2025-09-20 13:03:44,,6.13,,,231,265,0,32.93,0.0,0.0,0.0,16.06,1.0,50.74,,,0.75,9,yellow_tripdata_2025-09.parquet
2,2025-09-04 15:36:23,2025-09-04 15:42:35,1.0,0.98,1.0,N,48,246,2,7.9,0.0,0.5,0.0,0.0,1.0,12.65,2.5,0.0,0.75,9,yellow_tripdata_2025-09.parquet
2,2025-09-05 16:53:34,2025-09-05 17:38:14,1.0,4.79,1.0,N,234,33,1,39.4,2.5,0.5,9.33,0.0,1.0,55.98,2.5,0.0,0.75,9,yellow_tripdata_2025-09.parquet
2,2025-09-11 19:01:10,2025-09-11 19:30:21,,0.0,,,75,182,0,31.97,0.0,0.5,0.0,0.0,1.0,33.47,,,0.0,9,yellow_tripdata_2025-09.parquet
2,2025-09-08 22:48:47,2025-09-08 22:58:11,1.0,1.38,1.0,N,48,65,1,10.7,1.0,0.5,3.29,0.0,1.0,19.74,2.5,0.0,0.75,9,yellow_tripdata_2025-09.parquet
1,2025-09-12 10:33:58,2025-09-12 10:34:10,1.0,0.0,5.0,N,231,231,1,11.0,0.75,0.0,2.55,0.0,1.0,15.3,0.0,0.0,0.75,9,yellow_tripdata_2025-09.parquet
2,2025-09-15 23:59:57,2025-09-16 00:12:02,1.0,2.55,1.0,N,230,114,2,14.2,1.0,0.5,0.0,0.0,1.0,19.95,2.5,0.0,0.75,9,yellow_tripdata_2025-09.parquet
2,2025-09-19 07:56:31,2025-09-19 08:04:18,1.0,0.64,1.0,N,162,161,1,8.6,0.0,0.5,5.0,0.0,1.0,18.35,2.5,0.0,0.75,9,yellow_tripdata_2025-09.parquet
2,2025-09-03 18:12:10,2025-09-03 18:36:01,1.0,0.9,1.0,N,229,163,1,19.8,2.5,0.5,5.41,0.0,1.0,32.46,2.5,0.0,0.75,9,yellow_tripdata_2025-09.parquet
2,2025-09-23 15:19:26,2025-09-23 15:58:46,2.0,12.07,2.0,N,226,132,1,70.0,0.0,0.5,7.15,0.0,1.0,78.65,0.0,0.0,0.0,9,yellow_tripdata_2025-09.parquet
2,2025-09-14 17:40:25,2025-09-14 18:17:00,1.0,10.55,1.0,N,113,244,1,46.4,0.0,0.5,10.0,0.0,1.0,61.15,2.5,0.0,0.75,9,yellow_tripdata_2025-09.parquet
2,2025-09-10 17:33:41,2025-09-10 17:46:34,4.0,1.25,1.0,N,234,68,1,12.1,2.5,0.5,3.48,0.0,1.0,22.83,2.5,0.0,0.75,9,yellow_tripdata_2025-09.parquet
2,2025-09-08 18:02:37,2025-09-08 18:15:54,1.0,1.74,1.0,N,100,229,1,12.8,2.5,0.5,2.0,0.0,1.0,22.05,2.5,0.0,0.75,9,yellow_tripdata_2025-09.parquet
2,2025-09-23 09:13:40,2025-09-23 09:15:56,1.0,0.0,1.0,N,238,143,1,4.4,0.0,0.5,1.68,0.0,1.0,10.08,2.5,0.0,0.0,9,yellow_tripdata_2025-09.parquet
2,2025-09-09 23:05:32,2025-09-09 23:13:39,1.0,1.23,1.0,N,45,79,1,9.3,1.0,0.5,3.01,0.0,1.0,18.06,2.5,0.0,0.75,9,yellow_tripdata_2025-09.parquet
2,2025-09-06 10:49:16,2025-09-06 11:06:33,,2.43,,,231,158,0,16.08,0.0,0.5,0.0,0.0,1.0,20.83,,,0.75,9,yellow_tripdata_2025-09.parquet
2,2025-09-06 10:09:00,2025-09-06 10:35:26,1.0,2.6,1.0,N,90,237,1,23.3,0.0,0.5,5.61,0.0,1.0,33.66,2.5,0.0,0.75,9,yellow_tripdata_2025-09.parquet
1,2025-09-02 01:32:53,2025-09-02 01:55:40,1.0,12.1,1.0,N,132,53,2,46.4,2.75,0.5,0.0,0.0,1.0,50.65,0.0,1.75,0.0,9,yellow_tripdata_2025-09.parquet
1,2025-09-13 21:30:10,2025-09-13 21:40:50,1.0,1.7,1.0,N,164,142,1,11.4,4.25,0.5,3.45,0.0,1.0,20.6,2.5,0.0,0.75,9,yellow_tripdata_2025-09.parquet
1,2025-09-04 11:55:13,2025-09-04 12:46:57,1.0,13.4,99.0,N,231,182,1,47.5,0.0,0.5,0.0,0.0,0.0,48.0,0.0,0.0,0.0,9,yellow_tripdata_2025-09.parquet
1,2025-09-04 05:38:13,2025-09-04 06:00:04,1.0,5.2,1.0,N,163,231,1,24.0,4.25,0.5,5.95,0.0,1.0,35.7,2.5,0.0,0.75,9,yellow_tripdata_2025-09.parquet
2,2025-09-12 15:35:33,2025-09-12 15:53:04,2.0,2.5,1.0,N,43,163,1,17.7,0.0,0.5,3.0,0.0,1.0,24.7,2.5,0.0,0.0,9,yellow_tripdata_2025-09.parquet
2,2025-09-08 20:39:22,2025-09-08 20:40:57,1.0,0.44,1.0,N,239,239,1,4.4,1.0,0.5,1.88,0.0,1.0,11.28,2.5,0.0,0.0,9,yellow_tripdata_2025-09.parquet
2,2025-09-08 23:51:54,2025-09-08 23:57:41,,0.76,,,246,68,0,7.47,0.0,0.5,0.0,0.0,1.0,12.22,,,0.75,9,yellow_tripdata_2025-09.parquet
2,2025-09-24 12:11:54,2025-09-24 12:42:01,1.0,1.12,1.0,N,100,163,1,24.0,0.0,0.5,5.75,0.0,1.0,34.5,2.5,0.0,0.75,9,yellow_tripdata_2025-09.parquet
1,2025-09-02 12:57:00,2025-09-02 13:00:26,2.0,0.8,1.0,N,262,263,1,5.8,2.5,0.5,1.47,0.0,1.0,11.27,2.5,0.0,0.0,9,yellow_tripdata_2025-09.parquet
7,2025-09-24 19:44:04,2025-09-24 19:44:04,2.0,2.64,1.0,Y,79,161,4,17.0,0.0,0.5,0.0,0.0,1.0,24.25,2.5,0.0,0.75,9,yellow_tripdata_2025-09.parquet
2,2025-09-28 19:00:21,2025-09-28 19:05:41,1.0,1.1,1.0,N,263,140,1,7.9,0.0,0.5,2.38,0.0,1.0,14.28,2.5,0.0,0.0,9,yellow_tripdata_2025-09.parquet
2,2025-09-09 08:04:26,2025-09-09 08:16:24,2.0,1.83,1.0,N,143,162,1,12.8,0.0,0.5,3.51,0.0,1.0,21.06,2.5,0.0,0.75,9,yellow_tripdata_2025-09.parquet
2,2025-09-02 15:20:38,2025-09-02 15:32:22,2.0,1.67,1.0,N,239,230,1,12.8,0.0,0.5,1.0,0.0,1.0,18.55,2.5,0.0,0.75,9,yellow_tripdata_2025-09.parquet
2,2025-09-20 17:37:32,2025-09-20 17:40:20,1.0,0.56,1.0,N,231,261,2,5.1,0.0,0.5,0.0,0.0,1.0,9.85,2.5,0.0,0.75,9,yellow_tripdata_2025-09.parquet
1,2025-09-07 11:08:45,2025-09-07 11:52:57,1.0,10.6,1.0,N,132,17,2,47.1,1.75,0.5,0.0,0.0,1.0,50.35,0.0,1.75,0.0,9,yellow_tripdata_2025-09.parquet
2,2025-09-13 20:35:16,2025-09-13 20:48:47,1.0,2.61,1.0,N,162,263,1,14.9,1.0,0.5,4.13,0.0,1.0,24.78,2.5,0.0,0.75,9,yellow_tripdata_2025-09.parquet
2,2025-09-19 10:12:20,2025-09-19 10:35:38,2.0,1.78,1.0,N,163,43,1,19.8,0.0,0.5,4.91,0.0,1.0,29.46,2.5,0.0,0.75,9,yellow_tripdata_2025-09.parquet
2,2025-09-07 12:34:18,2025-09-07 12:40:31,,0.58,,,162,233,0,57.65,0.0,0.5,0.0,0.0,1.0,62.4,,,0.75,9,yellow_tripdata_2025-09.parquet
2,2025-09-03 00:16:55,2025-09-03 00:27:11,,1.83,,,92,171,0,24.51,0.0,0.5,0.0,0.0,1.0,26.01,,,0.0,9,yellow_tripdata_2025-09.parquet
2,2025-09-25 14:59:34,2025-09-25 15:08:33,1.0,1.13,1.0,N,186,158,2,10.0,0.0,0.5,0.0,0.0,1.0,14.75,2.5,0.0,0.75,9,yellow_tripdata_2025-09.parquet
7,2025-09-06 13:55:52,2025-09-06 13:55:52,1.0,5.09,1.0,N,148,158,1,26.8,0.0,0.5,9.46,0.0,1.0,41.01,2.5,0.0,0.75,9,yellow_tripdata_2025-09.parquet
2,2025-09-14 14:57:37,2025-09-14 15:05:00,1.0,1.41,1.0,N,100,249,1,9.3,0.0,0.5,2.81,0.0,1.0,16.86,2.5,0.0,0.75,9,yellow_tripdata_2025-09.parquet
2,2025-09-08 12:11:12,2025-09-08 13:13:23,2.0,18.59,1.0,N,132,55,2,78.6,0.0,0.5,0.0,0.0,1.0,81.85,0.0,1.75,0.0,9,yellow_tripdata_2025-09.parquet
2,2025-09-17 20:17:52,2025-09-17 20:25:03,1.0,1.61,1.0,N,236,41,1,10.0,1.0,0.5,1.0,0.0,1.0,16.0,2.5,0.0,0.0,9,yellow_tripdata_2025-09.parquet
2,2025-09-18 19:30:18,2025-09-18 20:27:39,1.0,26.16,1.0,N,132,40,1,102.4,2.5,0.5,26.6,0.0,1.0,134.75,0.0,1.75,0.0,9,yellow_tripdata_2025-09.parquet
2,2025-09-12 22:30:12,2025-09-12 23:06:38,1.0,3.84,1.0,N,231,17,1,33.8,1.0,0.5,4.0,0.0,1.0,43.55,2.5,0.0,0.75,9,yellow_tripdata_2025-09.parquet
1,2025-09-18 18:00:56,2025-09-18 19:20:27,1.0,12.2,99.0,N,146,182,1,35.5,0.0,0.5,0.0,6.94,0.0,42.94,0.0,0.0,0.0,9,yellow_tripdata_2025-09.parquet
2,2025-09-21 01:35:02,2025-09-21 01:41:41,1.0,1.52,1.0,N,162,234,1,9.3,1.0,0.5,3.01,0.0,1.0,18.06,2.5,0.0,0.75,9,yellow_tripdata_2025-09.parquet
2,2025-09-24 06:39:42,2025-09-24 06:45:34,6.0,0.98,1.0,N,137,186,1,7.9,0.0,0.5,2.53,0.0,1.0,15.18,2.5,0.0,0.75,9,yellow_tripdata_2025-09.parquet
2,2025-09-24 11:31:33,2025-09-24 11:48:25,1.0,2.23,1.0,N,107,68,1,16.3,0.0,0.5,2.0,0.0,1.0,23.05,2.5,0.0,0.75,9,yellow_tripdata_2025-09.parquet
2,2025-09-26 23:56:56,2025-09-27 00:10:31,1.0,2.17,1.0,N,113,233,1,14.2,1.0,0.5,3.99,0.0,1.0,23.94,2.5,0.0,0.75,9,yellow_tripdata_2025-09.parquet
2,2025-09-30 22:47:59,2025-09-30 22:50:22,1.0,0.69,1.0,N,229,170,1,5.1,1.0,0.5,1.08,0.0,1.0,11.93,2.5,0.0,0.75,9,yellow_tripdata_2025-09.parquet
2,2025-09-26 22:05:11,2025-09-26 22:05:58,1.0,0.0,1.0,N,162,162,3,-3.0,-1.0,-0.5,0.0,0.0,-1.0,-8.75,-2.5,0.0,-0.75,9,yellow_tripdata_2025-09.parquet
1,2025-09-30 09:42:34,2025-09-30 10:07:47,1.0,5.3,99.0,N,40,22,1,28.5,0.0,0.5,0.0,0.0,0.0,29.0,0.0,0.0,0.0,9,yellow_tripdata_2025-09.parquet
2,2025-09-12 15:10:12,2025-09-12 15:22:28,1.0,1.51,1.0,N,211,90,1,12.1,0.0,0.5,2.0,0.0,1.0,18.85,2.5,0.0,0.75,9,yellow_tripdata_2025-09.parquet
2,2025-09-22 17:48:08,2025-09-22 18:00:38,1.0,0.97,1.0,N,186,170,1,11.4,2.5,0.5,3.73,0.0,1.0,22.38,2.5,0.0,0.75,9,yellow_tripdata_2025-09.parquet
2,2025-09-06 01:02:21,2025-09-06 01:09:58,,1.02,,,79,114,0,10.55,0.0,0.5,0.0,0.0,1.0,15.3,,,0.75,9,yellow_tripdata_2025-09.parquet
2,2025-09-28 18:02:37,2025-09-28 18:22:17,1.0,4.95,1.0,N,132,10,1,24.7,0.0,0.5,5.59,0.0,1.0,33.54,0.0,1.75,0.0,9,yellow_tripdata_2025-09.parquet
2,2025-09-06 18:10:57,2025-09-06 18:32:11,2.0,1.79,1.0,N,158,48,1,18.4,0.0,0.5,5.79,0.0,1.0,28.94,2.5,0.0,0.75,9,yellow_tripdata_2025-09.parquet
2,2025-09-28 14:24:35,2025-09-28 14:41:47,1.0,2.06,1.0,N,137,142,1,17.0,0.0,0.5,4.35,0.0,1.0,26.1,2.5,0.0,0.75,9,yellow_tripdata_2025-09.parquet
2,2025-09-24 19:57:00,2025-09-24 20:02:00,,1.43,,,239,151,0,7.25,0.0,0.5,0.0,0.0,1.0,11.25,,,0.0,9,yellow_tripdata_2025-09.parquet
2,2025-09-06 12:01:17,2025-09-06 12:21:00,4.0,2.04,1.0,N,186,237,1,18.4,0.0,0.5,4.63,0.0,1.0,27.78,2.5,0.0,0.75,9,yellow_tripdata_2025-09.parquet
1,2025-09-02 10:28:52,2025-09-02 10:43:40,1.0,1.7,1.0,N,237,162,1,14.2,3.25,0.5,1.0,0.0,1.0,19.95,2.5,0.0,0.75,9,yellow_tripdata_2025-09.parquet
2,2025-09-29 13:17:08,2025-09-29 13:23:45,1.0,1.2,1.0,N,143,163,1,8.6,0.0,0.5,3.34,0.0,1.0,16.69,2.5,0.0,0.75,9,yellow_tripdata_2025-09.parquet
2,2025-09-06 21:26:31,2025-09-06 21:50:41,,7.11,,,69,254,0,29.75,0.0,0.5,0.0,0.0,1.0,31.25,,,0.0,9,yellow_tripdata_2025-09.parquet
2,2025-09-22 12:32:42,2025-09-22 12:37:57,1.0,0.69,1.0,N,162,141,1,7.2,0.0,0.5,2.99,0.0,1.0,14.94,2.5,0.0,0.75,9,yellow_tripdata_2025-09.parquet
2,2025-09-01 14:14:11,2025-09-01 14:57:48,2.0,15.77,1.0,N,132,80,1,61.8,0.0,0.5,8.0,0.0,1.0,73.05,0.0,1.75,0.0,9,yellow_tripdata_2025-09.parquet
1,2025-09-12 17:32:53,2025-09-12 17:54:35,2.0,4.4,1.0,N,87,144,1,25.4,5.75,0.5,0.0,0.0,1.0,32.65,2.5,0.0,0.75,9,yellow_tripdata_2025-09.parquet
2,2025-09-14 18:09:52,2025-09-14 18:14:52,1.0,0.56,1.0,N,170,164,1,6.5,0.0,0.5,2.25,0.0,1.0,13.5,2.5,0.0,0.75,9,yellow_tripdata_2025-09.parquet
2,2025-09-25 21:16:24,2025-09-25 21:44:17,,0.0,,,232,161,0,26.43,0.0,0.5,0.0,0.0,1.0,31.18,,,0.75,9,yellow_tripdata_2025-09.parquet
2,2025-09-30 18:27:05,2025-09-30 18:31:26,1.0,0.64,1.0,N,166,41,1,6.5,2.5,0.5,2.1,0.0,1.0,12.6,0.0,0.0,0.0,9,yellow_tripdata_2025-09.parquet
2,2025-09-27 02:43:05,2025-09-27 02:43:10,1.0,0.0,5.0,N,68,68,1,25.0,0.0,0.0,3.0,0.0,1.0,32.25,2.5,0.0,0.75,9,yellow_tripdata_2025-09.parquet
2,2025-09-05 17:41:01,2025-09-05 18:31:37,2.0,11.13,1.0,N,138,164,1,57.6,7.5,0.5,15.36,6.94,1.0,93.9,2.5,1.75,0.75,9,yellow_tripdata_2025-09.parquet
2,2025-09-17 21:20:04,2025-09-17 21:44:54,,5.41,,,162,87,0,25.45,0.0,0.5,0.0,0.0,1.0,30.2,,,0.75,9,yellow_tripdata_2025-09.parquet
2,2025-09-09 08:54:32,2025-09-09 09:19:25,1.0,3.49,1.0,N,234,66,1,24.0,0.0,0.5,4.31,0.0,1.0,33.06,2.5,0.0,0.75,9,yellow_tripdata_2025-09.parquet
2,2025-09-08 17:06:04,2025-09-08 17:15:20,1.0,1.05,1.0,N,107,79,1,10.0,2.5,0.5,3.45,0.0,1.0,20.7,2.5,0.0,0.75,9,yellow_tripdata_2025-09.parquet
2,2025-09-17 19:50:43,2025-09-17 20:04:28,1.0,2.36,1.0,N,48,238,1,14.9,2.5,0.5,5.54,0.0,1.0,27.69,2.5,0.0,0.75,9,yellow_tripdata_2025-09.parquet
1,2025-10-20 18:25:52,2025-10-20 18:38:37,1.0,1.6,1.0,N,246,161,1,12.1,5.75,0.5,3.85,0.0,1.0,23.2,2.5,0.0,0.75,10,yellow_tripdata_2025-10.parquet
2,2025-10-22 08:43:33,2025-10-22 08:51:35,1.0,0.66,1.0,N,137,107,4,8.6,0.0,0.5,0.0,0.0,1.0,13.35,2.5,0.0,0.75,10,yellow_tripdata_2025-10.parquet
2,2025-10-25 19:38:12,2025-10-25 19:52:29,1.0,2.5,1.0,N,211,246,1,15.6,0.0,0.5,2.0,0.0,1.0,22.35,2.5,0.0,0.75,10,yellow_tripdata_2025-10.parquet
1,2025-10-29 22:46:26,2025-10-29 22:50:55,1.0,0.7,1.0,N,68,249,1,6.5,4.25,0.5,2.45,0.0,1.0,14.7,2.5,0.0,0.75,10,yellow_tripdata_2025-10.parquet
2,2025-10-05 14:02:31,2025-10-05 14:06:45,1.0,0.7,1.0,N,237,236,1,6.5,0.0,0.5,2.1,0.0,1.0,12.6,2.5,0.0,0.0,10,yellow_tripdata_2025-10.parquet
1,2025-10-18 09:43:17,2025-10-18 09:55:53,,2.1,,,79,162,0,11.94,0.0,0.5,0.0,0.0,1.0,16.69,,,0.75,10,yellow_tripdata_2025-10.parquet
1,2025-10-02 14:45:35,2025-10-02 14:55:51,1.0,1.1,1.0,N,170,186,1,10.7,3.25,0.5,3.05,0.0,1.0,18.5,2.5,0.0,0.75,10,yellow_tripdata_2025-10.parquet
1,2025-10-27 13:24:25,2025-10-27 13:32:07,1.0,1.5,1.0,N,231,249,1,8.6,3.25,0.5,2.0,0.0,1.0,15.35,2.5,0.0,0.75,10,yellow_tripdata_2025-10.parquet
2,2025-10-25 00:20:00,2025-10-25 00:31:51,4.0,2.44,1.0,N,68,50,1,13.5,1.0,0.5,3.85,0.0,1.0,23.1,2.5,0.0,0.75,10,yellow_tripdata_2025-10.parquet
2,2025-10-07 21:37:29,2025-10-07 21:45:42,1.0,1.65,1.0,N,261,211,1,10.7,1.0,0.5,3.29,0.0,1.0,19.74,2.5,0.0,0.75,10,yellow_tripdata_2025-10.parquet
2,2025-10-21 21:45:13,2025-10-21 22:25:04,1.0,16.2,1.0,N,132,38,1,64.6,1.0,0.5,0.0,0.0,1.0,68.85,0.0,1.75,0.0,10,yellow_tripdata_2025-10.parquet
2,2025-10-28 13:48:46,2025-10-28 14:01:32,1.0,0.61,1.0,N,162,162,1,12.1,0.0,0.5,3.37,0.0,1.0,20.22,2.5,0.0,0.75,10,yellow_tripdata_2025-10.parquet
2,2025-10-30 11:47:36,2025-10-30 12:03:08,1.0,0.94,1.0,N,249,114,1,13.5,0.0,0.5,3.65,0.0,1.0,21.9,2.5,0.0,0.75,10,yellow_tripdata_2025-10.parquet
2,2025-10-08 21:32:46,2025-10-08 21:43:24,1.0,0.84,1.0,N,170,229,2,10.7,1.0,0.5,0.0,0.0,1.0,16.45,2.5,0.0,0.75,10,yellow_tripdata_2025-10.parquet
2,2025-10-10 09:41:46,2025-10-10 09:54:13,1.0,1.79,1.0,N,236,161,1,13.5,0.0,0.5,3.65,0.0,1.0,21.9,2.5,0.0,0.75,10,yellow_tripdata_2025-10.parquet
2,2025-10-13 17:14:40,2025-10-13 17:26:52,,2.05,,,263,229,0,12.43,0.0,0.5,0.0,0.0,1.0,17.18,,,0.75,10,yellow_tripdata_2025-10.parquet
1,2025-10-19 19:11:37,2025-10-19 19:30:15,1.0,8.2,1.0,N,138,170,1,32.4,10.0,0.5,10.15,6.94,1.0,60.99,2.5,1.75,0.75,10,yellow_tripdata_2025-10.parquet
2,2025-10-28 17:07:50,2025-10-28 17:21:30,1.0,2.55,1.0,N,74,262,1,14.9,2.5,0.5,4.28,0.0,1.0,25.68,2.5,0.0,0.0,10,yellow_tripdata_2025-10.parquet
1,2025-10-21 11:58:13,2025-10-21 12:43:36,1.0,12.8,1.0,N,138,161,1,59.0,10.0,0.5,10.0,6.94,1.0,87.44,2.5,1.75,0.75,10,yellow_tripdata_2025-10.parquet
2,2025-10-08 20:07:02,2025-10-08 20:14:52,3.0,1.09,1.0,N,87,231,2,9.3,1.0,0.5,0.0,0.0,1.0,15.05,2.5,0.0,0.75,10,yellow_tripdata_2025-10.parquet
2,2025-10-07 20:43:28,2025-10-07 21:20:17,1.0,6.0,1.0,N,234,37,1,35.2,1.0,0.5,4.1,0.0,1.0,45.05,2.5,0.0,0.75,10,yellow_tripdata_2025-10.parquet
1,2025-10-12 21:02:58,2025-10-12 21:16:49,1.0,2.3,1.0,N,246,162,1,12.8,4.25,0.5,3.7,0.0,1.0,22.25,2.5,0.0,0.75,10,yellow_tripdata_2025-10.parquet
1,2025-10-01 15:25:25,2025-10-01 15:29:18,1.0,0.4,1.0,N,141,140,2,5.8,2.5,0.5,0.0,0.0,1.0,9.8,2.5,0.0,0.0,10,yellow_tripdata_2025-10.parquet
2,2025-10-15 17:14:24,2025-10-15 17:56:52,,0.02,,,79,138,0,54.39,0.0,0.5,11.83,0.0,1.0,70.97,,,0.75,10,yellow_tripdata_2025-10.parquet
2,2025-10-13 06:02:04,2025-10-13 06:06:58,1.0,0.84,1.0,N,162,230,1,6.5,1.0,0.5,2.45,0.0,1.0,14.7,2.5,0.0,0.75,10,yellow_tripdata_2025-10.parquet
1,2025-10-19 13:53:53,2025-10-19 14:11:16,,2.1,,,107,209,0,15.13,0.0,0.5,0.0,0.0,1.0,19.88,,,0.75,10,yellow_tripdata_2025-10.parquet
2,2025-10-07 09:58:21,2025-10-07 10:22:02,1.0,4.32,1.0,N,87,234,1,25.4,0.0,0.5,2.0,0.0,1.0,32.15,2.5,0.0,0.75,10,yellow_tripdata_2025-10.parquet
2,2025-10-31 09:29:58,2025-10-31 09:34:32,1.0,0.73,1.0,N,237,236,1,6.5,0.0,0.5,2.0,0.0,1.0,12.5,2.5,0.0,0.0,10,yellow_tripdata_2025-10.parquet
2,2025-10-22 15:55:10,2025-10-22 17:09:16,1.0,16.89,2.0,N,164,132,1,70.0,0.0,0.5,20.42,6.94,1.0,102.11,2.5,0.0,0.75,10,yellow_tripdata_2025-10.parquet
2,2025-10-22 23:02:00,2025-10-22 23:06:22,,2.16,,,75,140,0,-3.52,0.0,0.5,0.0,0.0,1.0,0.48,,,0.0,10,yellow_tripdata_2025-10.parquet
2,2025-10-15 21:51:47,2025-10-15 22:14:22,1.0,6.56,1.0,N,230,112,1,29.6,1.0,0.5,8.46,6.94,1.0,50.75,2.5,0.0,0.75,10,yellow_tripdata_2025-10.parquet
2,2025-10-31 23:07:37,2025-10-31 23:37:07,,3.46,,,246,141,0,2.28,0.0,0.5,0.0,0.0,1.0,7.03,,,0.75,10,yellow_tripdata_2025-10.parquet
2,2025-10-28 09:53:45,2025-10-28 10:00:27,1.0,1.05,1.0,N,144,148,1,8.6,0.0,0.5,2.67,0.0,1.0,16.02,2.5,0.0,0.75,10,yellow_tripdata_2025-10.parquet
2,2025-10-02 22:51:12,2025-10-02 22:56:45,1.0,1.22,1.0,N,186,249,1,7.9,1.0,0.5,2.73,0.0,1.0,16.38,2.5,0.0,0.75,10,yellow_tripdata_2025-10.parquet
2,2025-10-17 12:46:43,2025-10-17 13:16:09,4.0,3.76,1.0,N,68,209,1,27.5,0.0,0.5,8.06,0.0,1.0,40.31,2.5,0.0,0.75,10,yellow_tripdata_2025-10.parquet
1,2025-10-22 14:57:05,2025-10-22 15:01:10,1.0,0.8,1.0,N,238,151,1,5.8,0.0,0.5,1.45,0.0,1.0,8.75,0.0,0.0,0.0,10,yellow_tripdata_2025-10.parquet
2,2025-10-23 21:54:34,2025-10-23 22:14:58,1.0,5.32,1.0,N,87,161,1,26.8,1.0,0.5,6.51,0.0,1.0,39.06,2.5,0.0,0.75,10,yellow_tripdata_2025-10.parquet
2,2025-10-21 18:40:10,2025-10-21 18:57:25,2.0,4.8,1.0,N,132,215,1,21.9,2.5,0.5,5.18,0.0,1.0,32.83,0.0,1.75,0.0,10,yellow_tripdata_2025-10.parquet
2,2025-10-07 23:30:02,2025-10-07 23:49:25,1.0,4.77,1.0,N,249,140,1,22.6,1.0,0.5,5.0,0.0,1.0,33.35,2.5,0.0,0.75,10,yellow_tripdata_2025-10.parquet
2,2025-10-27 16:11:27,2025-10-27 16:19:11,,0.0,,,161,161,0,-0.07,0.0,0.5,0.0,0.0,1.0,4.68,,,0.75,10,yellow_tripdata_2025-10.parquet
2,2025-10-09 23:43:02,2025-10-09 23:51:54,,1.33,,,114,79,0,-4.75,0.0,0.5,0.0,0.0,1.0,3.0,,,0.75,10,yellow_tripdata_2025-10.parquet
1,2025-10-04 18:16:46,2025-10-04 18:28:29,,1.4,,,233,224,0,11.0,0.0,0.5,0.0,0.0,1.0,15.75,,,0.75,10,yellow_tripdata_2025-10.parquet
2,2025-10-30 09:24:31,2025-10-30 09:58:02,1.0,13.06,1.0,N,170,138,1,53.4,5.0,0.5,14.02,6.94,1.0,84.11,2.5,0.0,0.75,10,yellow_tripdata_2025-10.parquet
1,2025-10-18 14:04:35,2025-10-18 14:27:23,,3.3,,,159,18,0,20.1,0.0,0.5,0.0,0.0,1.0,21.6,,,0.0,10,yellow_tripdata_2025-10.parquet
2,2025-10-06 13:29:34,2025-10-06 13:37:15,1.0,0.86,1.0,N,239,142,2,9.3,0.0,0.5,0.0,0.0,1.0,13.3,2.5,0.0,0.0,10,yellow_tripdata_2025-10.parquet
2,2025-10-01 21:49:00,2025-10-01 22:00:41,1.0,3.36,1.0,N,79,209,1,17.7,1.0,0.5,4.69,0.0,1.0,28.14,2.5,0.0,0.75,10,yellow_tripdata_2025-10.parquet
1,2025-10-09 12:43:05,2025-10-09 13:07:50,1.0,10.3,1.0,N,262,138,1,40.8,7.5,0.5,11.35,6.94,1.0,68.09,2.5,0.0,0.0,10,yellow_tripdata_2025-10.parquet
2,2025-10-15 17:23:44,2025-10-15 17:41:36,1.0,1.8,1.0,N,162,142,1,15.6,2.5,0.5,2.5,0.0,1.0,25.35,2.5,0.0,0.75,10,yellow_tripdata_2025-10.parquet
2,2025-10-15 18:38:15,2025-10-15 19:09:43,1.0,2.39,1.0,N,140,230,1,26.1,2.5,0.5,6.67,0.0,1.0,40.02,2.5,0.0,0.75,10,yellow_tripdata_2025-10.parquet
2,2025-10-04 08:59:12,2025-10-04 09:18:29,1.0,1.24,1.0,N,141,163,1,17.0,0.0,0.5,4.35,0.0,1.0,26.1,2.5,0.0,0.75,10,yellow_tripdata_2025-10.parquet
1,2025-10-31 13:13:11,2025-10-31 14:14:47,,13.0,,,132,181,0,67.4,1.75,0.5,10.6,0.0,1.0,81.25,,,0.0,10,yellow_tripdata_2025-10.parquet
2,2025-10-27 10:30:43,2025-10-27 10:33:12,1.0,0.24,1.0,N,140,141,1,4.4,0.0,0.5,1.68,0.0,1.0,10.08,2.5,0.0,0.0,10,yellow_tripdata_2025-10.parquet
2,2025-10-29 01:26:15,2025-10-29 01:45:20,,4.21,,,186,151,0,-5.14,0.0,0.5,0.0,0.0,1.0,-0.39,,,0.75,10,yellow_tripdata_2025-10.parquet
2,2025-10-18 16:32:24,2025-10-18 16:44:53,1.0,0.96,1.0,N,249,234,1,11.4,0.0,0.5,2.5,0.0,1.0,18.65,2.5,0.0,0.75,10,yellow_tripdata_2025-10.parquet
1,2025-10-17 15:33:31,2025-10-17 15:45:01,1.0,1.2,1.0,N,140,237,1,10.7,2.5,0.5,4.4,0.0,1.0,19.1,2.5,0.0,0.0,10,yellow_tripdata_2025-10.parquet
1,2025-10-15 12:21:10,2025-10-15 12:48:25,1.0,4.6,1.0,N,48,88,2,27.5,3.25,0.5,0.0,0.0,1.0,32.25,2.5,0.0,0.75,10,yellow_tripdata_2025-10.parquet
2,2025-10-04 17:21:28,2025-10-04 17:38:02,1.0,1.38,1.0,N,107,164,4,-14.9,0.0,-0.5,0.0,0.0,-1.0,-19.65,-2.5,0.0,-0.75,10,yellow_tripdata_2025-10.parquet
2,2025-10-13 17:12:21,2025-10-13 17:19:12,1.0,1.22,1.0,N,236,239,1,8.6,0.0,0.5,2.4,0.0,1.0,15.0,2.5,0.0,0.0,10,yellow_tripdata_2025-10.parquet
1,2025-10-11 20:52:47,2025-10-11 20:58:30,1.0,0.6,1.0,N,230,186,2,7.2,4.25,0.5,0.0,0.0,1.0,12.95,2.5,0.0,0.75,10,yellow_tripdata_2025-10.parquet
2,2025-10-15 11:47:53,2025-10-15 12:09:53,1.0,8.4,1.0,N,138,75,1,35.2,5.0,0.5,10.08,6.94,1.0,60.47,0.0,1.75,0.0,10,yellow_tripdata_2025-10.parquet
2,2025-10-26 15:25:07,2025-10-26 15:59:35,,4.38,,,125,237,0,-4.75,0.0,0.5,0.0,0.0,1.0,16.52,,,0.75,10,yellow_tripdata_2025-10.parquet
2,2025-10-17 10:32:43,2025-10-17 10:43:27,1.0,0.8,1.0,N,141,237,1,10.0,0.0,0.5,2.0,0.0,1.0,16.0,2.5,0.0,0.0,10,yellow_tripdata_2025-10.parquet
2,2025-10-31 07:40:28,2025-10-31 08:52:16,1.0,19.55,2.0,N,132,238,1,70.0,0.0,0.5,16.19,6.94,1.0,98.88,2.5,1.75,0.0,10,yellow_tripdata_2025-10.parquet
1,2025-10-10 21:48:11,2025-10-10 22:04:27,1.0,2.4,1.0,N,113,87,1,14.9,4.25,0.5,3.0,0.0,1.0,23.65,2.5,0.0,0.75,10,yellow_tripdata_2025-10.parquet
1,2025-10-27 13:12:15,2025-10-27 13:23:04,1.0,3.0,1.0,N,68,13,2,15.6,3.25,0.5,0.0,0.0,1.0,20.35,2.5,0.0,0.75,10,yellow_tripdata_2025-10.parquet
2,2025-10-12 15:32:03,2025-10-12 16:11:08,,15.94,,,25,235,0,51.04,0.0,0.5,0.0,0.0,1.0,55.79,,,0.75,10,yellow_tripdata_2025-10.parquet
1,2025-10-31 10:43:14,2025-10-31 11:07:13,1.0,2.8,1.0,N,43,234,1,20.5,3.25,0.5,4.5,0.0,1.0,29.75,2.5,0.0,0.75,10,yellow_tripdata_2025-10.parquet
2,2025-10-16 20:09:25,2025-10-16 20:15:04,1.0,1.38,1.0,N,238,143,1,8.6,1.0,0.5,2.72,0.0,1.0,16.32,2.5,0.0,0.0,10,yellow_tripdata_2025-10.parquet
1,2025-10-04 00:36:47,2025-10-04 00:51:59,,1.8,,,249,148,0,14.13,0.0,0.5,0.0,0.0,1.0,18.88,,,0.75,10,yellow_tripdata_2025-10.parquet
2,2025-10-08 22:07:12,2025-10-08 22:10:57,1.0,0.56,1.0,N,236,236,1,5.8,1.0,0.5,2.16,0.0,1.0,12.96,2.5,0.0,0.0,10,yellow_tripdata_2025-10.parquet
2,2025-10-09 16:34:32,2025-10-09 16:46:27,1.0,1.18,1.0,N,263,75,1,11.4,2.5,0.5,3.0,0.0,1.0,20.9,2.5,0.0,0.0,10,yellow_tripdata_2025-10.parquet
2,2025-10-10 18:06:48,2025-10-10 18:56:37,,0.0,,,17,137,0,38.77,0.0,0.5,0.0,0.0,1.0,43.52,,,0.75,10,yellow_tripdata_2025-10.parquet
1,2025-10-02 11:22:31,2025-10-02 11:34:20,1.0,2.5,99.0,N,219,216,1,20.5,0.0,0.5,0.0,0.0,0.0,21.0,0.0,0.0,0.0,10,yellow_tripdata_2025-10.parquet
2,2025-10-12 14:05:16,2025-10-12 14:24:33,2.0,4.69,1.0,N,166,48,1,24.0,0.0,0.5,5.75,0.0,1.0,34.5,2.5,0.0,0.75,10,yellow_tripdata_2025-10.parquet
2,2025-10-27 10:35:22,2025-10-27 10:53:49,1.0,5.31,1.0,N,162,88,2,26.8,0.0,0.5,0.0,0.0,1.0,31.55,2.5,0.0,0.75,10,yellow_tripdata_2025-10.parquet
2,2025-10-28 16:16:19,2025-10-28 16:43:27,1.0,2.77,1.0,N,161,249,1,24.0,0.0,0.5,3.0,0.0,1.0,31.75,2.5,0.0,0.75,10,yellow_tripdata_2025-10.parquet
2,2025-10-14 23:25:35,2025-10-14 23:38:51,,3.82,,,164,232,0,16.41,0.0,0.5,0.0,0.0,1.0,21.16,,,0.75,10,yellow_tripdata_2025-10.parquet
2,2025-10-20 09:22:55,2025-10-20 09:31:40,4.0,0.93,1.0,N,161,100,1,9.3,0.0,0.5,2.81,0.0,1.0,16.86,2.5,0.0,0.75,10,yellow_tripdata_2025-10.parquet
2,2025-10-08 22:12:31,2025-10-08 22:28:49,1.0,3.11,1.0,N,237,90,1,19.1,1.0,0.5,4.97,0.0,1.0,29.82,2.5,0.0,0.75,10,yellow_tripdata_2025-10.parquet
1,2025-10-22 07:09:43,2025-10-22 07:19:11,1.0,2.7,1.0,N,231,234,1,13.5,3.25,0.5,3.65,0.0,1.0,21.9,2.5,0.0,0.75,10,yellow_tripdata_2025-10.parquet
2,2025-10-11 19:48:01,2025-10-11 20:08:33,,2.26,,,144,186,0,-4.75,0.0,0.5,0.0,0.0,1.0,4.62,,,0.75,10,yellow_tripdata_2025-10.parquet
1,2025-10-29 22:11:51,2025-10-29 22:52:10,,8.0,,,17,141,0,34.75,0.0,0.5,0.0,0.0,1.0,38.75,,,0.0,10,yellow_tripdata_2025-10.parquet
2,2025-10-08 08:40:45,2025-10-08 08:53:38,,1.43,,,237,161,0,17.3,0.0,0.5,0.0,0.0,1.0,22.05,,,0.75,10,yellow_tripdata_2025-10.parquet
1,2025-10-26 13:08:00,2025-10-26 13:18:18,,2.1,,,162,263,0,10.8,0.0,0.5,0.0,0.0,1.0,15.55,,,0.75,10,yellow_tripdata_2025-10.parquet
2,2025-10-12 21:04:39,2025-10-12 21:17:08,1.0,2.61,1.0,N,211,164,1,14.9,1.0,0.5,2.0,0.0,1.0,22.65,2.5,0.0,0.75,10,yellow_tripdata_2025-10.parquet
2,2025-10-01 18:12:43,2025-10-01 19:09:06,2.0,15.73,2.0,N,132,230,1,70.0,5.0,0.5,17.34,6.94,1.0,104.03,2.5,0.0,0.75,10,yellow_tripdata_2025-10.parquet
1,2025-10-08 14:28:18,2025-10-08 14:38:30,1.0,1.6,1.0,N,113,170,1,10.7,3.25,0.5,3.1,0.0,1.0,18.55,2.5,0.0,0.75,10,yellow_tripdata_2025-10.parquet
2,2025-10-27 15:55:07,2025-10-27 16:00:30,2.0,0.9,1.0,N,13,231,1,7.2,0.0,0.5,0.0,0.0,1.0,11.95,2.5,0.0,0.75,10,yellow_tripdata_2025-10.parquet
2,2025-10-24 23:39:43,2025-10-24 23:59:38,1.0,2.58,1.0,N,48,249,1,18.4,1.0,0.5,0.0,0.0,1.0,24.15,2.5,0.0,0.75,10,yellow_tripdata_2025-10.parquet
2,2025-10-25 20:17:56,2025-10-25 20:31:25,2.0,1.66,1.0,N,170,68,1,12.8,1.0,0.5,3.71,0.0,1.0,22.26,2.5,0.0,0.75,10,yellow_tripdata_2025-10.parquet
2,2025-10-04 19:45:34,2025-10-04 19:57:04,2.0,1.34,1.0,N,161,170,2,11.4,0.0,0.5,0.0,0.0,1.0,16.15,2.5,0.0,0.75,10,yellow_tripdata_2025-10.parquet
2,2025-10-24 23:26:47,2025-10-24 23:40:32,1.0,1.75,1.0,N,234,170,1,14.2,1.0,0.5,3.99,0.0,1.0,23.94,2.5,0.0,0.75,10,yellow_tripdata_2025-10.parquet
2,2025-10-16 18:37:21,2025-10-16 18:52:55,1.0,1.42,1.0,N,234,161,1,14.9,2.5,0.5,4.43,0.0,1.0,26.58,2.5,0.0,0.75,10,yellow_tripdata_2025-10.parquet
2,2025-10-21 14:21:14,2025-10-21 14:33:18,1.0,1.46,1.0,N,114,158,1,12.1,0.0,0.5,2.0,0.0,1.0,18.85,2.5,0.0,0.75,10,yellow_tripdata_2025-10.parquet
2,2025-10-11 20:34:53,2025-10-11 20:39:53,1.0,0.57,1.0,N,236,263,1,6.5,1.0,0.5,2.0,0.0,1.0,13.5,2.5,0.0,0.0,10,yellow_tripdata_2025-10.parquet
2,2025-10-04 19:25:36,2025-10-04 20:00:47,,7.86,,,4,223,0,31.99,0.0,0.5,0.0,0.0,1.0,36.74,,,0.75,10,yellow_tripdata_2025-10.parquet
2,2025-10-05 00:20:02,2025-10-05 00:24:15,1.0,1.04,1.0,N,141,237,1,7.2,1.0,0.5,2.59,0.0,1.0,15.54,2.5,0.0,0.75,10,yellow_tripdata_2025-10.parquet
2,2025-10-08 09:25:29,2025-10-08 09:34:20,1.0,0.0,1.0,N,170,234,1,8.6,0.0,0.5,2.67,0.0,1.0,16.02,2.5,0.0,0.75,10,yellow_tripdata_2025-10.parquet
2,2025-10-01 21:01:22,2025-10-01 21:06:01,5.0,1.0,1.0,N,113,211,1,6.5,1.0,0.5,3.68,0.0,1.0,15.93,2.5,0.0,0.75,10,yellow_tripdata_2025-10.parquet
2,2025-10-21 17:34:42,2025-10-21 17:40:45,1.0,0.85,1.0,N,237,263,1,7.2,2.5,0.5,4.11,0.0,1.0,17.81,2.5,0.0,0.0,10,yellow_tripdata_2025-10.parquet
2,2025-10-19 18:51:45,2025-10-19 18:58:35,1.0,1.15,1.0,N,263,237,1,8.6,0.0,0.5,3.15,0.0,1.0,15.75,2.5,0.0,0.0,10,yellow_tripdata_2025-10.parquet
2,2025-10-13 07:46:50,2025-10-13 08:10:49,1.0,11.08,1.0,N,132,61,2,44.3,0.0,0.5,0.0,0.0,1.0,47.55,0.0,1.75,0.0,10,yellow_tripdata_2025-10.parquet
2,2025-10-23 05:32:30,2025-10-23 05:44:19,,3.62,,,237,42,0,2.05,0.0,0.5,0.0,0.0,1.0,6.8,,,0.75,10,yellow_tripdata_2025-10.parquet
2,2025-10-04 15:50:56,2025-10-04 15:56:17,1.0,0.94,1.0,N,144,231,4,7.2,0.0,0.5,0.0,0.0,1.0,11.95,2.5,0.0,0.75,10,yellow_tripdata_2025-10.parquet
2,2025-10-21 14:09:31,2025-10-21 15:01:11,1.0,12.09,1.0,N,88,138,1,56.2,5.0,0.5,13.19,0.0,1.0,79.14,2.5,0.0,0.75,10,yellow_tripdata_2025-10.parquet
2,2025-10-16 11:04:07,2025-10-16 11:17:43,1.0,1.45,1.0,N,237,262,1,12.8,0.0,0.5,1.68,0.0,1.0,18.48,2.5,0.0,0.0,10,yellow_tripdata_2025-10.parquet
2,2025-10-06 16:34:51,2025-10-06 16:37:38,1.0,0.5,1.0,N,236,236,1,5.1,2.5,0.5,2.9,0.0,1.0,14.5,2.5,0.0,0.0,10,yellow_tripdata_2025-10.parquet
1,2025-10-20 05:35:43,2025-10-20 06:48:02,1.0,10.0,99.0,N,218,49,1,36.5,0.0,0.5,0.0,0.0,0.0,37.0,0.0,0.0,0.0,10,yellow_tripdata_2025-10.parquet
1,2025-10-06 21:21:30,2025-10-06 21:29:44,1.0,1.2,1.0,N,234,48,1,8.6,4.25,0.5,3.6,0.0,1.0,17.95,2.5,0.0,0.75,10,yellow_tripdata_2025-10.parquet
2,2025-10-19 00:47:37,2025-10-19 00:55:16,,0.9,,,209,231,0,13.79,0.0,0.5,0.0,0.0,1.0,18.54,,,0.75,10,yellow_tripdata_2025-10.parquet
2,2025-10-26 01:50:45,2025-10-26 01:58:58,3.0,0.86,1.0,N,114,232,1,8.6,1.0,0.5,2.87,0.0,1.0,17.22,2.5,0.0,0.75,10,yellow_tripdata_2025-10.parquet
2,2025-10-28 08:37:19,2025-10-28 08:39:23,1.0,0.23,1.0,N,229,162,1,4.4,0.0,0.5,1.5,0.0,1.0,10.65,2.5,0.0,0.75,10,yellow_tripdata_2025-10.parquet
2,2025-10-21 14:50:34,2025-10-21 15:01:30,1.0,0.83,1.0,N,163,100,2,10.7,0.0,0.5,0.0,0.0,1.0,15.45,2.5,0.0,0.75,10,yellow_tripdata_2025-10.parquet
1,2025-10-12 14:47:34,2025-10-12 15:07:19,1.0,2.7,1.0,N,144,230,1,19.8,3.25,0.5,4.9,0.0,1.0,29.45,2.5,0.0,0.75,10,yellow_tripdata_2025-10.parquet
2,2025-10-17 18:40:25,2025-10-17 18:59:56,1.0,4.02,1.0,N,143,42,1,20.5,2.5,0.5,2.7,0.0,1.0,29.7,2.5,0.0,0.0,10,yellow_tripdata_2025-10.parquet
2,2025-10-26 12:58:20,2025-10-26 13:15:13,1.0,2.32,1.0,N,186,148,1,16.3,0.0,0.5,2.1,0.0,1.0,23.15,2.5,0.0,0.75,10,yellow_tripdata_2025-10.parquet
2,2025-10-28 16:29:42,2025-10-28 16:46:51,1.0,1.03,1.0,N,163,229,1,14.9,2.5,0.5,3.5,0.0,1.0,25.65,2.5,0.0,0.75,10,yellow_tripdata_2025-10.parquet
2,2025-10-12 01:55:52,2025-10-12 02:19:42,1.0,6.47,1.0,N,249,80,1,31.0,1.0,0.5,7.35,0.0,1.0,44.1,2.5,0.0,0.75,10,yellow_tripdata_2025-10.parquet
2,2025-10-01 21:51:11,2025-10-01 21:57:03,1.0,0.5,1.0,N,68,68,1,7.2,1.0,0.5,2.59,0.0,1.0,15.54,2.5,0.0,0.75,10,yellow_tripdata_2025-10.parquet
2,2025-10-03 12:24:34,2025-10-03 12:38:19,1.0,1.68,1.0,N,236,161,1,13.5,0.0,0.5,3.65,0.0,1.0,21.9,2.5,0.0,0.75,10,yellow_tripdata_2025-10.parquet
1,2025-10-31 23:20:26,2025-10-31 23:39:04,1.0,2.1,1.0,N,234,229,1,17.0,4.25,0.5,5.7,0.0,1.0,28.45,2.5,0.0,0.75,10,yellow_tripdata_2025-10.parquet
2,2025-10-13 17:11:32,2025-10-13 17:20:15,,1.31,,,236,163,0,10.6,0.0,0.5,0.0,0.0,1.0,15.35,,,0.75,10,yellow_tripdata_2025-10.parquet
2,2025-10-24 19:57:04,2025-10-24 20:11:14,,3.27,,,263,233,0,-3.47,0.0,0.5,0.0,0.0,1.0,1.28,,,0.75,10,yellow_tripdata_2025-10.parquet
2,2025-10-11 00:25:16,2025-10-11 00:37:54,,2.11,,,249,161,0,-4.75,0.0,0.5,0.0,0.0,1.0,4.96,,,0.75,10,yellow_tripdata_2025-10.parquet
2,2025-10-14 15:03:06,2025-10-14 15:17:18,1.0,2.32,1.0,N,236,151,1,15.6,0.0,0.5,3.92,0.0,1.0,23.52,2.5,0.0,0.0,10,yellow_tripdata_2025-10.parquet
1,2025-10-16 16:07:43,2025-10-16 16:31:45,1.0,1.4,1.0,N,163,164,1,19.8,5.75,0.5,5.4,0.0,1.0,32.45,2.5,0.0,0.75,10,yellow_tripdata_2025-10.parquet
2,2025-10-08 03:42:49,2025-10-08 03:56:36,,2.96,,,262,230,0,13.04,0.0,0.5,0.0,0.0,1.0,17.79,,,0.75,10,yellow_tripdata_2025-10.parquet
2,2025-10-21 22:16:25,2025-10-21 22:36:06,1.0,9.33,1.0,N,138,238,1,38.0,6.0,0.5,10.99,6.94,1.0,67.68,2.5,1.75,0.0,10,yellow_tripdata_2025-10.parquet
2,2025-10-05 09:16:45,2025-10-05 09:29:20,,3.33,,,151,48,0,19.91,0.0,0.5,0.0,0.0,1.0,24.66,,,0.75,10,yellow_tripdata_2025-10.parquet
2,2025-10-30 21:47:49,2025-10-30 21:53:36,1.0,0.79,1.0,N,90,234,1,7.2,1.0,0.5,2.59,0.0,1.0,15.54,2.5,0.0,0.75,10,yellow_tripdata_2025-10.parquet
2,2025-10-29 17:50:29,2025-10-29 18:53:55,,0.0,,,186,265,0,-18.31,0.0,0.0,0.0,16.06,1.0,-0.5,,,0.75,10,yellow_tripdata_2025-10.parquet
1,2025-10-26 18:40:22,2025-10-26 19:06:02,1.0,3.0,99.0,N,17,35,1,21.5,0.0,0.5,0.0,0.0,0.0,22.0,0.0,0.0,0.0,10,yellow_tripdata_2025-10.parquet
2,2025-10-25 13:02:44,2025-10-25 13:30:50,,6.07,,,42,142,0,0.3,0.0,0.5,0.0,0.0,1.0,5.05,,,0.75,10,yellow_tripdata_2025-10.parquet
2,2025-10-05 09:25:13,2025-10-05 09:47:20,,4.72,,,232,61,0,24.7,0.0,0.5,0.0,0.0,1.0,29.45,,,0.75,10,yellow_tripdata_2025-10.parquet
2,2025-10-09 19:31:12,2025-10-09 19:49:21,2.0,2.01,1.0,N,79,164,1,16.3,2.5,0.5,4.71,0.0,1.0,28.26,2.5,0.0,0.75,10,yellow_tripdata_2025-10.parquet
2,2025-10-06 00:16:45,2025-10-06 00:24:14,,2.0,,,145,112,0,9.16,0.0,0.5,0.0,0.0,1.0,10.66,,,0.0,10,yellow_tripdata_2025-10.parquet
2,2025-10-01 08:17:11,2025-10-01 08:47:20,,2.69,,,89,181,0,24.5,0.0,0.5,0.0,0.0,1.0,26.0,,,0.0,10,yellow_tripdata_2025-10.parquet
2,2025-10-16 17:27:18,2025-10-16 17:35:29,1.0,1.15,1.0,N,142,141,1,9.3,2.5,0.5,3.16,0.0,1.0,18.96,2.5,0.0,0.0,10,yellow_tripdata_2025-10.parquet
2,2025-10-10 16:19:51,2025-10-10 16:21:47,3.0,0.25,5.0,N,265,265,3,-75.0,0.0,0.0,0.0,0.0,-1.0,-76.0,0.0,0.0,0.0,10,yellow_tripdata_2025-10.parquet
2,2025-10-31 17:11:01,2025-10-31 17:20:36,1.0,1.23,1.0,N,75,236,1,10.0,2.5,0.5,3.3,0.0,1.0,19.8,2.5,0.0,0.0,10,yellow_tripdata_2025-10.parquet
2,2025-10-22 18:19:19,2025-10-22 18:40:10,3.0,1.31,1.0,N,234,230,1,17.7,2.5,0.5,5.0,0.0,1.0,29.95,2.5,0.0,0.75,10,yellow_tripdata_2025-10.parquet
2,2025-10-16 07:11:07,2025-10-16 07:31:48,,6.42,,,263,167,0,23.58,0.0,0.5,0.0,6.94,1.0,34.52,,,0.0,10,yellow_tripdata_2025-10.parquet
2,2025-10-23 15:07:55,2025-10-23 15:27:49,1.0,2.02,1.0,N,237,170,1,18.4,0.0,0.5,5.79,0.0,1.0,28.94,2.5,0.0,0.75,10,yellow_tripdata_2025-10.parquet
2,2025-10-14 15:04:21,2025-10-14 15:17:32,1.0,1.52,1.0,N,236,237,2,13.5,0.0,0.5,0.0,0.0,1.0,17.5,2.5,0.0,0.0,10,yellow_tripdata_2025-10.parquet
2,2025-10-18 18:46:45,2025-10-18 19:04:08,,2.75,,,17,25,0,18.67,0.0,0.5,0.0,0.0,1.0,20.17,,,0.0,10,yellow_tripdata_2025-10.parquet
2,2025-10-06 09:46:25,2025-10-06 10:07:53,1.0,2.65,1.0,N,143,162,1,20.5,0.0,0.5,2.0,0.0,1.0,27.25,2.5,0.0,0.75,10,yellow_tripdata_2025-10.parquet
2,2025-10-27 07:18:10,2025-10-27 07:30:57,,2.44,,,224,161,0,1.14,0.0,0.5,0.0,0.0,1.0,5.89,,,0.75,10,yellow_tripdata_2025-10.parquet
2,2025-10-10 05:24:24,2025-10-10 05:39:41,,4.14,,,43,231,0,26.37,0.0,0.5,0.0,0.0,1.0,31.12,,,0.75,10,yellow_tripdata_2025-10.parquet
2,2025-10-27 13:03:52,2025-10-27 13:15:45,2.0,1.49,1.0,N,162,43,1,12.1,0.0,0.5,3.37,0.0,1.0,20.22,2.5,0.0,0.75,10,yellow_tripdata_2025-10.parquet
2,2025-10-07 09:07:47,2025-10-07 09:35:41,,6.44,,,158,75,0,33.78,0.0,0.5,0.0,0.0,1.0,38.53,,,0.75,10,yellow_tripdata_2025-10.parquet
2,2025-10-09 19:35:35,2025-10-09 20:16:32,,7.36,,,166,224,0,-4.75,0.0,0.5,0.0,0.0,1.0,9.25,,,0.75,10,yellow_tripdata_2025-10.parquet
2,2025-10-24 11:46:23,2025-10-24 12:03:52,1.0,2.4,1.0,N,234,231,1,17.0,0.0,0.5,3.0,0.0,1.0,24.75,2.5,0.0,0.75,10,yellow_tripdata_2025-10.parquet
1,2025-10-06 08:20:23,2025-10-06 08:35:00,1.0,1.7,1.0,N,234,158,1,12.8,3.25,0.5,3.51,0.0,1.0,21.06,2.5,0.0,0.75,10,yellow_tripdata_2025-10.parquet
2,2025-10-05 12:45:48,2025-10-05 12:57:35,2.0,1.73,1.0,N,88,232,1,12.8,0.0,0.5,3.51,0.0,1.0,21.06,2.5,0.0,0.75,10,yellow_tripdata_2025-10.parquet
2,2025-10-17 17:30:36,2025-10-17 17:37:01,3.0,0.81,1.0,N,161,237,1,7.2,2.5,0.5,2.89,0.0,1.0,17.34,2.5,0.0,0.75,10,yellow_tripdata_2025-10.parquet
2,2025-10-30 23:11:52,2025-10-30 23:27:44,,2.07,,,50,140,0,-7.9,0.0,0.5,0.0,0.0,1.0,1.64,,,0.75,10,yellow_tripdata_2025-10.parquet
2,2025-10-14 14:45:36,2025-10-14 14:53:39,1.0,1.08,1.0,N,237,162,1,9.3,0.0,0.5,1.4,0.0,1.0,15.45,2.5,0.0,0.75,10,yellow_tripdata_2025-10.parquet
2,2025-10-15 20:40:05,2025-10-15 20:44:52,1.0,0.8,1.0,N,246,68,1,7.2,1.0,0.5,2.0,0.0,1.0,14.95,2.5,0.0,0.75,10,yellow_tripdata_2025-10.parquet
2,2025-10-19 18:27:19,2025-10-19 18:40:32,1.0,1.23,1.0,N,170,186,1,12.1,0.0,0.5,3.37,0.0,1.0,20.22,2.5,0.0,0.75,10,yellow_tripdata_2025-10.parquet
2,2025-10-04 19:07:50,2025-10-04 19:57:24,2.0,20.1,2.0,N,132,142,1,70.0,0.0,0.5,16.19,6.94,1.0,98.88,2.5,1.75,0.0,10,yellow_tripdata_2025-10.parquet
2,2025-10-20 23:59:03,2025-10-21 00:09:39,1.0,6.74,3.0,N,132,139,2,46.1,1.0,0.0,0.0,0.0,1.0,49.85,0.0,1.75,0.0,10,yellow_tripdata_2025-10.parquet
1,2025-10-03 18:41:53,2025-10-03 18:48:12,1.0,0.7,1.0,N,163,142,1,7.2,5.75,0.5,2.85,0.0,1.0,17.3,2.5,0.0,0.75,10,yellow_tripdata_2025-10.parquet
2,2025-10-02 22:50:30,2025-10-02 23:00:57,1.0,2.87,1.0,N,144,33,1,14.9,1.0,0.5,3.1,0.0,1.0,23.75,2.5,0.0,0.75,10,yellow_tripdata_2025-10.parquet
2,2025-10-13 15:15:54,2025-10-13 15:24:36,1.0,1.3,1.0,N,107,125,1,9.3,0.0,0.5,2.81,0.0,1.0,16.86,2.5,0.0,0.75,10,yellow_tripdata_2025-10.parquet
2,2025-10-23 08:00:35,2025-10-23 08:09:54,1.0,1.46,1.0,N,236,161,1,10.7,0.0,0.5,3.09,0.0,1.0,18.54,2.5,0.0,0.75,10,yellow_tripdata_2025-10.parquet
1,2025-10-04 17:22:53,2025-10-04 17:35:08,1.0,3.7,1.0,N,132,216,2,18.4,1.75,0.5,0.0,0.0,1.0,21.65,0.0,1.75,0.0,10,yellow_tripdata_2025-10.parquet
1,2025-10-24 22:44:34,2025-10-24 23:14:46,1.0,4.3,1.0,N,113,239,1,26.1,4.25,0.5,6.35,0.0,1.0,38.2,2.5,0.0,0.75,10,yellow_tripdata_2025-10.parquet
2,2025-10-16 13:01:24,2025-10-16 13:21:15,1.0,2.39,1.0,N,161,238,1,19.1,0.0,0.5,4.77,0.0,1.0,28.62,2.5,0.0,0.75,10,yellow_tripdata_2025-10.parquet
1,2025-10-26 21:57:25,2025-10-26 22:24:39,1.0,17.0,2.0,N,132,170,1,70.0,5.0,0.5,16.65,6.94,1.0,100.09,2.5,1.75,0.75,10,yellow_tripdata_2025-10.parquet
2,2025-10-01 20:01:17,2025-10-01 20:09:39,1.0,1.71,1.0,N,142,238,1,10.7,1.0,0.5,3.14,0.0,1.0,19.59,2.5,0.0,0.75,10,yellow_tripdata_2025-10.parquet
2,2025-10-16 10:23:24,2025-10-16 10:50:54,1.0,2.11,1.0,N,246,113,1,23.3,0.0,0.5,5.61,0.0,1.0,33.66,2.5,0.0,0.75,10,yellow_tripdata_2025-10.parquet
2,2025-10-25 14:38:33,2025-10-25 14:42:36,1.0,0.67,1.0,N,231,261,1,5.8,0.0,0.5,2.11,0.0,1.0,12.66,2.5,0.0,0.75,10,yellow_tripdata_2025-10.parquet
1,2025-10-31 16:38:56,2025-10-31 16:53:22,1.0,1.7,1.0,N,43,264,1,14.2,5.75,0.5,5.0,0.0,1.0,26.45,2.5,0.0,0.75,10,yellow_tripdata_2025-10.parquet
1,2025-10-07 07:54:11,2025-10-07 08:02:39,,0.8,,,244,120,0,6.31,0.0,0.5,0.0,0.0,1.0,7.81,,,0.0,10,yellow_tripdata_2025-10.parquet
7,2025-10-05 12:45:09,2025-10-05 12:45:09,1.0,7.24,1.0,N,234,112,1,35.9,0.0,0.5,8.13,0.0,1.0,48.78,2.5,0.0,0.75,10,yellow_tripdata_2025-10.parquet
2,2025-10-31 02:15:49,2025-10-31 02:21:13,,1.23,,,68,48,0,-0.71,0.0,0.5,0.0,0.0,1.0,4.04,,,0.75,10,yellow_tripdata_2025-10.parquet
2,2025-10-02 09:03:49,2025-10-02 09:23:35,2.0,1.5,1.0,N,161,163,2,17.0,0.0,0.5,0.0,0.0,1.0,21.75,2.5,0.0,0.75,10,yellow_tripdata_2025-10.parquet
1,2025-10-31 23:23:39,2025-10-31 23:35:25,1.0,1.9,1.0,N,107,229,1,12.8,4.25,0.5,4.65,0.0,1.0,23.2,2.5,0.0,0.75,10,yellow_tripdata_2025-10.parquet
1,2025-10-06 22:01:20,2025-10-06 23:11:42,1.0,12.6,99.0,N,50,77,1,52.5,0.0,0.5,0.0,0.0,0.0,53.0,0.0,0.0,0.0,10,yellow_tripdata_2025-10.parquet
2,2025-10-22 11:03:07,2025-10-22 11:38:06,1.0,2.43,1.0,N,236,170,1,28.9,0.0,0.5,6.73,0.0,1.0,40.38,2.5,0.0,0.75,10,yellow_tripdata_2025-10.parquet
1,2025-10-07 18:11:01,2025-10-07 18:24:04,2.0,1.7,1.0,N,142,236,1,13.5,5.0,0.5,4.0,0.0,1.0,24.0,2.5,0.0,0.0,10,yellow_tripdata_2025-10.parquet
2,2025-10-23 23:34:25,2025-10-23 23:46:54,2.0,1.79,1.0,N,79,186,1,12.8,1.0,0.5,2.78,0.0,1.0,21.33,2.5,0.0,0.75,10,yellow_tripdata_2025-10.parquet
2,2025-10-14 19:10:09,2025-10-14 19:15:51,1.0,0.76,1.0,N,141,229,1,7.2,2.5,0.5,2.89,0.0,1.0,17.34,2.5,0.0,0.75,10,yellow_tripdata_2025-10.parquet
2,2025-10-27 09:04:02,2025-10-27 09:11:01,1.0,1.25,1.0,N,50,161,1,8.6,0.0,0.5,2.67,0.0,1.0,16.02,2.5,0.0,0.75,10,yellow_tripdata_2025-10.parquet
1,2025-10-04 12:53:24,2025-10-04 13:04:08,1.0,1.2,1.0,N,236,238,1,11.4,2.5,0.5,2.0,0.0,1.0,17.4,2.5,0.0,0.0,10,yellow_tripdata_2025-10.parquet
1,2025-10-22 15:07:50,2025-10-22 15:46:46,1.0,3.2,1.0,N,234,263,1,30.3,3.25,0.5,7.0,0.0,1.0,42.05,2.5,0.0,0.75,10,yellow_tripdata_2025-10.parquet
2,2025-10-29 13:44:17,2025-10-29 13:49:15,1.0,0.94,1.0,N,231,113,1,7.2,0.0,0.5,2.99,0.0,1.0,14.94,2.5,0.0,0.75,10,yellow_tripdata_2025-10.parquet
2,2025-10-15 22:16:04,2025-10-15 22:22:26,1.0,0.88,1.0,N,229,137,1,7.9,1.0,0.5,1.0,0.0,1.0,14.65,2.5,0.0,0.75,10,yellow_tripdata_2025-10.parquet
2,2025-10-12 17:45:01,2025-10-12 17:59:50,,1.13,,,113,164,0,-4.75,0.0,0.5,0.0,0.0,1.0,1.0,,,0.75,10,yellow_tripdata_2025-10.parquet
2,2025-10-29 13:52:11,2025-10-29 14:07:59,2.0,2.06,1.0,N,261,113,1,15.6,0.0,0.5,5.09,0.0,1.0,25.44,2.5,0.0,0.75,10,yellow_tripdata_2025-10.parquet
2,2025-10-12 01:04:46,2025-10-12 01:15:39,1.0,2.06,1.0,N,114,13,1,12.1,1.0,0.5,3.57,0.0,1.0,21.42,2.5,0.0,0.75,10,yellow_tripdata_2025-10.parquet
2,2025-10-22 22:51:43,2025-10-22 23:00:29,2.0,1.74,1.0,N,234,144,1,10.7,1.0,0.5,4.11,0.0,1.0,20.56,2.5,0.0,0.75,10,yellow_tripdata_2025-10.parquet
2,2025-10-12 09:48:24,2025-10-12 09:52:04,1.0,0.78,1.0,N,234,79,1,6.5,0.0,0.5,2.25,0.0,1.0,13.5,2.5,0.0,0.75,10,yellow_tripdata_2025-10.parquet
2,2025-10-11 19:23:09,2025-10-11 19:32:15,1.0,1.17,1.0,N,239,142,1,10.0,0.0,0.5,2.0,0.0,1.0,16.0,2.5,0.0,0.0,10,yellow_tripdata_2025-10.parquet
1,2025-10-14 04:12:56,2025-10-14 04:36:12,1.0,2.5,99.0,N,39,35,1,20.5,0.0,0.5,0.0,0.0,0.0,21.0,0.0,0.0,0.0,10,yellow_tripdata_2025-10.parquet
1,2025-10-07 14:48:30,2025-10-07 15:08:50,1.0,2.9,1.0,N,246,161,1,19.1,3.25,0.5,4.75,0.0,1.0,28.6,2.5,0.0,0.75,10,yellow_tripdata_2025-10.parquet
2,2025-10-19 12:58:46,2025-10-19 13:02:42,1.0,0.95,1.0,N,249,125,1,6.5,0.0,0.5,2.25,0.0,1.0,13.5,2.5,0.0,0.75,10,yellow_tripdata_2025-10.parquet
2,2025-10-02 21:26:38,2025-10-02 21:37:19,1.0,1.99,1.0,N,161,107,1,12.1,1.0,0.5,3.57,0.0,1.0,21.42,2.5,0.0,0.75,10,yellow_tripdata_2025-10.parquet
1,2025-10-02 14:17:33,2025-10-02 14:52:24,1.0,8.0,99.0,N,50,42,1,32.5,0.0,0.5,0.0,0.0,0.0,33.0,0.0,0.0,0.0,10,yellow_tripdata_2025-10.parquet
2,2025-10-08 17:52:16,2025-10-08 18:00:57,1.0,1.03,1.0,N,237,229,1,9.3,2.5,0.5,4.96,0.0,1.0,21.51,2.5,0.0,0.75,10,yellow_tripdata_2025-10.parquet
